// SPDX-License-Identifier: AGPL-3.0-only
// Generated by tools/gen_emoji.py from Unicode's emoji-test.txt (Version: 18.0): do not edit.
// Every fully-qualified emoji, in Unicode's order, in its group, with its name.
export module mux.logic.emoji_list;

import std;

export namespace mux::logic {

struct emoji_entry {
  std::string_view glyph;  // its UTF-8 bytes
  std::string_view name;
  bool toned = false;  // a skin tone's variant of another
};
struct emoji_group {
  std::string_view name;
  std::span<const emoji_entry> entries;
};

inline constexpr emoji_entry emoji_group_0[] = {
    {"\xf0\x9f\x98\x80", "grinning face", false},
    {"\xf0\x9f\x98\x83", "grinning face with big eyes", false},
    {"\xf0\x9f\x98\x84", "grinning face with smiling eyes", false},
    {"\xf0\x9f\x98\x81", "beaming face with smiling eyes", false},
    {"\xf0\x9f\x98\x86", "grinning squinting face", false},
    {"\xf0\x9f\x98\x85", "grinning face with sweat", false},
    {"\xf0\x9f\xa4\xa3", "rolling on the floor laughing", false},
    {"\xf0\x9f\x98\x82", "face with tears of joy", false},
    {"\xf0\x9f\x99\x82", "slightly smiling face", false},
    {"\xf0\x9f\x99\x83", "upside-down face", false},
    {"\xf0\x9f\xab\xa0", "melting face", false},
    {"\xf0\x9f\xab\xab", "cracking face", false},
    {"\xf0\x9f\x98\x89", "winking face", false},
    {"\xf0\x9f\x98\x8a", "smiling face with smiling eyes", false},
    {"\xf0\x9f\x98\x87", "smiling face with halo", false},
    {"\xf0\x9f\xa5\xb0", "smiling face with hearts", false},
    {"\xf0\x9f\x98\x8d", "smiling face with heart-eyes", false},
    {"\xf0\x9f\xa4\xa9", "star-struck", false},
    {"\xf0\x9f\x98\x98", "face blowing a kiss", false},
    {"\xf0\x9f\x98\x97", "kissing face", false},
    {"\xe2\x98\xba\xef\xb8\x8f", "smiling face", false},
    {"\xf0\x9f\x98\x9a", "kissing face with closed eyes", false},
    {"\xf0\x9f\x98\x99", "kissing face with smiling eyes", false},
    {"\xf0\x9f\xa5\xb2", "smiling face with tear", false},
    {"\xf0\x9f\x98\x8b", "face savoring food", false},
    {"\xf0\x9f\x98\x9b", "face with tongue", false},
    {"\xf0\x9f\x98\x9c", "winking face with tongue", false},
    {"\xf0\x9f\xa4\xaa", "zany face", false},
    {"\xf0\x9f\x98\x9d", "squinting face with tongue", false},
    {"\xf0\x9f\xa4\x91", "money-mouth face", false},
    {"\xf0\x9f\xa4\x97", "smiling face with open hands", false},
    {"\xf0\x9f\xa4\xad", "face with hand over mouth", false},
    {"\xf0\x9f\xab\xa2", "face with open eyes and hand over mouth", false},
    {"\xf0\x9f\xab\xa3", "face with peeking eye", false},
    {"\xf0\x9f\xa4\xab", "shushing face", false},
    {"\xf0\x9f\xa4\x94", "thinking face", false},
    {"\xf0\x9f\xab\xa1", "saluting face", false},
    {"\xf0\x9f\xa4\x90", "zipper-mouth face", false},
    {"\xf0\x9f\xa4\xa8", "face with raised eyebrow", false},
    {"\xf0\x9f\x98\x90", "neutral face", false},
    {"\xf0\x9f\x98\x91", "expressionless face", false},
    {"\xf0\x9f\x98\xb6", "face without mouth", false},
    {"\xf0\x9f\xab\xa5", "dotted line face", false},
    {"\xf0\x9f\x98\xb6\xe2\x80\x8d\xf0\x9f\x8c\xab\xef\xb8\x8f", "face in clouds", false},
    {"\xf0\x9f\x98\x8f", "smirking face", false},
    {"\xf0\x9f\x98\x92", "unamused face", false},
    {"\xf0\x9f\x99\x84", "face with rolling eyes", false},
    {"\xf0\x9f\x98\xac", "grimacing face", false},
    {"\xf0\x9f\x98\xae\xe2\x80\x8d\xf0\x9f\x92\xa8", "face exhaling", false},
    {"\xf0\x9f\xa4\xa5", "lying face", false},
    {"\xf0\x9f\xab\xa8", "shaking face", false},
    {"\xf0\x9f\x99\x82\xe2\x80\x8d\xe2\x86\x94\xef\xb8\x8f", "head shaking horizontally", false},
    {"\xf0\x9f\x99\x82\xe2\x80\x8d\xe2\x86\x95\xef\xb8\x8f", "head shaking vertically", false},
    {"\xf0\x9f\x98\x8c", "relieved face", false},
    {"\xf0\x9f\x98\x94", "pensive face", false},
    {"\xf0\x9f\x98\xaa", "sleepy face", false},
    {"\xf0\x9f\xa4\xa4", "drooling face", false},
    {"\xf0\x9f\x98\xb4", "sleeping face", false},
    {"\xf0\x9f\xab\xa9", "face with bags under eyes", false},
    {"\xf0\x9f\x98\xb7", "face with medical mask", false},
    {"\xf0\x9f\xa4\x92", "face with thermometer", false},
    {"\xf0\x9f\xa4\x95", "face with head-bandage", false},
    {"\xf0\x9f\xa4\xa2", "nauseated face", false},
    {"\xf0\x9f\xa4\xae", "face vomiting", false},
    {"\xf0\x9f\xa4\xa7", "sneezing face", false},
    {"\xf0\x9f\xa5\xb5", "hot face", false},
    {"\xf0\x9f\xa5\xb6", "cold face", false},
    {"\xf0\x9f\xa5\xb4", "woozy face", false},
    {"\xf0\x9f\x98\xb5", "face with crossed-out eyes", false},
    {"\xf0\x9f\x98\xb5\xe2\x80\x8d\xf0\x9f\x92\xab", "face with spiral eyes", false},
    {"\xf0\x9f\xa4\xaf", "exploding head", false},
    {"\xf0\x9f\xa4\xa0", "cowboy hat face", false},
    {"\xf0\x9f\xa5\xb3", "partying face", false},
    {"\xf0\x9f\xa5\xb8", "disguised face", false},
    {"\xf0\x9f\x98\x8e", "smiling face with sunglasses", false},
    {"\xf0\x9f\xa4\x93", "nerd face", false},
    {"\xf0\x9f\xa7\x90", "face with monocle", false},
    {"\xf0\x9f\x98\x95", "confused face", false},
    {"\xf0\x9f\xab\xa4", "face with diagonal mouth", false},
    {"\xf0\x9f\x98\x9f", "worried face", false},
    {"\xf0\x9f\x99\x81", "slightly frowning face", false},
    {"\xe2\x98\xb9\xef\xb8\x8f", "frowning face", false},
    {"\xf0\x9f\x98\xae", "face with open mouth", false},
    {"\xf0\x9f\x98\xaf", "hushed face", false},
    {"\xf0\x9f\x98\xb2", "astonished face", false},
    {"\xf0\x9f\x98\xb3", "flushed face", false},
    {"\xf0\x9f\xab\xaa", "distorted face", false},
    {"\xf0\x9f\xa5\xba", "pleading face", false},
    {"\xf0\x9f\xa5\xb9", "face holding back tears", false},
    {"\xf0\x9f\x98\xa6", "frowning face with open mouth", false},
    {"\xf0\x9f\x98\xa7", "anguished face", false},
    {"\xf0\x9f\x98\xa8", "fearful face", false},
    {"\xf0\x9f\x98\xb0", "anxious face with sweat", false},
    {"\xf0\x9f\x98\xa5", "sad but relieved face", false},
    {"\xf0\x9f\x98\xa2", "crying face", false},
    {"\xf0\x9f\x98\xad", "loudly crying face", false},
    {"\xf0\x9f\x98\xb1", "face screaming in fear", false},
    {"\xf0\x9f\x98\x96", "confounded face", false},
    {"\xf0\x9f\x98\xa3", "persevering face", false},
    {"\xf0\x9f\x98\x9e", "disappointed face", false},
    {"\xf0\x9f\x98\x93", "downcast face with sweat", false},
    {"\xf0\x9f\x98\xa9", "weary face", false},
    {"\xf0\x9f\x98\xab", "tired face", false},
    {"\xf0\x9f\xa5\xb1", "yawning face", false},
    {"\xf0\x9f\x98\xa4", "face with steam from nose", false},
    {"\xf0\x9f\x98\xa1", "enraged face", false},
    {"\xf0\x9f\x98\xa0", "angry face", false},
    {"\xf0\x9f\xa4\xac", "face with symbols on mouth", false},
    {"\xf0\x9f\x98\x88", "smiling face with horns", false},
    {"\xf0\x9f\x91\xbf", "angry face with horns", false},
    {"\xf0\x9f\x92\x80", "skull", false},
    {"\xe2\x98\xa0\xef\xb8\x8f", "skull and crossbones", false},
    {"\xf0\x9f\x92\xa9", "pile of poo", false},
    {"\xf0\x9f\xa4\xa1", "clown face", false},
    {"\xf0\x9f\x91\xb9", "ogre", false},
    {"\xf0\x9f\x91\xba", "goblin", false},
    {"\xf0\x9f\x91\xbb", "ghost", false},
    {"\xf0\x9f\x91\xbd", "alien", false},
    {"\xf0\x9f\x91\xbe", "alien monster", false},
    {"\xf0\x9f\xa4\x96", "robot", false},
    {"\xf0\x9f\x98\xba", "grinning cat", false},
    {"\xf0\x9f\x98\xb8", "grinning cat with smiling eyes", false},
    {"\xf0\x9f\x98\xb9", "cat with tears of joy", false},
    {"\xf0\x9f\x98\xbb", "smiling cat with heart-eyes", false},
    {"\xf0\x9f\x98\xbc", "cat with wry smile", false},
    {"\xf0\x9f\x98\xbd", "kissing cat", false},
    {"\xf0\x9f\x99\x80", "weary cat", false},
    {"\xf0\x9f\x98\xbf", "crying cat", false},
    {"\xf0\x9f\x98\xbe", "pouting cat", false},
    {"\xf0\x9f\x99\x88", "see-no-evil monkey", false},
    {"\xf0\x9f\x99\x89", "hear-no-evil monkey", false},
    {"\xf0\x9f\x99\x8a", "speak-no-evil monkey", false},
    {"\xf0\x9f\x92\x8c", "love letter", false},
    {"\xf0\x9f\x92\x98", "heart with arrow", false},
    {"\xf0\x9f\x92\x9d", "heart with ribbon", false},
    {"\xf0\x9f\x92\x96", "sparkling heart", false},
    {"\xf0\x9f\x92\x97", "growing heart", false},
    {"\xf0\x9f\x92\x93", "beating heart", false},
    {"\xf0\x9f\x92\x9e", "revolving hearts", false},
    {"\xf0\x9f\x92\x95", "two hearts", false},
    {"\xf0\x9f\x92\x9f", "heart decoration", false},
    {"\xe2\x9d\xa3\xef\xb8\x8f", "heart exclamation", false},
    {"\xf0\x9f\x92\x94", "broken heart", false},
    {"\xe2\x9d\xa4\xef\xb8\x8f\xe2\x80\x8d\xf0\x9f\x94\xa5", "heart on fire", false},
    {"\xe2\x9d\xa4\xef\xb8\x8f\xe2\x80\x8d\xf0\x9f\xa9\xb9", "mending heart", false},
    {"\xe2\x9d\xa4\xef\xb8\x8f", "red heart", false},
    {"\xf0\x9f\xa9\xb7", "pink heart", false},
    {"\xf0\x9f\xa7\xa1", "orange heart", false},
    {"\xf0\x9f\x92\x9b", "yellow heart", false},
    {"\xf0\x9f\x92\x9a", "green heart", false},
    {"\xf0\x9f\x92\x99", "blue heart", false},
    {"\xf0\x9f\xa9\xb5", "light blue heart", false},
    {"\xf0\x9f\x92\x9c", "purple heart", false},
    {"\xf0\x9f\xa4\x8e", "brown heart", false},
    {"\xf0\x9f\x96\xa4", "black heart", false},
    {"\xf0\x9f\xa9\xb6", "grey heart", false},
    {"\xf0\x9f\xa4\x8d", "white heart", false},
    {"\xf0\x9f\x92\x8b", "kiss mark", false},
    {"\xf0\x9f\x92\xaf", "hundred points", false},
    {"\xf0\x9f\x92\xa2", "anger symbol", false},
    {"\xf0\x9f\xab\xaf", "fight cloud", false},
    {"\xf0\x9f\x92\xa5", "collision", false},
    {"\xf0\x9f\x92\xab", "dizzy", false},
    {"\xf0\x9f\x92\xa6", "sweat droplets", false},
    {"\xf0\x9f\x92\xa8", "dashing away", false},
    {"\xf0\x9f\x95\xb3\xef\xb8\x8f", "hole", false},
    {"\xf0\x9f\x92\xac", "speech balloon", false},
    {"\xf0\x9f\x91\x81\xef\xb8\x8f\xe2\x80\x8d\xf0\x9f\x97\xa8\xef\xb8\x8f", "eye in speech bubble", false},
    {"\xf0\x9f\x97\xa8\xef\xb8\x8f", "left speech bubble", false},
    {"\xf0\x9f\x97\xaf\xef\xb8\x8f", "right anger bubble", false},
    {"\xf0\x9f\x92\xad", "thought balloon", false},
    {"\xf0\x9f\x92\xa4", "ZZZ", false},
};
inline constexpr emoji_entry emoji_group_1[] = {
    {"\xf0\x9f\x91\x8b", "waving hand", false},
    {"\xf0\x9f\x91\x8b\xf0\x9f\x8f\xbb", "waving hand: light skin tone", true},
    {"\xf0\x9f\x91\x8b\xf0\x9f\x8f\xbc", "waving hand: medium-light skin tone", true},
    {"\xf0\x9f\x91\x8b\xf0\x9f\x8f\xbd", "waving hand: medium skin tone", true},
    {"\xf0\x9f\x91\x8b\xf0\x9f\x8f\xbe", "waving hand: medium-dark skin tone", true},
    {"\xf0\x9f\x91\x8b\xf0\x9f\x8f\xbf", "waving hand: dark skin tone", true},
    {"\xf0\x9f\xa4\x9a", "raised back of hand", false},
    {"\xf0\x9f\xa4\x9a\xf0\x9f\x8f\xbb", "raised back of hand: light skin tone", true},
    {"\xf0\x9f\xa4\x9a\xf0\x9f\x8f\xbc", "raised back of hand: medium-light skin tone", true},
    {"\xf0\x9f\xa4\x9a\xf0\x9f\x8f\xbd", "raised back of hand: medium skin tone", true},
    {"\xf0\x9f\xa4\x9a\xf0\x9f\x8f\xbe", "raised back of hand: medium-dark skin tone", true},
    {"\xf0\x9f\xa4\x9a\xf0\x9f\x8f\xbf", "raised back of hand: dark skin tone", true},
    {"\xf0\x9f\x96\x90\xef\xb8\x8f", "hand with fingers splayed", false},
    {"\xf0\x9f\x96\x90\xf0\x9f\x8f\xbb", "hand with fingers splayed: light skin tone", true},
    {"\xf0\x9f\x96\x90\xf0\x9f\x8f\xbc", "hand with fingers splayed: medium-light skin tone", true},
    {"\xf0\x9f\x96\x90\xf0\x9f\x8f\xbd", "hand with fingers splayed: medium skin tone", true},
    {"\xf0\x9f\x96\x90\xf0\x9f\x8f\xbe", "hand with fingers splayed: medium-dark skin tone", true},
    {"\xf0\x9f\x96\x90\xf0\x9f\x8f\xbf", "hand with fingers splayed: dark skin tone", true},
    {"\xe2\x9c\x8b", "raised hand", false},
    {"\xe2\x9c\x8b\xf0\x9f\x8f\xbb", "raised hand: light skin tone", true},
    {"\xe2\x9c\x8b\xf0\x9f\x8f\xbc", "raised hand: medium-light skin tone", true},
    {"\xe2\x9c\x8b\xf0\x9f\x8f\xbd", "raised hand: medium skin tone", true},
    {"\xe2\x9c\x8b\xf0\x9f\x8f\xbe", "raised hand: medium-dark skin tone", true},
    {"\xe2\x9c\x8b\xf0\x9f\x8f\xbf", "raised hand: dark skin tone", true},
    {"\xf0\x9f\x96\x96", "vulcan salute", false},
    {"\xf0\x9f\x96\x96\xf0\x9f\x8f\xbb", "vulcan salute: light skin tone", true},
    {"\xf0\x9f\x96\x96\xf0\x9f\x8f\xbc", "vulcan salute: medium-light skin tone", true},
    {"\xf0\x9f\x96\x96\xf0\x9f\x8f\xbd", "vulcan salute: medium skin tone", true},
    {"\xf0\x9f\x96\x96\xf0\x9f\x8f\xbe", "vulcan salute: medium-dark skin tone", true},
    {"\xf0\x9f\x96\x96\xf0\x9f\x8f\xbf", "vulcan salute: dark skin tone", true},
    {"\xf0\x9f\xab\xb1", "rightwards hand", false},
    {"\xf0\x9f\xab\xb1\xf0\x9f\x8f\xbb", "rightwards hand: light skin tone", true},
    {"\xf0\x9f\xab\xb1\xf0\x9f\x8f\xbc", "rightwards hand: medium-light skin tone", true},
    {"\xf0\x9f\xab\xb1\xf0\x9f\x8f\xbd", "rightwards hand: medium skin tone", true},
    {"\xf0\x9f\xab\xb1\xf0\x9f\x8f\xbe", "rightwards hand: medium-dark skin tone", true},
    {"\xf0\x9f\xab\xb1\xf0\x9f\x8f\xbf", "rightwards hand: dark skin tone", true},
    {"\xf0\x9f\xab\xb2", "leftwards hand", false},
    {"\xf0\x9f\xab\xb2\xf0\x9f\x8f\xbb", "leftwards hand: light skin tone", true},
    {"\xf0\x9f\xab\xb2\xf0\x9f\x8f\xbc", "leftwards hand: medium-light skin tone", true},
    {"\xf0\x9f\xab\xb2\xf0\x9f\x8f\xbd", "leftwards hand: medium skin tone", true},
    {"\xf0\x9f\xab\xb2\xf0\x9f\x8f\xbe", "leftwards hand: medium-dark skin tone", true},
    {"\xf0\x9f\xab\xb2\xf0\x9f\x8f\xbf", "leftwards hand: dark skin tone", true},
    {"\xf0\x9f\xab\xb3", "palm down hand", false},
    {"\xf0\x9f\xab\xb3\xf0\x9f\x8f\xbb", "palm down hand: light skin tone", true},
    {"\xf0\x9f\xab\xb3\xf0\x9f\x8f\xbc", "palm down hand: medium-light skin tone", true},
    {"\xf0\x9f\xab\xb3\xf0\x9f\x8f\xbd", "palm down hand: medium skin tone", true},
    {"\xf0\x9f\xab\xb3\xf0\x9f\x8f\xbe", "palm down hand: medium-dark skin tone", true},
    {"\xf0\x9f\xab\xb3\xf0\x9f\x8f\xbf", "palm down hand: dark skin tone", true},
    {"\xf0\x9f\xab\xb4", "palm up hand", false},
    {"\xf0\x9f\xab\xb4\xf0\x9f\x8f\xbb", "palm up hand: light skin tone", true},
    {"\xf0\x9f\xab\xb4\xf0\x9f\x8f\xbc", "palm up hand: medium-light skin tone", true},
    {"\xf0\x9f\xab\xb4\xf0\x9f\x8f\xbd", "palm up hand: medium skin tone", true},
    {"\xf0\x9f\xab\xb4\xf0\x9f\x8f\xbe", "palm up hand: medium-dark skin tone", true},
    {"\xf0\x9f\xab\xb4\xf0\x9f\x8f\xbf", "palm up hand: dark skin tone", true},
    {"\xf0\x9f\xab\xb7", "leftwards pushing hand", false},
    {"\xf0\x9f\xab\xb7\xf0\x9f\x8f\xbb", "leftwards pushing hand: light skin tone", true},
    {"\xf0\x9f\xab\xb7\xf0\x9f\x8f\xbc", "leftwards pushing hand: medium-light skin tone", true},
    {"\xf0\x9f\xab\xb7\xf0\x9f\x8f\xbd", "leftwards pushing hand: medium skin tone", true},
    {"\xf0\x9f\xab\xb7\xf0\x9f\x8f\xbe", "leftwards pushing hand: medium-dark skin tone", true},
    {"\xf0\x9f\xab\xb7\xf0\x9f\x8f\xbf", "leftwards pushing hand: dark skin tone", true},
    {"\xf0\x9f\xab\xb8", "rightwards pushing hand", false},
    {"\xf0\x9f\xab\xb8\xf0\x9f\x8f\xbb", "rightwards pushing hand: light skin tone", true},
    {"\xf0\x9f\xab\xb8\xf0\x9f\x8f\xbc", "rightwards pushing hand: medium-light skin tone", true},
    {"\xf0\x9f\xab\xb8\xf0\x9f\x8f\xbd", "rightwards pushing hand: medium skin tone", true},
    {"\xf0\x9f\xab\xb8\xf0\x9f\x8f\xbe", "rightwards pushing hand: medium-dark skin tone", true},
    {"\xf0\x9f\xab\xb8\xf0\x9f\x8f\xbf", "rightwards pushing hand: dark skin tone", true},
    {"\xf0\x9f\x91\x8c", "OK hand", false},
    {"\xf0\x9f\x91\x8c\xf0\x9f\x8f\xbb", "OK hand: light skin tone", true},
    {"\xf0\x9f\x91\x8c\xf0\x9f\x8f\xbc", "OK hand: medium-light skin tone", true},
    {"\xf0\x9f\x91\x8c\xf0\x9f\x8f\xbd", "OK hand: medium skin tone", true},
    {"\xf0\x9f\x91\x8c\xf0\x9f\x8f\xbe", "OK hand: medium-dark skin tone", true},
    {"\xf0\x9f\x91\x8c\xf0\x9f\x8f\xbf", "OK hand: dark skin tone", true},
    {"\xf0\x9f\xa4\x8c", "pinched fingers", false},
    {"\xf0\x9f\xa4\x8c\xf0\x9f\x8f\xbb", "pinched fingers: light skin tone", true},
    {"\xf0\x9f\xa4\x8c\xf0\x9f\x8f\xbc", "pinched fingers: medium-light skin tone", true},
    {"\xf0\x9f\xa4\x8c\xf0\x9f\x8f\xbd", "pinched fingers: medium skin tone", true},
    {"\xf0\x9f\xa4\x8c\xf0\x9f\x8f\xbe", "pinched fingers: medium-dark skin tone", true},
    {"\xf0\x9f\xa4\x8c\xf0\x9f\x8f\xbf", "pinched fingers: dark skin tone", true},
    {"\xf0\x9f\xa4\x8f", "pinching hand", false},
    {"\xf0\x9f\xa4\x8f\xf0\x9f\x8f\xbb", "pinching hand: light skin tone", true},
    {"\xf0\x9f\xa4\x8f\xf0\x9f\x8f\xbc", "pinching hand: medium-light skin tone", true},
    {"\xf0\x9f\xa4\x8f\xf0\x9f\x8f\xbd", "pinching hand: medium skin tone", true},
    {"\xf0\x9f\xa4\x8f\xf0\x9f\x8f\xbe", "pinching hand: medium-dark skin tone", true},
    {"\xf0\x9f\xa4\x8f\xf0\x9f\x8f\xbf", "pinching hand: dark skin tone", true},
    {"\xe2\x9c\x8c\xef\xb8\x8f", "victory hand", false},
    {"\xe2\x9c\x8c\xf0\x9f\x8f\xbb", "victory hand: light skin tone", true},
    {"\xe2\x9c\x8c\xf0\x9f\x8f\xbc", "victory hand: medium-light skin tone", true},
    {"\xe2\x9c\x8c\xf0\x9f\x8f\xbd", "victory hand: medium skin tone", true},
    {"\xe2\x9c\x8c\xf0\x9f\x8f\xbe", "victory hand: medium-dark skin tone", true},
    {"\xe2\x9c\x8c\xf0\x9f\x8f\xbf", "victory hand: dark skin tone", true},
    {"\xf0\x9f\xa4\x9e", "crossed fingers", false},
    {"\xf0\x9f\xa4\x9e\xf0\x9f\x8f\xbb", "crossed fingers: light skin tone", true},
    {"\xf0\x9f\xa4\x9e\xf0\x9f\x8f\xbc", "crossed fingers: medium-light skin tone", true},
    {"\xf0\x9f\xa4\x9e\xf0\x9f\x8f\xbd", "crossed fingers: medium skin tone", true},
    {"\xf0\x9f\xa4\x9e\xf0\x9f\x8f\xbe", "crossed fingers: medium-dark skin tone", true},
    {"\xf0\x9f\xa4\x9e\xf0\x9f\x8f\xbf", "crossed fingers: dark skin tone", true},
    {"\xf0\x9f\xab\xb0", "hand with index finger and thumb crossed", false},
    {"\xf0\x9f\xab\xb0\xf0\x9f\x8f\xbb", "hand with index finger and thumb crossed: light skin tone", true},
    {"\xf0\x9f\xab\xb0\xf0\x9f\x8f\xbc", "hand with index finger and thumb crossed: medium-light skin tone", true},
    {"\xf0\x9f\xab\xb0\xf0\x9f\x8f\xbd", "hand with index finger and thumb crossed: medium skin tone", true},
    {"\xf0\x9f\xab\xb0\xf0\x9f\x8f\xbe", "hand with index finger and thumb crossed: medium-dark skin tone", true},
    {"\xf0\x9f\xab\xb0\xf0\x9f\x8f\xbf", "hand with index finger and thumb crossed: dark skin tone", true},
    {"\xf0\x9f\xa4\x9f", "love-you gesture", false},
    {"\xf0\x9f\xa4\x9f\xf0\x9f\x8f\xbb", "love-you gesture: light skin tone", true},
    {"\xf0\x9f\xa4\x9f\xf0\x9f\x8f\xbc", "love-you gesture: medium-light skin tone", true},
    {"\xf0\x9f\xa4\x9f\xf0\x9f\x8f\xbd", "love-you gesture: medium skin tone", true},
    {"\xf0\x9f\xa4\x9f\xf0\x9f\x8f\xbe", "love-you gesture: medium-dark skin tone", true},
    {"\xf0\x9f\xa4\x9f\xf0\x9f\x8f\xbf", "love-you gesture: dark skin tone", true},
    {"\xf0\x9f\xa4\x98", "sign of the horns", false},
    {"\xf0\x9f\xa4\x98\xf0\x9f\x8f\xbb", "sign of the horns: light skin tone", true},
    {"\xf0\x9f\xa4\x98\xf0\x9f\x8f\xbc", "sign of the horns: medium-light skin tone", true},
    {"\xf0\x9f\xa4\x98\xf0\x9f\x8f\xbd", "sign of the horns: medium skin tone", true},
    {"\xf0\x9f\xa4\x98\xf0\x9f\x8f\xbe", "sign of the horns: medium-dark skin tone", true},
    {"\xf0\x9f\xa4\x98\xf0\x9f\x8f\xbf", "sign of the horns: dark skin tone", true},
    {"\xf0\x9f\xa4\x99", "call me hand", false},
    {"\xf0\x9f\xa4\x99\xf0\x9f\x8f\xbb", "call me hand: light skin tone", true},
    {"\xf0\x9f\xa4\x99\xf0\x9f\x8f\xbc", "call me hand: medium-light skin tone", true},
    {"\xf0\x9f\xa4\x99\xf0\x9f\x8f\xbd", "call me hand: medium skin tone", true},
    {"\xf0\x9f\xa4\x99\xf0\x9f\x8f\xbe", "call me hand: medium-dark skin tone", true},
    {"\xf0\x9f\xa4\x99\xf0\x9f\x8f\xbf", "call me hand: dark skin tone", true},
    {"\xf0\x9f\x91\x88", "backhand index pointing left", false},
    {"\xf0\x9f\x91\x88\xf0\x9f\x8f\xbb", "backhand index pointing left: light skin tone", true},
    {"\xf0\x9f\x91\x88\xf0\x9f\x8f\xbc", "backhand index pointing left: medium-light skin tone", true},
    {"\xf0\x9f\x91\x88\xf0\x9f\x8f\xbd", "backhand index pointing left: medium skin tone", true},
    {"\xf0\x9f\x91\x88\xf0\x9f\x8f\xbe", "backhand index pointing left: medium-dark skin tone", true},
    {"\xf0\x9f\x91\x88\xf0\x9f\x8f\xbf", "backhand index pointing left: dark skin tone", true},
    {"\xf0\x9f\x91\x89", "backhand index pointing right", false},
    {"\xf0\x9f\x91\x89\xf0\x9f\x8f\xbb", "backhand index pointing right: light skin tone", true},
    {"\xf0\x9f\x91\x89\xf0\x9f\x8f\xbc", "backhand index pointing right: medium-light skin tone", true},
    {"\xf0\x9f\x91\x89\xf0\x9f\x8f\xbd", "backhand index pointing right: medium skin tone", true},
    {"\xf0\x9f\x91\x89\xf0\x9f\x8f\xbe", "backhand index pointing right: medium-dark skin tone", true},
    {"\xf0\x9f\x91\x89\xf0\x9f\x8f\xbf", "backhand index pointing right: dark skin tone", true},
    {"\xf0\x9f\x91\x86", "backhand index pointing up", false},
    {"\xf0\x9f\x91\x86\xf0\x9f\x8f\xbb", "backhand index pointing up: light skin tone", true},
    {"\xf0\x9f\x91\x86\xf0\x9f\x8f\xbc", "backhand index pointing up: medium-light skin tone", true},
    {"\xf0\x9f\x91\x86\xf0\x9f\x8f\xbd", "backhand index pointing up: medium skin tone", true},
    {"\xf0\x9f\x91\x86\xf0\x9f\x8f\xbe", "backhand index pointing up: medium-dark skin tone", true},
    {"\xf0\x9f\x91\x86\xf0\x9f\x8f\xbf", "backhand index pointing up: dark skin tone", true},
    {"\xf0\x9f\x96\x95", "middle finger", false},
    {"\xf0\x9f\x96\x95\xf0\x9f\x8f\xbb", "middle finger: light skin tone", true},
    {"\xf0\x9f\x96\x95\xf0\x9f\x8f\xbc", "middle finger: medium-light skin tone", true},
    {"\xf0\x9f\x96\x95\xf0\x9f\x8f\xbd", "middle finger: medium skin tone", true},
    {"\xf0\x9f\x96\x95\xf0\x9f\x8f\xbe", "middle finger: medium-dark skin tone", true},
    {"\xf0\x9f\x96\x95\xf0\x9f\x8f\xbf", "middle finger: dark skin tone", true},
    {"\xf0\x9f\x91\x87", "backhand index pointing down", false},
    {"\xf0\x9f\x91\x87\xf0\x9f\x8f\xbb", "backhand index pointing down: light skin tone", true},
    {"\xf0\x9f\x91\x87\xf0\x9f\x8f\xbc", "backhand index pointing down: medium-light skin tone", true},
    {"\xf0\x9f\x91\x87\xf0\x9f\x8f\xbd", "backhand index pointing down: medium skin tone", true},
    {"\xf0\x9f\x91\x87\xf0\x9f\x8f\xbe", "backhand index pointing down: medium-dark skin tone", true},
    {"\xf0\x9f\x91\x87\xf0\x9f\x8f\xbf", "backhand index pointing down: dark skin tone", true},
    {"\xe2\x98\x9d\xef\xb8\x8f", "index pointing up", false},
    {"\xe2\x98\x9d\xf0\x9f\x8f\xbb", "index pointing up: light skin tone", true},
    {"\xe2\x98\x9d\xf0\x9f\x8f\xbc", "index pointing up: medium-light skin tone", true},
    {"\xe2\x98\x9d\xf0\x9f\x8f\xbd", "index pointing up: medium skin tone", true},
    {"\xe2\x98\x9d\xf0\x9f\x8f\xbe", "index pointing up: medium-dark skin tone", true},
    {"\xe2\x98\x9d\xf0\x9f\x8f\xbf", "index pointing up: dark skin tone", true},
    {"\xf0\x9f\xab\xb5", "index pointing at the viewer", false},
    {"\xf0\x9f\xab\xb5\xf0\x9f\x8f\xbb", "index pointing at the viewer: light skin tone", true},
    {"\xf0\x9f\xab\xb5\xf0\x9f\x8f\xbc", "index pointing at the viewer: medium-light skin tone", true},
    {"\xf0\x9f\xab\xb5\xf0\x9f\x8f\xbd", "index pointing at the viewer: medium skin tone", true},
    {"\xf0\x9f\xab\xb5\xf0\x9f\x8f\xbe", "index pointing at the viewer: medium-dark skin tone", true},
    {"\xf0\x9f\xab\xb5\xf0\x9f\x8f\xbf", "index pointing at the viewer: dark skin tone", true},
    {"\xf0\x9f\x91\x8d", "thumbs up", false},
    {"\xf0\x9f\x91\x8d\xf0\x9f\x8f\xbb", "thumbs up: light skin tone", true},
    {"\xf0\x9f\x91\x8d\xf0\x9f\x8f\xbc", "thumbs up: medium-light skin tone", true},
    {"\xf0\x9f\x91\x8d\xf0\x9f\x8f\xbd", "thumbs up: medium skin tone", true},
    {"\xf0\x9f\x91\x8d\xf0\x9f\x8f\xbe", "thumbs up: medium-dark skin tone", true},
    {"\xf0\x9f\x91\x8d\xf0\x9f\x8f\xbf", "thumbs up: dark skin tone", true},
    {"\xf0\x9f\x91\x8e", "thumbs down", false},
    {"\xf0\x9f\x91\x8e\xf0\x9f\x8f\xbb", "thumbs down: light skin tone", true},
    {"\xf0\x9f\x91\x8e\xf0\x9f\x8f\xbc", "thumbs down: medium-light skin tone", true},
    {"\xf0\x9f\x91\x8e\xf0\x9f\x8f\xbd", "thumbs down: medium skin tone", true},
    {"\xf0\x9f\x91\x8e\xf0\x9f\x8f\xbe", "thumbs down: medium-dark skin tone", true},
    {"\xf0\x9f\x91\x8e\xf0\x9f\x8f\xbf", "thumbs down: dark skin tone", true},
    {"\xf0\x9f\xab\xb9", "leftwards thumb sign", false},
    {"\xf0\x9f\xab\xb9\xf0\x9f\x8f\xbb", "leftwards thumb sign: light skin tone", true},
    {"\xf0\x9f\xab\xb9\xf0\x9f\x8f\xbc", "leftwards thumb sign: medium-light skin tone", true},
    {"\xf0\x9f\xab\xb9\xf0\x9f\x8f\xbd", "leftwards thumb sign: medium skin tone", true},
    {"\xf0\x9f\xab\xb9\xf0\x9f\x8f\xbe", "leftwards thumb sign: medium-dark skin tone", true},
    {"\xf0\x9f\xab\xb9\xf0\x9f\x8f\xbf", "leftwards thumb sign: dark skin tone", true},
    {"\xf0\x9f\xab\xba", "rightwards thumb sign", false},
    {"\xf0\x9f\xab\xba\xf0\x9f\x8f\xbb", "rightwards thumb sign: light skin tone", true},
    {"\xf0\x9f\xab\xba\xf0\x9f\x8f\xbc", "rightwards thumb sign: medium-light skin tone", true},
    {"\xf0\x9f\xab\xba\xf0\x9f\x8f\xbd", "rightwards thumb sign: medium skin tone", true},
    {"\xf0\x9f\xab\xba\xf0\x9f\x8f\xbe", "rightwards thumb sign: medium-dark skin tone", true},
    {"\xf0\x9f\xab\xba\xf0\x9f\x8f\xbf", "rightwards thumb sign: dark skin tone", true},
    {"\xe2\x9c\x8a", "raised fist", false},
    {"\xe2\x9c\x8a\xf0\x9f\x8f\xbb", "raised fist: light skin tone", true},
    {"\xe2\x9c\x8a\xf0\x9f\x8f\xbc", "raised fist: medium-light skin tone", true},
    {"\xe2\x9c\x8a\xf0\x9f\x8f\xbd", "raised fist: medium skin tone", true},
    {"\xe2\x9c\x8a\xf0\x9f\x8f\xbe", "raised fist: medium-dark skin tone", true},
    {"\xe2\x9c\x8a\xf0\x9f\x8f\xbf", "raised fist: dark skin tone", true},
    {"\xf0\x9f\x91\x8a", "oncoming fist", false},
    {"\xf0\x9f\x91\x8a\xf0\x9f\x8f\xbb", "oncoming fist: light skin tone", true},
    {"\xf0\x9f\x91\x8a\xf0\x9f\x8f\xbc", "oncoming fist: medium-light skin tone", true},
    {"\xf0\x9f\x91\x8a\xf0\x9f\x8f\xbd", "oncoming fist: medium skin tone", true},
    {"\xf0\x9f\x91\x8a\xf0\x9f\x8f\xbe", "oncoming fist: medium-dark skin tone", true},
    {"\xf0\x9f\x91\x8a\xf0\x9f\x8f\xbf", "oncoming fist: dark skin tone", true},
    {"\xf0\x9f\xa4\x9b", "left-facing fist", false},
    {"\xf0\x9f\xa4\x9b\xf0\x9f\x8f\xbb", "left-facing fist: light skin tone", true},
    {"\xf0\x9f\xa4\x9b\xf0\x9f\x8f\xbc", "left-facing fist: medium-light skin tone", true},
    {"\xf0\x9f\xa4\x9b\xf0\x9f\x8f\xbd", "left-facing fist: medium skin tone", true},
    {"\xf0\x9f\xa4\x9b\xf0\x9f\x8f\xbe", "left-facing fist: medium-dark skin tone", true},
    {"\xf0\x9f\xa4\x9b\xf0\x9f\x8f\xbf", "left-facing fist: dark skin tone", true},
    {"\xf0\x9f\xa4\x9c", "right-facing fist", false},
    {"\xf0\x9f\xa4\x9c\xf0\x9f\x8f\xbb", "right-facing fist: light skin tone", true},
    {"\xf0\x9f\xa4\x9c\xf0\x9f\x8f\xbc", "right-facing fist: medium-light skin tone", true},
    {"\xf0\x9f\xa4\x9c\xf0\x9f\x8f\xbd", "right-facing fist: medium skin tone", true},
    {"\xf0\x9f\xa4\x9c\xf0\x9f\x8f\xbe", "right-facing fist: medium-dark skin tone", true},
    {"\xf0\x9f\xa4\x9c\xf0\x9f\x8f\xbf", "right-facing fist: dark skin tone", true},
    {"\xf0\x9f\x91\x8f", "clapping hands", false},
    {"\xf0\x9f\x91\x8f\xf0\x9f\x8f\xbb", "clapping hands: light skin tone", true},
    {"\xf0\x9f\x91\x8f\xf0\x9f\x8f\xbc", "clapping hands: medium-light skin tone", true},
    {"\xf0\x9f\x91\x8f\xf0\x9f\x8f\xbd", "clapping hands: medium skin tone", true},
    {"\xf0\x9f\x91\x8f\xf0\x9f\x8f\xbe", "clapping hands: medium-dark skin tone", true},
    {"\xf0\x9f\x91\x8f\xf0\x9f\x8f\xbf", "clapping hands: dark skin tone", true},
    {"\xf0\x9f\x99\x8c", "raising hands", false},
    {"\xf0\x9f\x99\x8c\xf0\x9f\x8f\xbb", "raising hands: light skin tone", true},
    {"\xf0\x9f\x99\x8c\xf0\x9f\x8f\xbc", "raising hands: medium-light skin tone", true},
    {"\xf0\x9f\x99\x8c\xf0\x9f\x8f\xbd", "raising hands: medium skin tone", true},
    {"\xf0\x9f\x99\x8c\xf0\x9f\x8f\xbe", "raising hands: medium-dark skin tone", true},
    {"\xf0\x9f\x99\x8c\xf0\x9f\x8f\xbf", "raising hands: dark skin tone", true},
    {"\xf0\x9f\xab\xb6", "heart hands", false},
    {"\xf0\x9f\xab\xb6\xf0\x9f\x8f\xbb", "heart hands: light skin tone", true},
    {"\xf0\x9f\xab\xb6\xf0\x9f\x8f\xbc", "heart hands: medium-light skin tone", true},
    {"\xf0\x9f\xab\xb6\xf0\x9f\x8f\xbd", "heart hands: medium skin tone", true},
    {"\xf0\x9f\xab\xb6\xf0\x9f\x8f\xbe", "heart hands: medium-dark skin tone", true},
    {"\xf0\x9f\xab\xb6\xf0\x9f\x8f\xbf", "heart hands: dark skin tone", true},
    {"\xf0\x9f\x91\x90", "open hands", false},
    {"\xf0\x9f\x91\x90\xf0\x9f\x8f\xbb", "open hands: light skin tone", true},
    {"\xf0\x9f\x91\x90\xf0\x9f\x8f\xbc", "open hands: medium-light skin tone", true},
    {"\xf0\x9f\x91\x90\xf0\x9f\x8f\xbd", "open hands: medium skin tone", true},
    {"\xf0\x9f\x91\x90\xf0\x9f\x8f\xbe", "open hands: medium-dark skin tone", true},
    {"\xf0\x9f\x91\x90\xf0\x9f\x8f\xbf", "open hands: dark skin tone", true},
    {"\xf0\x9f\xa4\xb2", "palms up together", false},
    {"\xf0\x9f\xa4\xb2\xf0\x9f\x8f\xbb", "palms up together: light skin tone", true},
    {"\xf0\x9f\xa4\xb2\xf0\x9f\x8f\xbc", "palms up together: medium-light skin tone", true},
    {"\xf0\x9f\xa4\xb2\xf0\x9f\x8f\xbd", "palms up together: medium skin tone", true},
    {"\xf0\x9f\xa4\xb2\xf0\x9f\x8f\xbe", "palms up together: medium-dark skin tone", true},
    {"\xf0\x9f\xa4\xb2\xf0\x9f\x8f\xbf", "palms up together: dark skin tone", true},
    {"\xf0\x9f\xa4\x9d", "handshake", false},
    {"\xf0\x9f\xa4\x9d\xf0\x9f\x8f\xbb", "handshake: light skin tone", true},
    {"\xf0\x9f\xa4\x9d\xf0\x9f\x8f\xbc", "handshake: medium-light skin tone", true},
    {"\xf0\x9f\xa4\x9d\xf0\x9f\x8f\xbd", "handshake: medium skin tone", true},
    {"\xf0\x9f\xa4\x9d\xf0\x9f\x8f\xbe", "handshake: medium-dark skin tone", true},
    {"\xf0\x9f\xa4\x9d\xf0\x9f\x8f\xbf", "handshake: dark skin tone", true},
    {"\xf0\x9f\xab\xb1\xf0\x9f\x8f\xbb\xe2\x80\x8d\xf0\x9f\xab\xb2\xf0\x9f\x8f\xbc", "handshake: light skin tone, medium-light skin tone", true},
    {"\xf0\x9f\xab\xb1\xf0\x9f\x8f\xbb\xe2\x80\x8d\xf0\x9f\xab\xb2\xf0\x9f\x8f\xbd", "handshake: light skin tone, medium skin tone", true},
    {"\xf0\x9f\xab\xb1\xf0\x9f\x8f\xbb\xe2\x80\x8d\xf0\x9f\xab\xb2\xf0\x9f\x8f\xbe", "handshake: light skin tone, medium-dark skin tone", true},
    {"\xf0\x9f\xab\xb1\xf0\x9f\x8f\xbb\xe2\x80\x8d\xf0\x9f\xab\xb2\xf0\x9f\x8f\xbf", "handshake: light skin tone, dark skin tone", true},
    {"\xf0\x9f\xab\xb1\xf0\x9f\x8f\xbc\xe2\x80\x8d\xf0\x9f\xab\xb2\xf0\x9f\x8f\xbb", "handshake: medium-light skin tone, light skin tone", true},
    {"\xf0\x9f\xab\xb1\xf0\x9f\x8f\xbc\xe2\x80\x8d\xf0\x9f\xab\xb2\xf0\x9f\x8f\xbd", "handshake: medium-light skin tone, medium skin tone", true},
    {"\xf0\x9f\xab\xb1\xf0\x9f\x8f\xbc\xe2\x80\x8d\xf0\x9f\xab\xb2\xf0\x9f\x8f\xbe", "handshake: medium-light skin tone, medium-dark skin tone", true},
    {"\xf0\x9f\xab\xb1\xf0\x9f\x8f\xbc\xe2\x80\x8d\xf0\x9f\xab\xb2\xf0\x9f\x8f\xbf", "handshake: medium-light skin tone, dark skin tone", true},
    {"\xf0\x9f\xab\xb1\xf0\x9f\x8f\xbd\xe2\x80\x8d\xf0\x9f\xab\xb2\xf0\x9f\x8f\xbb", "handshake: medium skin tone, light skin tone", true},
    {"\xf0\x9f\xab\xb1\xf0\x9f\x8f\xbd\xe2\x80\x8d\xf0\x9f\xab\xb2\xf0\x9f\x8f\xbc", "handshake: medium skin tone, medium-light skin tone", true},
    {"\xf0\x9f\xab\xb1\xf0\x9f\x8f\xbd\xe2\x80\x8d\xf0\x9f\xab\xb2\xf0\x9f\x8f\xbe", "handshake: medium skin tone, medium-dark skin tone", true},
    {"\xf0\x9f\xab\xb1\xf0\x9f\x8f\xbd\xe2\x80\x8d\xf0\x9f\xab\xb2\xf0\x9f\x8f\xbf", "handshake: medium skin tone, dark skin tone", true},
    {"\xf0\x9f\xab\xb1\xf0\x9f\x8f\xbe\xe2\x80\x8d\xf0\x9f\xab\xb2\xf0\x9f\x8f\xbb", "handshake: medium-dark skin tone, light skin tone", true},
    {"\xf0\x9f\xab\xb1\xf0\x9f\x8f\xbe\xe2\x80\x8d\xf0\x9f\xab\xb2\xf0\x9f\x8f\xbc", "handshake: medium-dark skin tone, medium-light skin tone", true},
    {"\xf0\x9f\xab\xb1\xf0\x9f\x8f\xbe\xe2\x80\x8d\xf0\x9f\xab\xb2\xf0\x9f\x8f\xbd", "handshake: medium-dark skin tone, medium skin tone", true},
    {"\xf0\x9f\xab\xb1\xf0\x9f\x8f\xbe\xe2\x80\x8d\xf0\x9f\xab\xb2\xf0\x9f\x8f\xbf", "handshake: medium-dark skin tone, dark skin tone", true},
    {"\xf0\x9f\xab\xb1\xf0\x9f\x8f\xbf\xe2\x80\x8d\xf0\x9f\xab\xb2\xf0\x9f\x8f\xbb", "handshake: dark skin tone, light skin tone", true},
    {"\xf0\x9f\xab\xb1\xf0\x9f\x8f\xbf\xe2\x80\x8d\xf0\x9f\xab\xb2\xf0\x9f\x8f\xbc", "handshake: dark skin tone, medium-light skin tone", true},
    {"\xf0\x9f\xab\xb1\xf0\x9f\x8f\xbf\xe2\x80\x8d\xf0\x9f\xab\xb2\xf0\x9f\x8f\xbd", "handshake: dark skin tone, medium skin tone", true},
    {"\xf0\x9f\xab\xb1\xf0\x9f\x8f\xbf\xe2\x80\x8d\xf0\x9f\xab\xb2\xf0\x9f\x8f\xbe", "handshake: dark skin tone, medium-dark skin tone", true},
    {"\xf0\x9f\x99\x8f", "folded hands", false},
    {"\xf0\x9f\x99\x8f\xf0\x9f\x8f\xbb", "folded hands: light skin tone", true},
    {"\xf0\x9f\x99\x8f\xf0\x9f\x8f\xbc", "folded hands: medium-light skin tone", true},
    {"\xf0\x9f\x99\x8f\xf0\x9f\x8f\xbd", "folded hands: medium skin tone", true},
    {"\xf0\x9f\x99\x8f\xf0\x9f\x8f\xbe", "folded hands: medium-dark skin tone", true},
    {"\xf0\x9f\x99\x8f\xf0\x9f\x8f\xbf", "folded hands: dark skin tone", true},
    {"\xe2\x9c\x8d\xef\xb8\x8f", "writing hand", false},
    {"\xe2\x9c\x8d\xf0\x9f\x8f\xbb", "writing hand: light skin tone", true},
    {"\xe2\x9c\x8d\xf0\x9f\x8f\xbc", "writing hand: medium-light skin tone", true},
    {"\xe2\x9c\x8d\xf0\x9f\x8f\xbd", "writing hand: medium skin tone", true},
    {"\xe2\x9c\x8d\xf0\x9f\x8f\xbe", "writing hand: medium-dark skin tone", true},
    {"\xe2\x9c\x8d\xf0\x9f\x8f\xbf", "writing hand: dark skin tone", true},
    {"\xf0\x9f\x92\x85", "nail polish", false},
    {"\xf0\x9f\x92\x85\xf0\x9f\x8f\xbb", "nail polish: light skin tone", true},
    {"\xf0\x9f\x92\x85\xf0\x9f\x8f\xbc", "nail polish: medium-light skin tone", true},
    {"\xf0\x9f\x92\x85\xf0\x9f\x8f\xbd", "nail polish: medium skin tone", true},
    {"\xf0\x9f\x92\x85\xf0\x9f\x8f\xbe", "nail polish: medium-dark skin tone", true},
    {"\xf0\x9f\x92\x85\xf0\x9f\x8f\xbf", "nail polish: dark skin tone", true},
    {"\xf0\x9f\xa4\xb3", "selfie", false},
    {"\xf0\x9f\xa4\xb3\xf0\x9f\x8f\xbb", "selfie: light skin tone", true},
    {"\xf0\x9f\xa4\xb3\xf0\x9f\x8f\xbc", "selfie: medium-light skin tone", true},
    {"\xf0\x9f\xa4\xb3\xf0\x9f\x8f\xbd", "selfie: medium skin tone", true},
    {"\xf0\x9f\xa4\xb3\xf0\x9f\x8f\xbe", "selfie: medium-dark skin tone", true},
    {"\xf0\x9f\xa4\xb3\xf0\x9f\x8f\xbf", "selfie: dark skin tone", true},
    {"\xf0\x9f\x92\xaa", "flexed biceps", false},
    {"\xf0\x9f\x92\xaa\xf0\x9f\x8f\xbb", "flexed biceps: light skin tone", true},
    {"\xf0\x9f\x92\xaa\xf0\x9f\x8f\xbc", "flexed biceps: medium-light skin tone", true},
    {"\xf0\x9f\x92\xaa\xf0\x9f\x8f\xbd", "flexed biceps: medium skin tone", true},
    {"\xf0\x9f\x92\xaa\xf0\x9f\x8f\xbe", "flexed biceps: medium-dark skin tone", true},
    {"\xf0\x9f\x92\xaa\xf0\x9f\x8f\xbf", "flexed biceps: dark skin tone", true},
    {"\xf0\x9f\xa6\xbe", "mechanical arm", false},
    {"\xf0\x9f\xa6\xbf", "mechanical leg", false},
    {"\xf0\x9f\xa6\xb5", "leg", false},
    {"\xf0\x9f\xa6\xb5\xf0\x9f\x8f\xbb", "leg: light skin tone", true},
    {"\xf0\x9f\xa6\xb5\xf0\x9f\x8f\xbc", "leg: medium-light skin tone", true},
    {"\xf0\x9f\xa6\xb5\xf0\x9f\x8f\xbd", "leg: medium skin tone", true},
    {"\xf0\x9f\xa6\xb5\xf0\x9f\x8f\xbe", "leg: medium-dark skin tone", true},
    {"\xf0\x9f\xa6\xb5\xf0\x9f\x8f\xbf", "leg: dark skin tone", true},
    {"\xf0\x9f\xa6\xb6", "foot", false},
    {"\xf0\x9f\xa6\xb6\xf0\x9f\x8f\xbb", "foot: light skin tone", true},
    {"\xf0\x9f\xa6\xb6\xf0\x9f\x8f\xbc", "foot: medium-light skin tone", true},
    {"\xf0\x9f\xa6\xb6\xf0\x9f\x8f\xbd", "foot: medium skin tone", true},
    {"\xf0\x9f\xa6\xb6\xf0\x9f\x8f\xbe", "foot: medium-dark skin tone", true},
    {"\xf0\x9f\xa6\xb6\xf0\x9f\x8f\xbf", "foot: dark skin tone", true},
    {"\xf0\x9f\x91\x82", "ear", false},
    {"\xf0\x9f\x91\x82\xf0\x9f\x8f\xbb", "ear: light skin tone", true},
    {"\xf0\x9f\x91\x82\xf0\x9f\x8f\xbc", "ear: medium-light skin tone", true},
    {"\xf0\x9f\x91\x82\xf0\x9f\x8f\xbd", "ear: medium skin tone", true},
    {"\xf0\x9f\x91\x82\xf0\x9f\x8f\xbe", "ear: medium-dark skin tone", true},
    {"\xf0\x9f\x91\x82\xf0\x9f\x8f\xbf", "ear: dark skin tone", true},
    {"\xf0\x9f\xa6\xbb", "ear with hearing aid", false},
    {"\xf0\x9f\xa6\xbb\xf0\x9f\x8f\xbb", "ear with hearing aid: light skin tone", true},
    {"\xf0\x9f\xa6\xbb\xf0\x9f\x8f\xbc", "ear with hearing aid: medium-light skin tone", true},
    {"\xf0\x9f\xa6\xbb\xf0\x9f\x8f\xbd", "ear with hearing aid: medium skin tone", true},
    {"\xf0\x9f\xa6\xbb\xf0\x9f\x8f\xbe", "ear with hearing aid: medium-dark skin tone", true},
    {"\xf0\x9f\xa6\xbb\xf0\x9f\x8f\xbf", "ear with hearing aid: dark skin tone", true},
    {"\xf0\x9f\x91\x83", "nose", false},
    {"\xf0\x9f\x91\x83\xf0\x9f\x8f\xbb", "nose: light skin tone", true},
    {"\xf0\x9f\x91\x83\xf0\x9f\x8f\xbc", "nose: medium-light skin tone", true},
    {"\xf0\x9f\x91\x83\xf0\x9f\x8f\xbd", "nose: medium skin tone", true},
    {"\xf0\x9f\x91\x83\xf0\x9f\x8f\xbe", "nose: medium-dark skin tone", true},
    {"\xf0\x9f\x91\x83\xf0\x9f\x8f\xbf", "nose: dark skin tone", true},
    {"\xf0\x9f\xa7\xa0", "brain", false},
    {"\xf0\x9f\xab\x80", "anatomical heart", false},
    {"\xf0\x9f\xab\x81", "lungs", false},
    {"\xf0\x9f\xa6\xb7", "tooth", false},
    {"\xf0\x9f\xa6\xb4", "bone", false},
    {"\xf0\x9f\x91\x80", "eyes", false},
    {"\xf0\x9f\x91\x81\xef\xb8\x8f", "eye", false},
    {"\xf0\x9f\x91\x85", "tongue", false},
    {"\xf0\x9f\x91\x84", "mouth", false},
    {"\xf0\x9f\xab\xa6", "biting lip", false},
    {"\xf0\x9f\x91\xb6", "baby", false},
    {"\xf0\x9f\x91\xb6\xf0\x9f\x8f\xbb", "baby: light skin tone", true},
    {"\xf0\x9f\x91\xb6\xf0\x9f\x8f\xbc", "baby: medium-light skin tone", true},
    {"\xf0\x9f\x91\xb6\xf0\x9f\x8f\xbd", "baby: medium skin tone", true},
    {"\xf0\x9f\x91\xb6\xf0\x9f\x8f\xbe", "baby: medium-dark skin tone", true},
    {"\xf0\x9f\x91\xb6\xf0\x9f\x8f\xbf", "baby: dark skin tone", true},
    {"\xf0\x9f\xa7\x92", "child", false},
    {"\xf0\x9f\xa7\x92\xf0\x9f\x8f\xbb", "child: light skin tone", true},
    {"\xf0\x9f\xa7\x92\xf0\x9f\x8f\xbc", "child: medium-light skin tone", true},
    {"\xf0\x9f\xa7\x92\xf0\x9f\x8f\xbd", "child: medium skin tone", true},
    {"\xf0\x9f\xa7\x92\xf0\x9f\x8f\xbe", "child: medium-dark skin tone", true},
    {"\xf0\x9f\xa7\x92\xf0\x9f\x8f\xbf", "child: dark skin tone", true},
    {"\xf0\x9f\x91\xa6", "boy", false},
    {"\xf0\x9f\x91\xa6\xf0\x9f\x8f\xbb", "boy: light skin tone", true},
    {"\xf0\x9f\x91\xa6\xf0\x9f\x8f\xbc", "boy: medium-light skin tone", true},
    {"\xf0\x9f\x91\xa6\xf0\x9f\x8f\xbd", "boy: medium skin tone", true},
    {"\xf0\x9f\x91\xa6\xf0\x9f\x8f\xbe", "boy: medium-dark skin tone", true},
    {"\xf0\x9f\x91\xa6\xf0\x9f\x8f\xbf", "boy: dark skin tone", true},
    {"\xf0\x9f\x91\xa7", "girl", false},
    {"\xf0\x9f\x91\xa7\xf0\x9f\x8f\xbb", "girl: light skin tone", true},
    {"\xf0\x9f\x91\xa7\xf0\x9f\x8f\xbc", "girl: medium-light skin tone", true},
    {"\xf0\x9f\x91\xa7\xf0\x9f\x8f\xbd", "girl: medium skin tone", true},
    {"\xf0\x9f\x91\xa7\xf0\x9f\x8f\xbe", "girl: medium-dark skin tone", true},
    {"\xf0\x9f\x91\xa7\xf0\x9f\x8f\xbf", "girl: dark skin tone", true},
    {"\xf0\x9f\xa7\x91", "person", false},
    {"\xf0\x9f\xa7\x91\xf0\x9f\x8f\xbb", "person: light skin tone", true},
    {"\xf0\x9f\xa7\x91\xf0\x9f\x8f\xbc", "person: medium-light skin tone", true},
    {"\xf0\x9f\xa7\x91\xf0\x9f\x8f\xbd", "person: medium skin tone", true},
    {"\xf0\x9f\xa7\x91\xf0\x9f\x8f\xbe", "person: medium-dark skin tone", true},
    {"\xf0\x9f\xa7\x91\xf0\x9f\x8f\xbf", "person: dark skin tone", true},
    {"\xf0\x9f\x91\xb1", "person: blond hair", false},
    {"\xf0\x9f\x91\xb1\xf0\x9f\x8f\xbb", "person: light skin tone, blond hair", true},
    {"\xf0\x9f\x91\xb1\xf0\x9f\x8f\xbc", "person: medium-light skin tone, blond hair", true},
    {"\xf0\x9f\x91\xb1\xf0\x9f\x8f\xbd", "person: medium skin tone, blond hair", true},
    {"\xf0\x9f\x91\xb1\xf0\x9f\x8f\xbe", "person: medium-dark skin tone, blond hair", true},
    {"\xf0\x9f\x91\xb1\xf0\x9f\x8f\xbf", "person: dark skin tone, blond hair", true},
    {"\xf0\x9f\x91\xa8", "man", false},
    {"\xf0\x9f\x91\xa8\xf0\x9f\x8f\xbb", "man: light skin tone", true},
    {"\xf0\x9f\x91\xa8\xf0\x9f\x8f\xbc", "man: medium-light skin tone", true},
    {"\xf0\x9f\x91\xa8\xf0\x9f\x8f\xbd", "man: medium skin tone", true},
    {"\xf0\x9f\x91\xa8\xf0\x9f\x8f\xbe", "man: medium-dark skin tone", true},
    {"\xf0\x9f\x91\xa8\xf0\x9f\x8f\xbf", "man: dark skin tone", true},
    {"\xf0\x9f\xa7\x94", "person: beard", false},
    {"\xf0\x9f\xa7\x94\xf0\x9f\x8f\xbb", "person: light skin tone, beard", true},
    {"\xf0\x9f\xa7\x94\xf0\x9f\x8f\xbc", "person: medium-light skin tone, beard", true},
    {"\xf0\x9f\xa7\x94\xf0\x9f\x8f\xbd", "person: medium skin tone, beard", true},
    {"\xf0\x9f\xa7\x94\xf0\x9f\x8f\xbe", "person: medium-dark skin tone, beard", true},
    {"\xf0\x9f\xa7\x94\xf0\x9f\x8f\xbf", "person: dark skin tone, beard", true},
    {"\xf0\x9f\xa7\x94\xe2\x80\x8d\xe2\x99\x82\xef\xb8\x8f", "man: beard", false},
    {"\xf0\x9f\xa7\x94\xf0\x9f\x8f\xbb\xe2\x80\x8d\xe2\x99\x82\xef\xb8\x8f", "man: light skin tone, beard", true},
    {"\xf0\x9f\xa7\x94\xf0\x9f\x8f\xbc\xe2\x80\x8d\xe2\x99\x82\xef\xb8\x8f", "man: medium-light skin tone, beard", true},
    {"\xf0\x9f\xa7\x94\xf0\x9f\x8f\xbd\xe2\x80\x8d\xe2\x99\x82\xef\xb8\x8f", "man: medium skin tone, beard", true},
    {"\xf0\x9f\xa7\x94\xf0\x9f\x8f\xbe\xe2\x80\x8d\xe2\x99\x82\xef\xb8\x8f", "man: medium-dark skin tone, beard", true},
    {"\xf0\x9f\xa7\x94\xf0\x9f\x8f\xbf\xe2\x80\x8d\xe2\x99\x82\xef\xb8\x8f", "man: dark skin tone, beard", true},
    {"\xf0\x9f\xa7\x94\xe2\x80\x8d\xe2\x99\x80\xef\xb8\x8f", "woman: beard", false},
    {"\xf0\x9f\xa7\x94\xf0\x9f\x8f\xbb\xe2\x80\x8d\xe2\x99\x80\xef\xb8\x8f", "woman: light skin tone, beard", true},
    {"\xf0\x9f\xa7\x94\xf0\x9f\x8f\xbc\xe2\x80\x8d\xe2\x99\x80\xef\xb8\x8f", "woman: medium-light skin tone, beard", true},
    {"\xf0\x9f\xa7\x94\xf0\x9f\x8f\xbd\xe2\x80\x8d\xe2\x99\x80\xef\xb8\x8f", "woman: medium skin tone, beard", true},
    {"\xf0\x9f\xa7\x94\xf0\x9f\x8f\xbe\xe2\x80\x8d\xe2\x99\x80\xef\xb8\x8f", "woman: medium-dark skin tone, beard", true},
    {"\xf0\x9f\xa7\x94\xf0\x9f\x8f\xbf\xe2\x80\x8d\xe2\x99\x80\xef\xb8\x8f", "woman: dark skin tone, beard", true},
    {"\xf0\x9f\x91\xa8\xe2\x80\x8d\xf0\x9f\xa6\xb0", "man: red hair", false},
    {"\xf0\x9f\x91\xa8\xf0\x9f\x8f\xbb\xe2\x80\x8d\xf0\x9f\xa6\xb0", "man: light skin tone, red hair", true},
    {"\xf0\x9f\x91\xa8\xf0\x9f\x8f\xbc\xe2\x80\x8d\xf0\x9f\xa6\xb0", "man: medium-light skin tone, red hair", true},
    {"\xf0\x9f\x91\xa8\xf0\x9f\x8f\xbd\xe2\x80\x8d\xf0\x9f\xa6\xb0", "man: medium skin tone, red hair", true},
    {"\xf0\x9f\x91\xa8\xf0\x9f\x8f\xbe\xe2\x80\x8d\xf0\x9f\xa6\xb0", "man: medium-dark skin tone, red hair", true},
    {"\xf0\x9f\x91\xa8\xf0\x9f\x8f\xbf\xe2\x80\x8d\xf0\x9f\xa6\xb0", "man: dark skin tone, red hair", true},
    {"\xf0\x9f\x91\xa8\xe2\x80\x8d\xf0\x9f\xa6\xb1", "man: curly hair", false},
    {"\xf0\x9f\x91\xa8\xf0\x9f\x8f\xbb\xe2\x80\x8d\xf0\x9f\xa6\xb1", "man: light skin tone, curly hair", true},
    {"\xf0\x9f\x91\xa8\xf0\x9f\x8f\xbc\xe2\x80\x8d\xf0\x9f\xa6\xb1", "man: medium-light skin tone, curly hair", true},
    {"\xf0\x9f\x91\xa8\xf0\x9f\x8f\xbd\xe2\x80\x8d\xf0\x9f\xa6\xb1", "man: medium skin tone, curly hair", true},
    {"\xf0\x9f\x91\xa8\xf0\x9f\x8f\xbe\xe2\x80\x8d\xf0\x9f\xa6\xb1", "man: medium-dark skin tone, curly hair", true},
    {"\xf0\x9f\x91\xa8\xf0\x9f\x8f\xbf\xe2\x80\x8d\xf0\x9f\xa6\xb1", "man: dark skin tone, curly hair", true},
    {"\xf0\x9f\x91\xa8\xe2\x80\x8d\xf0\x9f\xa6\xb3", "man: white hair", false},
    {"\xf0\x9f\x91\xa8\xf0\x9f\x8f\xbb\xe2\x80\x8d\xf0\x9f\xa6\xb3", "man: light skin tone, white hair", true},
    {"\xf0\x9f\x91\xa8\xf0\x9f\x8f\xbc\xe2\x80\x8d\xf0\x9f\xa6\xb3", "man: medium-light skin tone, white hair", true},
    {"\xf0\x9f\x91\xa8\xf0\x9f\x8f\xbd\xe2\x80\x8d\xf0\x9f\xa6\xb3", "man: medium skin tone, white hair", true},
    {"\xf0\x9f\x91\xa8\xf0\x9f\x8f\xbe\xe2\x80\x8d\xf0\x9f\xa6\xb3", "man: medium-dark skin tone, white hair", true},
    {"\xf0\x9f\x91\xa8\xf0\x9f\x8f\xbf\xe2\x80\x8d\xf0\x9f\xa6\xb3", "man: dark skin tone, white hair", true},
    {"\xf0\x9f\x91\xa8\xe2\x80\x8d\xf0\x9f\xa6\xb2", "man: bald", false},
    {"\xf0\x9f\x91\xa8\xf0\x9f\x8f\xbb\xe2\x80\x8d\xf0\x9f\xa6\xb2", "man: light skin tone, bald", true},
    {"\xf0\x9f\x91\xa8\xf0\x9f\x8f\xbc\xe2\x80\x8d\xf0\x9f\xa6\xb2", "man: medium-light skin tone, bald", true},
    {"\xf0\x9f\x91\xa8\xf0\x9f\x8f\xbd\xe2\x80\x8d\xf0\x9f\xa6\xb2", "man: medium skin tone, bald", true},
    {"\xf0\x9f\x91\xa8\xf0\x9f\x8f\xbe\xe2\x80\x8d\xf0\x9f\xa6\xb2", "man: medium-dark skin tone, bald", true},
    {"\xf0\x9f\x91\xa8\xf0\x9f\x8f\xbf\xe2\x80\x8d\xf0\x9f\xa6\xb2", "man: dark skin tone, bald", true},
    {"\xf0\x9f\x91\xa9", "woman", false},
    {"\xf0\x9f\x91\xa9\xf0\x9f\x8f\xbb", "woman: light skin tone", true},
    {"\xf0\x9f\x91\xa9\xf0\x9f\x8f\xbc", "woman: medium-light skin tone", true},
    {"\xf0\x9f\x91\xa9\xf0\x9f\x8f\xbd", "woman: medium skin tone", true},
    {"\xf0\x9f\x91\xa9\xf0\x9f\x8f\xbe", "woman: medium-dark skin tone", true},
    {"\xf0\x9f\x91\xa9\xf0\x9f\x8f\xbf", "woman: dark skin tone", true},
    {"\xf0\x9f\x91\xa9\xe2\x80\x8d\xf0\x9f\xa6\xb0", "woman: red hair", false},
    {"\xf0\x9f\x91\xa9\xf0\x9f\x8f\xbb\xe2\x80\x8d\xf0\x9f\xa6\xb0", "woman: light skin tone, red hair", true},
    {"\xf0\x9f\x91\xa9\xf0\x9f\x8f\xbc\xe2\x80\x8d\xf0\x9f\xa6\xb0", "woman: medium-light skin tone, red hair", true},
    {"\xf0\x9f\x91\xa9\xf0\x9f\x8f\xbd\xe2\x80\x8d\xf0\x9f\xa6\xb0", "woman: medium skin tone, red hair", true},
    {"\xf0\x9f\x91\xa9\xf0\x9f\x8f\xbe\xe2\x80\x8d\xf0\x9f\xa6\xb0", "woman: medium-dark skin tone, red hair", true},
    {"\xf0\x9f\x91\xa9\xf0\x9f\x8f\xbf\xe2\x80\x8d\xf0\x9f\xa6\xb0", "woman: dark skin tone, red hair", true},
    {"\xf0\x9f\xa7\x91\xe2\x80\x8d\xf0\x9f\xa6\xb0", "person: red hair", false},
    {"\xf0\x9f\xa7\x91\xf0\x9f\x8f\xbb\xe2\x80\x8d\xf0\x9f\xa6\xb0", "person: light skin tone, red hair", true},
    {"\xf0\x9f\xa7\x91\xf0\x9f\x8f\xbc\xe2\x80\x8d\xf0\x9f\xa6\xb0", "person: medium-light skin tone, red hair", true},
    {"\xf0\x9f\xa7\x91\xf0\x9f\x8f\xbd\xe2\x80\x8d\xf0\x9f\xa6\xb0", "person: medium skin tone, red hair", true},
    {"\xf0\x9f\xa7\x91\xf0\x9f\x8f\xbe\xe2\x80\x8d\xf0\x9f\xa6\xb0", "person: medium-dark skin tone, red hair", true},
    {"\xf0\x9f\xa7\x91\xf0\x9f\x8f\xbf\xe2\x80\x8d\xf0\x9f\xa6\xb0", "person: dark skin tone, red hair", true},
    {"\xf0\x9f\x91\xa9\xe2\x80\x8d\xf0\x9f\xa6\xb1", "woman: curly hair", false},
    {"\xf0\x9f\x91\xa9\xf0\x9f\x8f\xbb\xe2\x80\x8d\xf0\x9f\xa6\xb1", "woman: light skin tone, curly hair", true},
    {"\xf0\x9f\x91\xa9\xf0\x9f\x8f\xbc\xe2\x80\x8d\xf0\x9f\xa6\xb1", "woman: medium-light skin tone, curly hair", true},
    {"\xf0\x9f\x91\xa9\xf0\x9f\x8f\xbd\xe2\x80\x8d\xf0\x9f\xa6\xb1", "woman: medium skin tone, curly hair", true},
    {"\xf0\x9f\x91\xa9\xf0\x9f\x8f\xbe\xe2\x80\x8d\xf0\x9f\xa6\xb1", "woman: medium-dark skin tone, curly hair", true},
    {"\xf0\x9f\x91\xa9\xf0\x9f\x8f\xbf\xe2\x80\x8d\xf0\x9f\xa6\xb1", "woman: dark skin tone, curly hair", true},
    {"\xf0\x9f\xa7\x91\xe2\x80\x8d\xf0\x9f\xa6\xb1", "person: curly hair", false},
    {"\xf0\x9f\xa7\x91\xf0\x9f\x8f\xbb\xe2\x80\x8d\xf0\x9f\xa6\xb1", "person: light skin tone, curly hair", true},
    {"\xf0\x9f\xa7\x91\xf0\x9f\x8f\xbc\xe2\x80\x8d\xf0\x9f\xa6\xb1", "person: medium-light skin tone, curly hair", true},
    {"\xf0\x9f\xa7\x91\xf0\x9f\x8f\xbd\xe2\x80\x8d\xf0\x9f\xa6\xb1", "person: medium skin tone, curly hair", true},
    {"\xf0\x9f\xa7\x91\xf0\x9f\x8f\xbe\xe2\x80\x8d\xf0\x9f\xa6\xb1", "person: medium-dark skin tone, curly hair", true},
    {"\xf0\x9f\xa7\x91\xf0\x9f\x8f\xbf\xe2\x80\x8d\xf0\x9f\xa6\xb1", "person: dark skin tone, curly hair", true},
    {"\xf0\x9f\x91\xa9\xe2\x80\x8d\xf0\x9f\xa6\xb3", "woman: white hair", false},
    {"\xf0\x9f\x91\xa9\xf0\x9f\x8f\xbb\xe2\x80\x8d\xf0\x9f\xa6\xb3", "woman: light skin tone, white hair", true},
    {"\xf0\x9f\x91\xa9\xf0\x9f\x8f\xbc\xe2\x80\x8d\xf0\x9f\xa6\xb3", "woman: medium-light skin tone, white hair", true},
    {"\xf0\x9f\x91\xa9\xf0\x9f\x8f\xbd\xe2\x80\x8d\xf0\x9f\xa6\xb3", "woman: medium skin tone, white hair", true},
    {"\xf0\x9f\x91\xa9\xf0\x9f\x8f\xbe\xe2\x80\x8d\xf0\x9f\xa6\xb3", "woman: medium-dark skin tone, white hair", true},
    {"\xf0\x9f\x91\xa9\xf0\x9f\x8f\xbf\xe2\x80\x8d\xf0\x9f\xa6\xb3", "woman: dark skin tone, white hair", true},
    {"\xf0\x9f\xa7\x91\xe2\x80\x8d\xf0\x9f\xa6\xb3", "person: white hair", false},
    {"\xf0\x9f\xa7\x91\xf0\x9f\x8f\xbb\xe2\x80\x8d\xf0\x9f\xa6\xb3", "person: light skin tone, white hair", true},
    {"\xf0\x9f\xa7\x91\xf0\x9f\x8f\xbc\xe2\x80\x8d\xf0\x9f\xa6\xb3", "person: medium-light skin tone, white hair", true},
    {"\xf0\x9f\xa7\x91\xf0\x9f\x8f\xbd\xe2\x80\x8d\xf0\x9f\xa6\xb3", "person: medium skin tone, white hair", true},
    {"\xf0\x9f\xa7\x91\xf0\x9f\x8f\xbe\xe2\x80\x8d\xf0\x9f\xa6\xb3", "person: medium-dark skin tone, white hair", true},
    {"\xf0\x9f\xa7\x91\xf0\x9f\x8f\xbf\xe2\x80\x8d\xf0\x9f\xa6\xb3", "person: dark skin tone, white hair", true},
    {"\xf0\x9f\x91\xa9\xe2\x80\x8d\xf0\x9f\xa6\xb2", "woman: bald", false},
    {"\xf0\x9f\x91\xa9\xf0\x9f\x8f\xbb\xe2\x80\x8d\xf0\x9f\xa6\xb2", "woman: light skin tone, bald", true},
    {"\xf0\x9f\x91\xa9\xf0\x9f\x8f\xbc\xe2\x80\x8d\xf0\x9f\xa6\xb2", "woman: medium-light skin tone, bald", true},
    {"\xf0\x9f\x91\xa9\xf0\x9f\x8f\xbd\xe2\x80\x8d\xf0\x9f\xa6\xb2", "woman: medium skin tone, bald", true},
    {"\xf0\x9f\x91\xa9\xf0\x9f\x8f\xbe\xe2\x80\x8d\xf0\x9f\xa6\xb2", "woman: medium-dark skin tone, bald", true},
    {"\xf0\x9f\x91\xa9\xf0\x9f\x8f\xbf\xe2\x80\x8d\xf0\x9f\xa6\xb2", "woman: dark skin tone, bald", true},
    {"\xf0\x9f\xa7\x91\xe2\x80\x8d\xf0\x9f\xa6\xb2", "person: bald", false},
    {"\xf0\x9f\xa7\x91\xf0\x9f\x8f\xbb\xe2\x80\x8d\xf0\x9f\xa6\xb2", "person: light skin tone, bald", true},
    {"\xf0\x9f\xa7\x91\xf0\x9f\x8f\xbc\xe2\x80\x8d\xf0\x9f\xa6\xb2", "person: medium-light skin tone, bald", true},
    {"\xf0\x9f\xa7\x91\xf0\x9f\x8f\xbd\xe2\x80\x8d\xf0\x9f\xa6\xb2", "person: medium skin tone, bald", true},
    {"\xf0\x9f\xa7\x91\xf0\x9f\x8f\xbe\xe2\x80\x8d\xf0\x9f\xa6\xb2", "person: medium-dark skin tone, bald", true},
    {"\xf0\x9f\xa7\x91\xf0\x9f\x8f\xbf\xe2\x80\x8d\xf0\x9f\xa6\xb2", "person: dark skin tone, bald", true},
    {"\xf0\x9f\x91\xb1\xe2\x80\x8d\xe2\x99\x80\xef\xb8\x8f", "woman: blond hair", false},
    {"\xf0\x9f\x91\xb1\xf0\x9f\x8f\xbb\xe2\x80\x8d\xe2\x99\x80\xef\xb8\x8f", "woman: light skin tone, blond hair", true},
    {"\xf0\x9f\x91\xb1\xf0\x9f\x8f\xbc\xe2\x80\x8d\xe2\x99\x80\xef\xb8\x8f", "woman: medium-light skin tone, blond hair", true},
    {"\xf0\x9f\x91\xb1\xf0\x9f\x8f\xbd\xe2\x80\x8d\xe2\x99\x80\xef\xb8\x8f", "woman: medium skin tone, blond hair", true},
    {"\xf0\x9f\x91\xb1\xf0\x9f\x8f\xbe\xe2\x80\x8d\xe2\x99\x80\xef\xb8\x8f", "woman: medium-dark skin tone, blond hair", true},
    {"\xf0\x9f\x91\xb1\xf0\x9f\x8f\xbf\xe2\x80\x8d\xe2\x99\x80\xef\xb8\x8f", "woman: dark skin tone, blond hair", true},
    {"\xf0\x9f\x91\xb1\xe2\x80\x8d\xe2\x99\x82\xef\xb8\x8f", "man: blond hair", false},
    {"\xf0\x9f\x91\xb1\xf0\x9f\x8f\xbb\xe2\x80\x8d\xe2\x99\x82\xef\xb8\x8f", "man: light skin tone, blond hair", true},
    {"\xf0\x9f\x91\xb1\xf0\x9f\x8f\xbc\xe2\x80\x8d\xe2\x99\x82\xef\xb8\x8f", "man: medium-light skin tone, blond hair", true},
    {"\xf0\x9f\x91\xb1\xf0\x9f\x8f\xbd\xe2\x80\x8d\xe2\x99\x82\xef\xb8\x8f", "man: medium skin tone, blond hair", true},
    {"\xf0\x9f\x91\xb1\xf0\x9f\x8f\xbe\xe2\x80\x8d\xe2\x99\x82\xef\xb8\x8f", "man: medium-dark skin tone, blond hair", true},
    {"\xf0\x9f\x91\xb1\xf0\x9f\x8f\xbf\xe2\x80\x8d\xe2\x99\x82\xef\xb8\x8f", "man: dark skin tone, blond hair", true},
    {"\xf0\x9f\xa7\x93", "older person", false},
    {"\xf0\x9f\xa7\x93\xf0\x9f\x8f\xbb", "older person: light skin tone", true},
    {"\xf0\x9f\xa7\x93\xf0\x9f\x8f\xbc", "older person: medium-light skin tone", true},
    {"\xf0\x9f\xa7\x93\xf0\x9f\x8f\xbd", "older person: medium skin tone", true},
    {"\xf0\x9f\xa7\x93\xf0\x9f\x8f\xbe", "older person: medium-dark skin tone", true},
    {"\xf0\x9f\xa7\x93\xf0\x9f\x8f\xbf", "older person: dark skin tone", true},
    {"\xf0\x9f\x91\xb4", "old man", false},
    {"\xf0\x9f\x91\xb4\xf0\x9f\x8f\xbb", "old man: light skin tone", true},
    {"\xf0\x9f\x91\xb4\xf0\x9f\x8f\xbc", "old man: medium-light skin tone", true},
    {"\xf0\x9f\x91\xb4\xf0\x9f\x8f\xbd", "old man: medium skin tone", true},
    {"\xf0\x9f\x91\xb4\xf0\x9f\x8f\xbe", "old man: medium-dark skin tone", true},
    {"\xf0\x9f\x91\xb4\xf0\x9f\x8f\xbf", "old man: dark skin tone", true},
    {"\xf0\x9f\x91\xb5", "old woman", false},
    {"\xf0\x9f\x91\xb5\xf0\x9f\x8f\xbb", "old woman: light skin tone", true},
    {"\xf0\x9f\x91\xb5\xf0\x9f\x8f\xbc", "old woman: medium-light skin tone", true},
    {"\xf0\x9f\x91\xb5\xf0\x9f\x8f\xbd", "old woman: medium skin tone", true},
    {"\xf0\x9f\x91\xb5\xf0\x9f\x8f\xbe", "old woman: medium-dark skin tone", true},
    {"\xf0\x9f\x91\xb5\xf0\x9f\x8f\xbf", "old woman: dark skin tone", true},
    {"\xf0\x9f\x99\x8d", "person frowning", false},
    {"\xf0\x9f\x99\x8d\xf0\x9f\x8f\xbb", "person frowning: light skin tone", true},
    {"\xf0\x9f\x99\x8d\xf0\x9f\x8f\xbc", "person frowning: medium-light skin tone", true},
    {"\xf0\x9f\x99\x8d\xf0\x9f\x8f\xbd", "person frowning: medium skin tone", true},
    {"\xf0\x9f\x99\x8d\xf0\x9f\x8f\xbe", "person frowning: medium-dark skin tone", true},
    {"\xf0\x9f\x99\x8d\xf0\x9f\x8f\xbf", "person frowning: dark skin tone", true},
    {"\xf0\x9f\x99\x8d\xe2\x80\x8d\xe2\x99\x82\xef\xb8\x8f", "man frowning", false},
    {"\xf0\x9f\x99\x8d\xf0\x9f\x8f\xbb\xe2\x80\x8d\xe2\x99\x82\xef\xb8\x8f", "man frowning: light skin tone", true},
    {"\xf0\x9f\x99\x8d\xf0\x9f\x8f\xbc\xe2\x80\x8d\xe2\x99\x82\xef\xb8\x8f", "man frowning: medium-light skin tone", true},
    {"\xf0\x9f\x99\x8d\xf0\x9f\x8f\xbd\xe2\x80\x8d\xe2\x99\x82\xef\xb8\x8f", "man frowning: medium skin tone", true},
    {"\xf0\x9f\x99\x8d\xf0\x9f\x8f\xbe\xe2\x80\x8d\xe2\x99\x82\xef\xb8\x8f", "man frowning: medium-dark skin tone", true},
    {"\xf0\x9f\x99\x8d\xf0\x9f\x8f\xbf\xe2\x80\x8d\xe2\x99\x82\xef\xb8\x8f", "man frowning: dark skin tone", true},
    {"\xf0\x9f\x99\x8d\xe2\x80\x8d\xe2\x99\x80\xef\xb8\x8f", "woman frowning", false},
    {"\xf0\x9f\x99\x8d\xf0\x9f\x8f\xbb\xe2\x80\x8d\xe2\x99\x80\xef\xb8\x8f", "woman frowning: light skin tone", true},
    {"\xf0\x9f\x99\x8d\xf0\x9f\x8f\xbc\xe2\x80\x8d\xe2\x99\x80\xef\xb8\x8f", "woman frowning: medium-light skin tone", true},
    {"\xf0\x9f\x99\x8d\xf0\x9f\x8f\xbd\xe2\x80\x8d\xe2\x99\x80\xef\xb8\x8f", "woman frowning: medium skin tone", true},
    {"\xf0\x9f\x99\x8d\xf0\x9f\x8f\xbe\xe2\x80\x8d\xe2\x99\x80\xef\xb8\x8f", "woman frowning: medium-dark skin tone", true},
    {"\xf0\x9f\x99\x8d\xf0\x9f\x8f\xbf\xe2\x80\x8d\xe2\x99\x80\xef\xb8\x8f", "woman frowning: dark skin tone", true},
    {"\xf0\x9f\x99\x8e", "person pouting", false},
    {"\xf0\x9f\x99\x8e\xf0\x9f\x8f\xbb", "person pouting: light skin tone", true},
    {"\xf0\x9f\x99\x8e\xf0\x9f\x8f\xbc", "person pouting: medium-light skin tone", true},
    {"\xf0\x9f\x99\x8e\xf0\x9f\x8f\xbd", "person pouting: medium skin tone", true},
    {"\xf0\x9f\x99\x8e\xf0\x9f\x8f\xbe", "person pouting: medium-dark skin tone", true},
    {"\xf0\x9f\x99\x8e\xf0\x9f\x8f\xbf", "person pouting: dark skin tone", true},
    {"\xf0\x9f\x99\x8e\xe2\x80\x8d\xe2\x99\x82\xef\xb8\x8f", "man pouting", false},
    {"\xf0\x9f\x99\x8e\xf0\x9f\x8f\xbb\xe2\x80\x8d\xe2\x99\x82\xef\xb8\x8f", "man pouting: light skin tone", true},
    {"\xf0\x9f\x99\x8e\xf0\x9f\x8f\xbc\xe2\x80\x8d\xe2\x99\x82\xef\xb8\x8f", "man pouting: medium-light skin tone", true},
    {"\xf0\x9f\x99\x8e\xf0\x9f\x8f\xbd\xe2\x80\x8d\xe2\x99\x82\xef\xb8\x8f", "man pouting: medium skin tone", true},
    {"\xf0\x9f\x99\x8e\xf0\x9f\x8f\xbe\xe2\x80\x8d\xe2\x99\x82\xef\xb8\x8f", "man pouting: medium-dark skin tone", true},
    {"\xf0\x9f\x99\x8e\xf0\x9f\x8f\xbf\xe2\x80\x8d\xe2\x99\x82\xef\xb8\x8f", "man pouting: dark skin tone", true},
    {"\xf0\x9f\x99\x8e\xe2\x80\x8d\xe2\x99\x80\xef\xb8\x8f", "woman pouting", false},
    {"\xf0\x9f\x99\x8e\xf0\x9f\x8f\xbb\xe2\x80\x8d\xe2\x99\x80\xef\xb8\x8f", "woman pouting: light skin tone", true},
    {"\xf0\x9f\x99\x8e\xf0\x9f\x8f\xbc\xe2\x80\x8d\xe2\x99\x80\xef\xb8\x8f", "woman pouting: medium-light skin tone", true},
    {"\xf0\x9f\x99\x8e\xf0\x9f\x8f\xbd\xe2\x80\x8d\xe2\x99\x80\xef\xb8\x8f", "woman pouting: medium skin tone", true},
    {"\xf0\x9f\x99\x8e\xf0\x9f\x8f\xbe\xe2\x80\x8d\xe2\x99\x80\xef\xb8\x8f", "woman pouting: medium-dark skin tone", true},
    {"\xf0\x9f\x99\x8e\xf0\x9f\x8f\xbf\xe2\x80\x8d\xe2\x99\x80\xef\xb8\x8f", "woman pouting: dark skin tone", true},
    {"\xf0\x9f\x99\x85", "person gesturing NO", false},
    {"\xf0\x9f\x99\x85\xf0\x9f\x8f\xbb", "person gesturing NO: light skin tone", true},
    {"\xf0\x9f\x99\x85\xf0\x9f\x8f\xbc", "person gesturing NO: medium-light skin tone", true},
    {"\xf0\x9f\x99\x85\xf0\x9f\x8f\xbd", "person gesturing NO: medium skin tone", true},
    {"\xf0\x9f\x99\x85\xf0\x9f\x8f\xbe", "person gesturing NO: medium-dark skin tone", true},
    {"\xf0\x9f\x99\x85\xf0\x9f\x8f\xbf", "person gesturing NO: dark skin tone", true},
    {"\xf0\x9f\x99\x85\xe2\x80\x8d\xe2\x99\x82\xef\xb8\x8f", "man gesturing NO", false},
    {"\xf0\x9f\x99\x85\xf0\x9f\x8f\xbb\xe2\x80\x8d\xe2\x99\x82\xef\xb8\x8f", "man gesturing NO: light skin tone", true},
    {"\xf0\x9f\x99\x85\xf0\x9f\x8f\xbc\xe2\x80\x8d\xe2\x99\x82\xef\xb8\x8f", "man gesturing NO: medium-light skin tone", true},
    {"\xf0\x9f\x99\x85\xf0\x9f\x8f\xbd\xe2\x80\x8d\xe2\x99\x82\xef\xb8\x8f", "man gesturing NO: medium skin tone", true},
    {"\xf0\x9f\x99\x85\xf0\x9f\x8f\xbe\xe2\x80\x8d\xe2\x99\x82\xef\xb8\x8f", "man gesturing NO: medium-dark skin tone", true},
    {"\xf0\x9f\x99\x85\xf0\x9f\x8f\xbf\xe2\x80\x8d\xe2\x99\x82\xef\xb8\x8f", "man gesturing NO: dark skin tone", true},
    {"\xf0\x9f\x99\x85\xe2\x80\x8d\xe2\x99\x80\xef\xb8\x8f", "woman gesturing NO", false},
    {"\xf0\x9f\x99\x85\xf0\x9f\x8f\xbb\xe2\x80\x8d\xe2\x99\x80\xef\xb8\x8f", "woman gesturing NO: light skin tone", true},
    {"\xf0\x9f\x99\x85\xf0\x9f\x8f\xbc\xe2\x80\x8d\xe2\x99\x80\xef\xb8\x8f", "woman gesturing NO: medium-light skin tone", true},
    {"\xf0\x9f\x99\x85\xf0\x9f\x8f\xbd\xe2\x80\x8d\xe2\x99\x80\xef\xb8\x8f", "woman gesturing NO: medium skin tone", true},
    {"\xf0\x9f\x99\x85\xf0\x9f\x8f\xbe\xe2\x80\x8d\xe2\x99\x80\xef\xb8\x8f", "woman gesturing NO: medium-dark skin tone", true},
    {"\xf0\x9f\x99\x85\xf0\x9f\x8f\xbf\xe2\x80\x8d\xe2\x99\x80\xef\xb8\x8f", "woman gesturing NO: dark skin tone", true},
    {"\xf0\x9f\x99\x86", "person gesturing OK", false},
    {"\xf0\x9f\x99\x86\xf0\x9f\x8f\xbb", "person gesturing OK: light skin tone", true},
    {"\xf0\x9f\x99\x86\xf0\x9f\x8f\xbc", "person gesturing OK: medium-light skin tone", true},
    {"\xf0\x9f\x99\x86\xf0\x9f\x8f\xbd", "person gesturing OK: medium skin tone", true},
    {"\xf0\x9f\x99\x86\xf0\x9f\x8f\xbe", "person gesturing OK: medium-dark skin tone", true},
    {"\xf0\x9f\x99\x86\xf0\x9f\x8f\xbf", "person gesturing OK: dark skin tone", true},
    {"\xf0\x9f\x99\x86\xe2\x80\x8d\xe2\x99\x82\xef\xb8\x8f", "man gesturing OK", false},
    {"\xf0\x9f\x99\x86\xf0\x9f\x8f\xbb\xe2\x80\x8d\xe2\x99\x82\xef\xb8\x8f", "man gesturing OK: light skin tone", true},
    {"\xf0\x9f\x99\x86\xf0\x9f\x8f\xbc\xe2\x80\x8d\xe2\x99\x82\xef\xb8\x8f", "man gesturing OK: medium-light skin tone", true},
    {"\xf0\x9f\x99\x86\xf0\x9f\x8f\xbd\xe2\x80\x8d\xe2\x99\x82\xef\xb8\x8f", "man gesturing OK: medium skin tone", true},
    {"\xf0\x9f\x99\x86\xf0\x9f\x8f\xbe\xe2\x80\x8d\xe2\x99\x82\xef\xb8\x8f", "man gesturing OK: medium-dark skin tone", true},
    {"\xf0\x9f\x99\x86\xf0\x9f\x8f\xbf\xe2\x80\x8d\xe2\x99\x82\xef\xb8\x8f", "man gesturing OK: dark skin tone", true},
    {"\xf0\x9f\x99\x86\xe2\x80\x8d\xe2\x99\x80\xef\xb8\x8f", "woman gesturing OK", false},
    {"\xf0\x9f\x99\x86\xf0\x9f\x8f\xbb\xe2\x80\x8d\xe2\x99\x80\xef\xb8\x8f", "woman gesturing OK: light skin tone", true},
    {"\xf0\x9f\x99\x86\xf0\x9f\x8f\xbc\xe2\x80\x8d\xe2\x99\x80\xef\xb8\x8f", "woman gesturing OK: medium-light skin tone", true},
    {"\xf0\x9f\x99\x86\xf0\x9f\x8f\xbd\xe2\x80\x8d\xe2\x99\x80\xef\xb8\x8f", "woman gesturing OK: medium skin tone", true},
    {"\xf0\x9f\x99\x86\xf0\x9f\x8f\xbe\xe2\x80\x8d\xe2\x99\x80\xef\xb8\x8f", "woman gesturing OK: medium-dark skin tone", true},
    {"\xf0\x9f\x99\x86\xf0\x9f\x8f\xbf\xe2\x80\x8d\xe2\x99\x80\xef\xb8\x8f", "woman gesturing OK: dark skin tone", true},
    {"\xf0\x9f\x92\x81", "person tipping hand", false},
    {"\xf0\x9f\x92\x81\xf0\x9f\x8f\xbb", "person tipping hand: light skin tone", true},
    {"\xf0\x9f\x92\x81\xf0\x9f\x8f\xbc", "person tipping hand: medium-light skin tone", true},
    {"\xf0\x9f\x92\x81\xf0\x9f\x8f\xbd", "person tipping hand: medium skin tone", true},
    {"\xf0\x9f\x92\x81\xf0\x9f\x8f\xbe", "person tipping hand: medium-dark skin tone", true},
    {"\xf0\x9f\x92\x81\xf0\x9f\x8f\xbf", "person tipping hand: dark skin tone", true},
    {"\xf0\x9f\x92\x81\xe2\x80\x8d\xe2\x99\x82\xef\xb8\x8f", "man tipping hand", false},
    {"\xf0\x9f\x92\x81\xf0\x9f\x8f\xbb\xe2\x80\x8d\xe2\x99\x82\xef\xb8\x8f", "man tipping hand: light skin tone", true},
    {"\xf0\x9f\x92\x81\xf0\x9f\x8f\xbc\xe2\x80\x8d\xe2\x99\x82\xef\xb8\x8f", "man tipping hand: medium-light skin tone", true},
    {"\xf0\x9f\x92\x81\xf0\x9f\x8f\xbd\xe2\x80\x8d\xe2\x99\x82\xef\xb8\x8f", "man tipping hand: medium skin tone", true},
    {"\xf0\x9f\x92\x81\xf0\x9f\x8f\xbe\xe2\x80\x8d\xe2\x99\x82\xef\xb8\x8f", "man tipping hand: medium-dark skin tone", true},
    {"\xf0\x9f\x92\x81\xf0\x9f\x8f\xbf\xe2\x80\x8d\xe2\x99\x82\xef\xb8\x8f", "man tipping hand: dark skin tone", true},
    {"\xf0\x9f\x92\x81\xe2\x80\x8d\xe2\x99\x80\xef\xb8\x8f", "woman tipping hand", false},
    {"\xf0\x9f\x92\x81\xf0\x9f\x8f\xbb\xe2\x80\x8d\xe2\x99\x80\xef\xb8\x8f", "woman tipping hand: light skin tone", true},
    {"\xf0\x9f\x92\x81\xf0\x9f\x8f\xbc\xe2\x80\x8d\xe2\x99\x80\xef\xb8\x8f", "woman tipping hand: medium-light skin tone", true},
    {"\xf0\x9f\x92\x81\xf0\x9f\x8f\xbd\xe2\x80\x8d\xe2\x99\x80\xef\xb8\x8f", "woman tipping hand: medium skin tone", true},
    {"\xf0\x9f\x92\x81\xf0\x9f\x8f\xbe\xe2\x80\x8d\xe2\x99\x80\xef\xb8\x8f", "woman tipping hand: medium-dark skin tone", true},
    {"\xf0\x9f\x92\x81\xf0\x9f\x8f\xbf\xe2\x80\x8d\xe2\x99\x80\xef\xb8\x8f", "woman tipping hand: dark skin tone", true},
    {"\xf0\x9f\x99\x8b", "person raising hand", false},
    {"\xf0\x9f\x99\x8b\xf0\x9f\x8f\xbb", "person raising hand: light skin tone", true},
    {"\xf0\x9f\x99\x8b\xf0\x9f\x8f\xbc", "person raising hand: medium-light skin tone", true},
    {"\xf0\x9f\x99\x8b\xf0\x9f\x8f\xbd", "person raising hand: medium skin tone", true},
    {"\xf0\x9f\x99\x8b\xf0\x9f\x8f\xbe", "person raising hand: medium-dark skin tone", true},
    {"\xf0\x9f\x99\x8b\xf0\x9f\x8f\xbf", "person raising hand: dark skin tone", true},
    {"\xf0\x9f\x99\x8b\xe2\x80\x8d\xe2\x99\x82\xef\xb8\x8f", "man raising hand", false},
    {"\xf0\x9f\x99\x8b\xf0\x9f\x8f\xbb\xe2\x80\x8d\xe2\x99\x82\xef\xb8\x8f", "man raising hand: light skin tone", true},
    {"\xf0\x9f\x99\x8b\xf0\x9f\x8f\xbc\xe2\x80\x8d\xe2\x99\x82\xef\xb8\x8f", "man raising hand: medium-light skin tone", true},
    {"\xf0\x9f\x99\x8b\xf0\x9f\x8f\xbd\xe2\x80\x8d\xe2\x99\x82\xef\xb8\x8f", "man raising hand: medium skin tone", true},
    {"\xf0\x9f\x99\x8b\xf0\x9f\x8f\xbe\xe2\x80\x8d\xe2\x99\x82\xef\xb8\x8f", "man raising hand: medium-dark skin tone", true},
    {"\xf0\x9f\x99\x8b\xf0\x9f\x8f\xbf\xe2\x80\x8d\xe2\x99\x82\xef\xb8\x8f", "man raising hand: dark skin tone", true},
    {"\xf0\x9f\x99\x8b\xe2\x80\x8d\xe2\x99\x80\xef\xb8\x8f", "woman raising hand", false},
    {"\xf0\x9f\x99\x8b\xf0\x9f\x8f\xbb\xe2\x80\x8d\xe2\x99\x80\xef\xb8\x8f", "woman raising hand: light skin tone", true},
    {"\xf0\x9f\x99\x8b\xf0\x9f\x8f\xbc\xe2\x80\x8d\xe2\x99\x80\xef\xb8\x8f", "woman raising hand: medium-light skin tone", true},
    {"\xf0\x9f\x99\x8b\xf0\x9f\x8f\xbd\xe2\x80\x8d\xe2\x99\x80\xef\xb8\x8f", "woman raising hand: medium skin tone", true},
    {"\xf0\x9f\x99\x8b\xf0\x9f\x8f\xbe\xe2\x80\x8d\xe2\x99\x80\xef\xb8\x8f", "woman raising hand: medium-dark skin tone", true},
    {"\xf0\x9f\x99\x8b\xf0\x9f\x8f\xbf\xe2\x80\x8d\xe2\x99\x80\xef\xb8\x8f", "woman raising hand: dark skin tone", true},
    {"\xf0\x9f\xa7\x8f", "deaf person", false},
    {"\xf0\x9f\xa7\x8f\xf0\x9f\x8f\xbb", "deaf person: light skin tone", true},
    {"\xf0\x9f\xa7\x8f\xf0\x9f\x8f\xbc", "deaf person: medium-light skin tone", true},
    {"\xf0\x9f\xa7\x8f\xf0\x9f\x8f\xbd", "deaf person: medium skin tone", true},
    {"\xf0\x9f\xa7\x8f\xf0\x9f\x8f\xbe", "deaf person: medium-dark skin tone", true},
    {"\xf0\x9f\xa7\x8f\xf0\x9f\x8f\xbf", "deaf person: dark skin tone", true},
    {"\xf0\x9f\xa7\x8f\xe2\x80\x8d\xe2\x99\x82\xef\xb8\x8f", "deaf man", false},
    {"\xf0\x9f\xa7\x8f\xf0\x9f\x8f\xbb\xe2\x80\x8d\xe2\x99\x82\xef\xb8\x8f", "deaf man: light skin tone", true},
    {"\xf0\x9f\xa7\x8f\xf0\x9f\x8f\xbc\xe2\x80\x8d\xe2\x99\x82\xef\xb8\x8f", "deaf man: medium-light skin tone", true},
    {"\xf0\x9f\xa7\x8f\xf0\x9f\x8f\xbd\xe2\x80\x8d\xe2\x99\x82\xef\xb8\x8f", "deaf man: medium skin tone", true},
    {"\xf0\x9f\xa7\x8f\xf0\x9f\x8f\xbe\xe2\x80\x8d\xe2\x99\x82\xef\xb8\x8f", "deaf man: medium-dark skin tone", true},
    {"\xf0\x9f\xa7\x8f\xf0\x9f\x8f\xbf\xe2\x80\x8d\xe2\x99\x82\xef\xb8\x8f", "deaf man: dark skin tone", true},
    {"\xf0\x9f\xa7\x8f\xe2\x80\x8d\xe2\x99\x80\xef\xb8\x8f", "deaf woman", false},
    {"\xf0\x9f\xa7\x8f\xf0\x9f\x8f\xbb\xe2\x80\x8d\xe2\x99\x80\xef\xb8\x8f", "deaf woman: light skin tone", true},
    {"\xf0\x9f\xa7\x8f\xf0\x9f\x8f\xbc\xe2\x80\x8d\xe2\x99\x80\xef\xb8\x8f", "deaf woman: medium-light skin tone", true},
    {"\xf0\x9f\xa7\x8f\xf0\x9f\x8f\xbd\xe2\x80\x8d\xe2\x99\x80\xef\xb8\x8f", "deaf woman: medium skin tone", true},
    {"\xf0\x9f\xa7\x8f\xf0\x9f\x8f\xbe\xe2\x80\x8d\xe2\x99\x80\xef\xb8\x8f", "deaf woman: medium-dark skin tone", true},
    {"\xf0\x9f\xa7\x8f\xf0\x9f\x8f\xbf\xe2\x80\x8d\xe2\x99\x80\xef\xb8\x8f", "deaf woman: dark skin tone", true},
    {"\xf0\x9f\x99\x87", "person bowing", false},
    {"\xf0\x9f\x99\x87\xf0\x9f\x8f\xbb", "person bowing: light skin tone", true},
    {"\xf0\x9f\x99\x87\xf0\x9f\x8f\xbc", "person bowing: medium-light skin tone", true},
    {"\xf0\x9f\x99\x87\xf0\x9f\x8f\xbd", "person bowing: medium skin tone", true},
    {"\xf0\x9f\x99\x87\xf0\x9f\x8f\xbe", "person bowing: medium-dark skin tone", true},
    {"\xf0\x9f\x99\x87\xf0\x9f\x8f\xbf", "person bowing: dark skin tone", true},
    {"\xf0\x9f\x99\x87\xe2\x80\x8d\xe2\x99\x82\xef\xb8\x8f", "man bowing", false},
    {"\xf0\x9f\x99\x87\xf0\x9f\x8f\xbb\xe2\x80\x8d\xe2\x99\x82\xef\xb8\x8f", "man bowing: light skin tone", true},
    {"\xf0\x9f\x99\x87\xf0\x9f\x8f\xbc\xe2\x80\x8d\xe2\x99\x82\xef\xb8\x8f", "man bowing: medium-light skin tone", true},
    {"\xf0\x9f\x99\x87\xf0\x9f\x8f\xbd\xe2\x80\x8d\xe2\x99\x82\xef\xb8\x8f", "man bowing: medium skin tone", true},
    {"\xf0\x9f\x99\x87\xf0\x9f\x8f\xbe\xe2\x80\x8d\xe2\x99\x82\xef\xb8\x8f", "man bowing: medium-dark skin tone", true},
    {"\xf0\x9f\x99\x87\xf0\x9f\x8f\xbf\xe2\x80\x8d\xe2\x99\x82\xef\xb8\x8f", "man bowing: dark skin tone", true},
    {"\xf0\x9f\x99\x87\xe2\x80\x8d\xe2\x99\x80\xef\xb8\x8f", "woman bowing", false},
    {"\xf0\x9f\x99\x87\xf0\x9f\x8f\xbb\xe2\x80\x8d\xe2\x99\x80\xef\xb8\x8f", "woman bowing: light skin tone", true},
    {"\xf0\x9f\x99\x87\xf0\x9f\x8f\xbc\xe2\x80\x8d\xe2\x99\x80\xef\xb8\x8f", "woman bowing: medium-light skin tone", true},
    {"\xf0\x9f\x99\x87\xf0\x9f\x8f\xbd\xe2\x80\x8d\xe2\x99\x80\xef\xb8\x8f", "woman bowing: medium skin tone", true},
    {"\xf0\x9f\x99\x87\xf0\x9f\x8f\xbe\xe2\x80\x8d\xe2\x99\x80\xef\xb8\x8f", "woman bowing: medium-dark skin tone", true},
    {"\xf0\x9f\x99\x87\xf0\x9f\x8f\xbf\xe2\x80\x8d\xe2\x99\x80\xef\xb8\x8f", "woman bowing: dark skin tone", true},
    {"\xf0\x9f\xa4\xa6", "person facepalming", false},
    {"\xf0\x9f\xa4\xa6\xf0\x9f\x8f\xbb", "person facepalming: light skin tone", true},
    {"\xf0\x9f\xa4\xa6\xf0\x9f\x8f\xbc", "person facepalming: medium-light skin tone", true},
    {"\xf0\x9f\xa4\xa6\xf0\x9f\x8f\xbd", "person facepalming: medium skin tone", true},
    {"\xf0\x9f\xa4\xa6\xf0\x9f\x8f\xbe", "person facepalming: medium-dark skin tone", true},
    {"\xf0\x9f\xa4\xa6\xf0\x9f\x8f\xbf", "person facepalming: dark skin tone", true},
    {"\xf0\x9f\xa4\xa6\xe2\x80\x8d\xe2\x99\x82\xef\xb8\x8f", "man facepalming", false},
    {"\xf0\x9f\xa4\xa6\xf0\x9f\x8f\xbb\xe2\x80\x8d\xe2\x99\x82\xef\xb8\x8f", "man facepalming: light skin tone", true},
    {"\xf0\x9f\xa4\xa6\xf0\x9f\x8f\xbc\xe2\x80\x8d\xe2\x99\x82\xef\xb8\x8f", "man facepalming: medium-light skin tone", true},
    {"\xf0\x9f\xa4\xa6\xf0\x9f\x8f\xbd\xe2\x80\x8d\xe2\x99\x82\xef\xb8\x8f", "man facepalming: medium skin tone", true},
    {"\xf0\x9f\xa4\xa6\xf0\x9f\x8f\xbe\xe2\x80\x8d\xe2\x99\x82\xef\xb8\x8f", "man facepalming: medium-dark skin tone", true},
    {"\xf0\x9f\xa4\xa6\xf0\x9f\x8f\xbf\xe2\x80\x8d\xe2\x99\x82\xef\xb8\x8f", "man facepalming: dark skin tone", true},
    {"\xf0\x9f\xa4\xa6\xe2\x80\x8d\xe2\x99\x80\xef\xb8\x8f", "woman facepalming", false},
    {"\xf0\x9f\xa4\xa6\xf0\x9f\x8f\xbb\xe2\x80\x8d\xe2\x99\x80\xef\xb8\x8f", "woman facepalming: light skin tone", true},
    {"\xf0\x9f\xa4\xa6\xf0\x9f\x8f\xbc\xe2\x80\x8d\xe2\x99\x80\xef\xb8\x8f", "woman facepalming: medium-light skin tone", true},
    {"\xf0\x9f\xa4\xa6\xf0\x9f\x8f\xbd\xe2\x80\x8d\xe2\x99\x80\xef\xb8\x8f", "woman facepalming: medium skin tone", true},
    {"\xf0\x9f\xa4\xa6\xf0\x9f\x8f\xbe\xe2\x80\x8d\xe2\x99\x80\xef\xb8\x8f", "woman facepalming: medium-dark skin tone", true},
    {"\xf0\x9f\xa4\xa6\xf0\x9f\x8f\xbf\xe2\x80\x8d\xe2\x99\x80\xef\xb8\x8f", "woman facepalming: dark skin tone", true},
    {"\xf0\x9f\xa4\xb7", "person shrugging", false},
    {"\xf0\x9f\xa4\xb7\xf0\x9f\x8f\xbb", "person shrugging: light skin tone", true},
    {"\xf0\x9f\xa4\xb7\xf0\x9f\x8f\xbc", "person shrugging: medium-light skin tone", true},
    {"\xf0\x9f\xa4\xb7\xf0\x9f\x8f\xbd", "person shrugging: medium skin tone", true},
    {"\xf0\x9f\xa4\xb7\xf0\x9f\x8f\xbe", "person shrugging: medium-dark skin tone", true},
    {"\xf0\x9f\xa4\xb7\xf0\x9f\x8f\xbf", "person shrugging: dark skin tone", true},
    {"\xf0\x9f\xa4\xb7\xe2\x80\x8d\xe2\x99\x82\xef\xb8\x8f", "man shrugging", false},
    {"\xf0\x9f\xa4\xb7\xf0\x9f\x8f\xbb\xe2\x80\x8d\xe2\x99\x82\xef\xb8\x8f", "man shrugging: light skin tone", true},
    {"\xf0\x9f\xa4\xb7\xf0\x9f\x8f\xbc\xe2\x80\x8d\xe2\x99\x82\xef\xb8\x8f", "man shrugging: medium-light skin tone", true},
    {"\xf0\x9f\xa4\xb7\xf0\x9f\x8f\xbd\xe2\x80\x8d\xe2\x99\x82\xef\xb8\x8f", "man shrugging: medium skin tone", true},
    {"\xf0\x9f\xa4\xb7\xf0\x9f\x8f\xbe\xe2\x80\x8d\xe2\x99\x82\xef\xb8\x8f", "man shrugging: medium-dark skin tone", true},
    {"\xf0\x9f\xa4\xb7\xf0\x9f\x8f\xbf\xe2\x80\x8d\xe2\x99\x82\xef\xb8\x8f", "man shrugging: dark skin tone", true},
    {"\xf0\x9f\xa4\xb7\xe2\x80\x8d\xe2\x99\x80\xef\xb8\x8f", "woman shrugging", false},
    {"\xf0\x9f\xa4\xb7\xf0\x9f\x8f\xbb\xe2\x80\x8d\xe2\x99\x80\xef\xb8\x8f", "woman shrugging: light skin tone", true},
    {"\xf0\x9f\xa4\xb7\xf0\x9f\x8f\xbc\xe2\x80\x8d\xe2\x99\x80\xef\xb8\x8f", "woman shrugging: medium-light skin tone", true},
    {"\xf0\x9f\xa4\xb7\xf0\x9f\x8f\xbd\xe2\x80\x8d\xe2\x99\x80\xef\xb8\x8f", "woman shrugging: medium skin tone", true},
    {"\xf0\x9f\xa4\xb7\xf0\x9f\x8f\xbe\xe2\x80\x8d\xe2\x99\x80\xef\xb8\x8f", "woman shrugging: medium-dark skin tone", true},
    {"\xf0\x9f\xa4\xb7\xf0\x9f\x8f\xbf\xe2\x80\x8d\xe2\x99\x80\xef\xb8\x8f", "woman shrugging: dark skin tone", true},
    {"\xf0\x9f\xa7\x91\xe2\x80\x8d\xe2\x9a\x95\xef\xb8\x8f", "health worker", false},
    {"\xf0\x9f\xa7\x91\xf0\x9f\x8f\xbb\xe2\x80\x8d\xe2\x9a\x95\xef\xb8\x8f", "health worker: light skin tone", true},
    {"\xf0\x9f\xa7\x91\xf0\x9f\x8f\xbc\xe2\x80\x8d\xe2\x9a\x95\xef\xb8\x8f", "health worker: medium-light skin tone", true},
    {"\xf0\x9f\xa7\x91\xf0\x9f\x8f\xbd\xe2\x80\x8d\xe2\x9a\x95\xef\xb8\x8f", "health worker: medium skin tone", true},
    {"\xf0\x9f\xa7\x91\xf0\x9f\x8f\xbe\xe2\x80\x8d\xe2\x9a\x95\xef\xb8\x8f", "health worker: medium-dark skin tone", true},
    {"\xf0\x9f\xa7\x91\xf0\x9f\x8f\xbf\xe2\x80\x8d\xe2\x9a\x95\xef\xb8\x8f", "health worker: dark skin tone", true},
    {"\xf0\x9f\x91\xa8\xe2\x80\x8d\xe2\x9a\x95\xef\xb8\x8f", "man health worker", false},
    {"\xf0\x9f\x91\xa8\xf0\x9f\x8f\xbb\xe2\x80\x8d\xe2\x9a\x95\xef\xb8\x8f", "man health worker: light skin tone", true},
    {"\xf0\x9f\x91\xa8\xf0\x9f\x8f\xbc\xe2\x80\x8d\xe2\x9a\x95\xef\xb8\x8f", "man health worker: medium-light skin tone", true},
    {"\xf0\x9f\x91\xa8\xf0\x9f\x8f\xbd\xe2\x80\x8d\xe2\x9a\x95\xef\xb8\x8f", "man health worker: medium skin tone", true},
    {"\xf0\x9f\x91\xa8\xf0\x9f\x8f\xbe\xe2\x80\x8d\xe2\x9a\x95\xef\xb8\x8f", "man health worker: medium-dark skin tone", true},
    {"\xf0\x9f\x91\xa8\xf0\x9f\x8f\xbf\xe2\x80\x8d\xe2\x9a\x95\xef\xb8\x8f", "man health worker: dark skin tone", true},
    {"\xf0\x9f\x91\xa9\xe2\x80\x8d\xe2\x9a\x95\xef\xb8\x8f", "woman health worker", false},
    {"\xf0\x9f\x91\xa9\xf0\x9f\x8f\xbb\xe2\x80\x8d\xe2\x9a\x95\xef\xb8\x8f", "woman health worker: light skin tone", true},
    {"\xf0\x9f\x91\xa9\xf0\x9f\x8f\xbc\xe2\x80\x8d\xe2\x9a\x95\xef\xb8\x8f", "woman health worker: medium-light skin tone", true},
    {"\xf0\x9f\x91\xa9\xf0\x9f\x8f\xbd\xe2\x80\x8d\xe2\x9a\x95\xef\xb8\x8f", "woman health worker: medium skin tone", true},
    {"\xf0\x9f\x91\xa9\xf0\x9f\x8f\xbe\xe2\x80\x8d\xe2\x9a\x95\xef\xb8\x8f", "woman health worker: medium-dark skin tone", true},
    {"\xf0\x9f\x91\xa9\xf0\x9f\x8f\xbf\xe2\x80\x8d\xe2\x9a\x95\xef\xb8\x8f", "woman health worker: dark skin tone", true},
    {"\xf0\x9f\xa7\x91\xe2\x80\x8d\xf0\x9f\x8e\x93", "student", false},
    {"\xf0\x9f\xa7\x91\xf0\x9f\x8f\xbb\xe2\x80\x8d\xf0\x9f\x8e\x93", "student: light skin tone", true},
    {"\xf0\x9f\xa7\x91\xf0\x9f\x8f\xbc\xe2\x80\x8d\xf0\x9f\x8e\x93", "student: medium-light skin tone", true},
    {"\xf0\x9f\xa7\x91\xf0\x9f\x8f\xbd\xe2\x80\x8d\xf0\x9f\x8e\x93", "student: medium skin tone", true},
    {"\xf0\x9f\xa7\x91\xf0\x9f\x8f\xbe\xe2\x80\x8d\xf0\x9f\x8e\x93", "student: medium-dark skin tone", true},
    {"\xf0\x9f\xa7\x91\xf0\x9f\x8f\xbf\xe2\x80\x8d\xf0\x9f\x8e\x93", "student: dark skin tone", true},
    {"\xf0\x9f\x91\xa8\xe2\x80\x8d\xf0\x9f\x8e\x93", "man student", false},
    {"\xf0\x9f\x91\xa8\xf0\x9f\x8f\xbb\xe2\x80\x8d\xf0\x9f\x8e\x93", "man student: light skin tone", true},
    {"\xf0\x9f\x91\xa8\xf0\x9f\x8f\xbc\xe2\x80\x8d\xf0\x9f\x8e\x93", "man student: medium-light skin tone", true},
    {"\xf0\x9f\x91\xa8\xf0\x9f\x8f\xbd\xe2\x80\x8d\xf0\x9f\x8e\x93", "man student: medium skin tone", true},
    {"\xf0\x9f\x91\xa8\xf0\x9f\x8f\xbe\xe2\x80\x8d\xf0\x9f\x8e\x93", "man student: medium-dark skin tone", true},
    {"\xf0\x9f\x91\xa8\xf0\x9f\x8f\xbf\xe2\x80\x8d\xf0\x9f\x8e\x93", "man student: dark skin tone", true},
    {"\xf0\x9f\x91\xa9\xe2\x80\x8d\xf0\x9f\x8e\x93", "woman student", false},
    {"\xf0\x9f\x91\xa9\xf0\x9f\x8f\xbb\xe2\x80\x8d\xf0\x9f\x8e\x93", "woman student: light skin tone", true},
    {"\xf0\x9f\x91\xa9\xf0\x9f\x8f\xbc\xe2\x80\x8d\xf0\x9f\x8e\x93", "woman student: medium-light skin tone", true},
    {"\xf0\x9f\x91\xa9\xf0\x9f\x8f\xbd\xe2\x80\x8d\xf0\x9f\x8e\x93", "woman student: medium skin tone", true},
    {"\xf0\x9f\x91\xa9\xf0\x9f\x8f\xbe\xe2\x80\x8d\xf0\x9f\x8e\x93", "woman student: medium-dark skin tone", true},
    {"\xf0\x9f\x91\xa9\xf0\x9f\x8f\xbf\xe2\x80\x8d\xf0\x9f\x8e\x93", "woman student: dark skin tone", true},
    {"\xf0\x9f\xa7\x91\xe2\x80\x8d\xf0\x9f\x8f\xab", "teacher", false},
    {"\xf0\x9f\xa7\x91\xf0\x9f\x8f\xbb\xe2\x80\x8d\xf0\x9f\x8f\xab", "teacher: light skin tone", true},
    {"\xf0\x9f\xa7\x91\xf0\x9f\x8f\xbc\xe2\x80\x8d\xf0\x9f\x8f\xab", "teacher: medium-light skin tone", true},
    {"\xf0\x9f\xa7\x91\xf0\x9f\x8f\xbd\xe2\x80\x8d\xf0\x9f\x8f\xab", "teacher: medium skin tone", true},
    {"\xf0\x9f\xa7\x91\xf0\x9f\x8f\xbe\xe2\x80\x8d\xf0\x9f\x8f\xab", "teacher: medium-dark skin tone", true},
    {"\xf0\x9f\xa7\x91\xf0\x9f\x8f\xbf\xe2\x80\x8d\xf0\x9f\x8f\xab", "teacher: dark skin tone", true},
    {"\xf0\x9f\x91\xa8\xe2\x80\x8d\xf0\x9f\x8f\xab", "man teacher", false},
    {"\xf0\x9f\x91\xa8\xf0\x9f\x8f\xbb\xe2\x80\x8d\xf0\x9f\x8f\xab", "man teacher: light skin tone", true},
    {"\xf0\x9f\x91\xa8\xf0\x9f\x8f\xbc\xe2\x80\x8d\xf0\x9f\x8f\xab", "man teacher: medium-light skin tone", true},
    {"\xf0\x9f\x91\xa8\xf0\x9f\x8f\xbd\xe2\x80\x8d\xf0\x9f\x8f\xab", "man teacher: medium skin tone", true},
    {"\xf0\x9f\x91\xa8\xf0\x9f\x8f\xbe\xe2\x80\x8d\xf0\x9f\x8f\xab", "man teacher: medium-dark skin tone", true},
    {"\xf0\x9f\x91\xa8\xf0\x9f\x8f\xbf\xe2\x80\x8d\xf0\x9f\x8f\xab", "man teacher: dark skin tone", true},
    {"\xf0\x9f\x91\xa9\xe2\x80\x8d\xf0\x9f\x8f\xab", "woman teacher", false},
    {"\xf0\x9f\x91\xa9\xf0\x9f\x8f\xbb\xe2\x80\x8d\xf0\x9f\x8f\xab", "woman teacher: light skin tone", true},
    {"\xf0\x9f\x91\xa9\xf0\x9f\x8f\xbc\xe2\x80\x8d\xf0\x9f\x8f\xab", "woman teacher: medium-light skin tone", true},
    {"\xf0\x9f\x91\xa9\xf0\x9f\x8f\xbd\xe2\x80\x8d\xf0\x9f\x8f\xab", "woman teacher: medium skin tone", true},
    {"\xf0\x9f\x91\xa9\xf0\x9f\x8f\xbe\xe2\x80\x8d\xf0\x9f\x8f\xab", "woman teacher: medium-dark skin tone", true},
    {"\xf0\x9f\x91\xa9\xf0\x9f\x8f\xbf\xe2\x80\x8d\xf0\x9f\x8f\xab", "woman teacher: dark skin tone", true},
    {"\xf0\x9f\xa7\x91\xe2\x80\x8d\xe2\x9a\x96\xef\xb8\x8f", "judge", false},
    {"\xf0\x9f\xa7\x91\xf0\x9f\x8f\xbb\xe2\x80\x8d\xe2\x9a\x96\xef\xb8\x8f", "judge: light skin tone", true},
    {"\xf0\x9f\xa7\x91\xf0\x9f\x8f\xbc\xe2\x80\x8d\xe2\x9a\x96\xef\xb8\x8f", "judge: medium-light skin tone", true},
    {"\xf0\x9f\xa7\x91\xf0\x9f\x8f\xbd\xe2\x80\x8d\xe2\x9a\x96\xef\xb8\x8f", "judge: medium skin tone", true},
    {"\xf0\x9f\xa7\x91\xf0\x9f\x8f\xbe\xe2\x80\x8d\xe2\x9a\x96\xef\xb8\x8f", "judge: medium-dark skin tone", true},
    {"\xf0\x9f\xa7\x91\xf0\x9f\x8f\xbf\xe2\x80\x8d\xe2\x9a\x96\xef\xb8\x8f", "judge: dark skin tone", true},
    {"\xf0\x9f\x91\xa8\xe2\x80\x8d\xe2\x9a\x96\xef\xb8\x8f", "man judge", false},
    {"\xf0\x9f\x91\xa8\xf0\x9f\x8f\xbb\xe2\x80\x8d\xe2\x9a\x96\xef\xb8\x8f", "man judge: light skin tone", true},
    {"\xf0\x9f\x91\xa8\xf0\x9f\x8f\xbc\xe2\x80\x8d\xe2\x9a\x96\xef\xb8\x8f", "man judge: medium-light skin tone", true},
    {"\xf0\x9f\x91\xa8\xf0\x9f\x8f\xbd\xe2\x80\x8d\xe2\x9a\x96\xef\xb8\x8f", "man judge: medium skin tone", true},
    {"\xf0\x9f\x91\xa8\xf0\x9f\x8f\xbe\xe2\x80\x8d\xe2\x9a\x96\xef\xb8\x8f", "man judge: medium-dark skin tone", true},
    {"\xf0\x9f\x91\xa8\xf0\x9f\x8f\xbf\xe2\x80\x8d\xe2\x9a\x96\xef\xb8\x8f", "man judge: dark skin tone", true},
    {"\xf0\x9f\x91\xa9\xe2\x80\x8d\xe2\x9a\x96\xef\xb8\x8f", "woman judge", false},
    {"\xf0\x9f\x91\xa9\xf0\x9f\x8f\xbb\xe2\x80\x8d\xe2\x9a\x96\xef\xb8\x8f", "woman judge: light skin tone", true},
    {"\xf0\x9f\x91\xa9\xf0\x9f\x8f\xbc\xe2\x80\x8d\xe2\x9a\x96\xef\xb8\x8f", "woman judge: medium-light skin tone", true},
    {"\xf0\x9f\x91\xa9\xf0\x9f\x8f\xbd\xe2\x80\x8d\xe2\x9a\x96\xef\xb8\x8f", "woman judge: medium skin tone", true},
    {"\xf0\x9f\x91\xa9\xf0\x9f\x8f\xbe\xe2\x80\x8d\xe2\x9a\x96\xef\xb8\x8f", "woman judge: medium-dark skin tone", true},
    {"\xf0\x9f\x91\xa9\xf0\x9f\x8f\xbf\xe2\x80\x8d\xe2\x9a\x96\xef\xb8\x8f", "woman judge: dark skin tone", true},
    {"\xf0\x9f\xa7\x91\xe2\x80\x8d\xf0\x9f\x8c\xbe", "farmer", false},
    {"\xf0\x9f\xa7\x91\xf0\x9f\x8f\xbb\xe2\x80\x8d\xf0\x9f\x8c\xbe", "farmer: light skin tone", true},
    {"\xf0\x9f\xa7\x91\xf0\x9f\x8f\xbc\xe2\x80\x8d\xf0\x9f\x8c\xbe", "farmer: medium-light skin tone", true},
    {"\xf0\x9f\xa7\x91\xf0\x9f\x8f\xbd\xe2\x80\x8d\xf0\x9f\x8c\xbe", "farmer: medium skin tone", true},
    {"\xf0\x9f\xa7\x91\xf0\x9f\x8f\xbe\xe2\x80\x8d\xf0\x9f\x8c\xbe", "farmer: medium-dark skin tone", true},
    {"\xf0\x9f\xa7\x91\xf0\x9f\x8f\xbf\xe2\x80\x8d\xf0\x9f\x8c\xbe", "farmer: dark skin tone", true},
    {"\xf0\x9f\x91\xa8\xe2\x80\x8d\xf0\x9f\x8c\xbe", "man farmer", false},
    {"\xf0\x9f\x91\xa8\xf0\x9f\x8f\xbb\xe2\x80\x8d\xf0\x9f\x8c\xbe", "man farmer: light skin tone", true},
    {"\xf0\x9f\x91\xa8\xf0\x9f\x8f\xbc\xe2\x80\x8d\xf0\x9f\x8c\xbe", "man farmer: medium-light skin tone", true},
    {"\xf0\x9f\x91\xa8\xf0\x9f\x8f\xbd\xe2\x80\x8d\xf0\x9f\x8c\xbe", "man farmer: medium skin tone", true},
    {"\xf0\x9f\x91\xa8\xf0\x9f\x8f\xbe\xe2\x80\x8d\xf0\x9f\x8c\xbe", "man farmer: medium-dark skin tone", true},
    {"\xf0\x9f\x91\xa8\xf0\x9f\x8f\xbf\xe2\x80\x8d\xf0\x9f\x8c\xbe", "man farmer: dark skin tone", true},
    {"\xf0\x9f\x91\xa9\xe2\x80\x8d\xf0\x9f\x8c\xbe", "woman farmer", false},
    {"\xf0\x9f\x91\xa9\xf0\x9f\x8f\xbb\xe2\x80\x8d\xf0\x9f\x8c\xbe", "woman farmer: light skin tone", true},
    {"\xf0\x9f\x91\xa9\xf0\x9f\x8f\xbc\xe2\x80\x8d\xf0\x9f\x8c\xbe", "woman farmer: medium-light skin tone", true},
    {"\xf0\x9f\x91\xa9\xf0\x9f\x8f\xbd\xe2\x80\x8d\xf0\x9f\x8c\xbe", "woman farmer: medium skin tone", true},
    {"\xf0\x9f\x91\xa9\xf0\x9f\x8f\xbe\xe2\x80\x8d\xf0\x9f\x8c\xbe", "woman farmer: medium-dark skin tone", true},
    {"\xf0\x9f\x91\xa9\xf0\x9f\x8f\xbf\xe2\x80\x8d\xf0\x9f\x8c\xbe", "woman farmer: dark skin tone", true},
    {"\xf0\x9f\xa7\x91\xe2\x80\x8d\xf0\x9f\x8d\xb3", "cook", false},
    {"\xf0\x9f\xa7\x91\xf0\x9f\x8f\xbb\xe2\x80\x8d\xf0\x9f\x8d\xb3", "cook: light skin tone", true},
    {"\xf0\x9f\xa7\x91\xf0\x9f\x8f\xbc\xe2\x80\x8d\xf0\x9f\x8d\xb3", "cook: medium-light skin tone", true},
    {"\xf0\x9f\xa7\x91\xf0\x9f\x8f\xbd\xe2\x80\x8d\xf0\x9f\x8d\xb3", "cook: medium skin tone", true},
    {"\xf0\x9f\xa7\x91\xf0\x9f\x8f\xbe\xe2\x80\x8d\xf0\x9f\x8d\xb3", "cook: medium-dark skin tone", true},
    {"\xf0\x9f\xa7\x91\xf0\x9f\x8f\xbf\xe2\x80\x8d\xf0\x9f\x8d\xb3", "cook: dark skin tone", true},
    {"\xf0\x9f\x91\xa8\xe2\x80\x8d\xf0\x9f\x8d\xb3", "man cook", false},
    {"\xf0\x9f\x91\xa8\xf0\x9f\x8f\xbb\xe2\x80\x8d\xf0\x9f\x8d\xb3", "man cook: light skin tone", true},
    {"\xf0\x9f\x91\xa8\xf0\x9f\x8f\xbc\xe2\x80\x8d\xf0\x9f\x8d\xb3", "man cook: medium-light skin tone", true},
    {"\xf0\x9f\x91\xa8\xf0\x9f\x8f\xbd\xe2\x80\x8d\xf0\x9f\x8d\xb3", "man cook: medium skin tone", true},
    {"\xf0\x9f\x91\xa8\xf0\x9f\x8f\xbe\xe2\x80\x8d\xf0\x9f\x8d\xb3", "man cook: medium-dark skin tone", true},
    {"\xf0\x9f\x91\xa8\xf0\x9f\x8f\xbf\xe2\x80\x8d\xf0\x9f\x8d\xb3", "man cook: dark skin tone", true},
    {"\xf0\x9f\x91\xa9\xe2\x80\x8d\xf0\x9f\x8d\xb3", "woman cook", false},
    {"\xf0\x9f\x91\xa9\xf0\x9f\x8f\xbb\xe2\x80\x8d\xf0\x9f\x8d\xb3", "woman cook: light skin tone", true},
    {"\xf0\x9f\x91\xa9\xf0\x9f\x8f\xbc\xe2\x80\x8d\xf0\x9f\x8d\xb3", "woman cook: medium-light skin tone", true},
    {"\xf0\x9f\x91\xa9\xf0\x9f\x8f\xbd\xe2\x80\x8d\xf0\x9f\x8d\xb3", "woman cook: medium skin tone", true},
    {"\xf0\x9f\x91\xa9\xf0\x9f\x8f\xbe\xe2\x80\x8d\xf0\x9f\x8d\xb3", "woman cook: medium-dark skin tone", true},
    {"\xf0\x9f\x91\xa9\xf0\x9f\x8f\xbf\xe2\x80\x8d\xf0\x9f\x8d\xb3", "woman cook: dark skin tone", true},
    {"\xf0\x9f\xa7\x91\xe2\x80\x8d\xf0\x9f\x94\xa7", "mechanic", false},
    {"\xf0\x9f\xa7\x91\xf0\x9f\x8f\xbb\xe2\x80\x8d\xf0\x9f\x94\xa7", "mechanic: light skin tone", true},
    {"\xf0\x9f\xa7\x91\xf0\x9f\x8f\xbc\xe2\x80\x8d\xf0\x9f\x94\xa7", "mechanic: medium-light skin tone", true},
    {"\xf0\x9f\xa7\x91\xf0\x9f\x8f\xbd\xe2\x80\x8d\xf0\x9f\x94\xa7", "mechanic: medium skin tone", true},
    {"\xf0\x9f\xa7\x91\xf0\x9f\x8f\xbe\xe2\x80\x8d\xf0\x9f\x94\xa7", "mechanic: medium-dark skin tone", true},
    {"\xf0\x9f\xa7\x91\xf0\x9f\x8f\xbf\xe2\x80\x8d\xf0\x9f\x94\xa7", "mechanic: dark skin tone", true},
    {"\xf0\x9f\x91\xa8\xe2\x80\x8d\xf0\x9f\x94\xa7", "man mechanic", false},
    {"\xf0\x9f\x91\xa8\xf0\x9f\x8f\xbb\xe2\x80\x8d\xf0\x9f\x94\xa7", "man mechanic: light skin tone", true},
    {"\xf0\x9f\x91\xa8\xf0\x9f\x8f\xbc\xe2\x80\x8d\xf0\x9f\x94\xa7", "man mechanic: medium-light skin tone", true},
    {"\xf0\x9f\x91\xa8\xf0\x9f\x8f\xbd\xe2\x80\x8d\xf0\x9f\x94\xa7", "man mechanic: medium skin tone", true},
    {"\xf0\x9f\x91\xa8\xf0\x9f\x8f\xbe\xe2\x80\x8d\xf0\x9f\x94\xa7", "man mechanic: medium-dark skin tone", true},
    {"\xf0\x9f\x91\xa8\xf0\x9f\x8f\xbf\xe2\x80\x8d\xf0\x9f\x94\xa7", "man mechanic: dark skin tone", true},
    {"\xf0\x9f\x91\xa9\xe2\x80\x8d\xf0\x9f\x94\xa7", "woman mechanic", false},
    {"\xf0\x9f\x91\xa9\xf0\x9f\x8f\xbb\xe2\x80\x8d\xf0\x9f\x94\xa7", "woman mechanic: light skin tone", true},
    {"\xf0\x9f\x91\xa9\xf0\x9f\x8f\xbc\xe2\x80\x8d\xf0\x9f\x94\xa7", "woman mechanic: medium-light skin tone", true},
    {"\xf0\x9f\x91\xa9\xf0\x9f\x8f\xbd\xe2\x80\x8d\xf0\x9f\x94\xa7", "woman mechanic: medium skin tone", true},
    {"\xf0\x9f\x91\xa9\xf0\x9f\x8f\xbe\xe2\x80\x8d\xf0\x9f\x94\xa7", "woman mechanic: medium-dark skin tone", true},
    {"\xf0\x9f\x91\xa9\xf0\x9f\x8f\xbf\xe2\x80\x8d\xf0\x9f\x94\xa7", "woman mechanic: dark skin tone", true},
    {"\xf0\x9f\xa7\x91\xe2\x80\x8d\xf0\x9f\x8f\xad", "factory worker", false},
    {"\xf0\x9f\xa7\x91\xf0\x9f\x8f\xbb\xe2\x80\x8d\xf0\x9f\x8f\xad", "factory worker: light skin tone", true},
    {"\xf0\x9f\xa7\x91\xf0\x9f\x8f\xbc\xe2\x80\x8d\xf0\x9f\x8f\xad", "factory worker: medium-light skin tone", true},
    {"\xf0\x9f\xa7\x91\xf0\x9f\x8f\xbd\xe2\x80\x8d\xf0\x9f\x8f\xad", "factory worker: medium skin tone", true},
    {"\xf0\x9f\xa7\x91\xf0\x9f\x8f\xbe\xe2\x80\x8d\xf0\x9f\x8f\xad", "factory worker: medium-dark skin tone", true},
    {"\xf0\x9f\xa7\x91\xf0\x9f\x8f\xbf\xe2\x80\x8d\xf0\x9f\x8f\xad", "factory worker: dark skin tone", true},
    {"\xf0\x9f\x91\xa8\xe2\x80\x8d\xf0\x9f\x8f\xad", "man factory worker", false},
    {"\xf0\x9f\x91\xa8\xf0\x9f\x8f\xbb\xe2\x80\x8d\xf0\x9f\x8f\xad", "man factory worker: light skin tone", true},
    {"\xf0\x9f\x91\xa8\xf0\x9f\x8f\xbc\xe2\x80\x8d\xf0\x9f\x8f\xad", "man factory worker: medium-light skin tone", true},
    {"\xf0\x9f\x91\xa8\xf0\x9f\x8f\xbd\xe2\x80\x8d\xf0\x9f\x8f\xad", "man factory worker: medium skin tone", true},
    {"\xf0\x9f\x91\xa8\xf0\x9f\x8f\xbe\xe2\x80\x8d\xf0\x9f\x8f\xad", "man factory worker: medium-dark skin tone", true},
    {"\xf0\x9f\x91\xa8\xf0\x9f\x8f\xbf\xe2\x80\x8d\xf0\x9f\x8f\xad", "man factory worker: dark skin tone", true},
    {"\xf0\x9f\x91\xa9\xe2\x80\x8d\xf0\x9f\x8f\xad", "woman factory worker", false},
    {"\xf0\x9f\x91\xa9\xf0\x9f\x8f\xbb\xe2\x80\x8d\xf0\x9f\x8f\xad", "woman factory worker: light skin tone", true},
    {"\xf0\x9f\x91\xa9\xf0\x9f\x8f\xbc\xe2\x80\x8d\xf0\x9f\x8f\xad", "woman factory worker: medium-light skin tone", true},
    {"\xf0\x9f\x91\xa9\xf0\x9f\x8f\xbd\xe2\x80\x8d\xf0\x9f\x8f\xad", "woman factory worker: medium skin tone", true},
    {"\xf0\x9f\x91\xa9\xf0\x9f\x8f\xbe\xe2\x80\x8d\xf0\x9f\x8f\xad", "woman factory worker: medium-dark skin tone", true},
    {"\xf0\x9f\x91\xa9\xf0\x9f\x8f\xbf\xe2\x80\x8d\xf0\x9f\x8f\xad", "woman factory worker: dark skin tone", true},
    {"\xf0\x9f\xa7\x91\xe2\x80\x8d\xf0\x9f\x92\xbc", "office worker", false},
    {"\xf0\x9f\xa7\x91\xf0\x9f\x8f\xbb\xe2\x80\x8d\xf0\x9f\x92\xbc", "office worker: light skin tone", true},
    {"\xf0\x9f\xa7\x91\xf0\x9f\x8f\xbc\xe2\x80\x8d\xf0\x9f\x92\xbc", "office worker: medium-light skin tone", true},
    {"\xf0\x9f\xa7\x91\xf0\x9f\x8f\xbd\xe2\x80\x8d\xf0\x9f\x92\xbc", "office worker: medium skin tone", true},
    {"\xf0\x9f\xa7\x91\xf0\x9f\x8f\xbe\xe2\x80\x8d\xf0\x9f\x92\xbc", "office worker: medium-dark skin tone", true},
    {"\xf0\x9f\xa7\x91\xf0\x9f\x8f\xbf\xe2\x80\x8d\xf0\x9f\x92\xbc", "office worker: dark skin tone", true},
    {"\xf0\x9f\x91\xa8\xe2\x80\x8d\xf0\x9f\x92\xbc", "man office worker", false},
    {"\xf0\x9f\x91\xa8\xf0\x9f\x8f\xbb\xe2\x80\x8d\xf0\x9f\x92\xbc", "man office worker: light skin tone", true},
    {"\xf0\x9f\x91\xa8\xf0\x9f\x8f\xbc\xe2\x80\x8d\xf0\x9f\x92\xbc", "man office worker: medium-light skin tone", true},
    {"\xf0\x9f\x91\xa8\xf0\x9f\x8f\xbd\xe2\x80\x8d\xf0\x9f\x92\xbc", "man office worker: medium skin tone", true},
    {"\xf0\x9f\x91\xa8\xf0\x9f\x8f\xbe\xe2\x80\x8d\xf0\x9f\x92\xbc", "man office worker: medium-dark skin tone", true},
    {"\xf0\x9f\x91\xa8\xf0\x9f\x8f\xbf\xe2\x80\x8d\xf0\x9f\x92\xbc", "man office worker: dark skin tone", true},
    {"\xf0\x9f\x91\xa9\xe2\x80\x8d\xf0\x9f\x92\xbc", "woman office worker", false},
    {"\xf0\x9f\x91\xa9\xf0\x9f\x8f\xbb\xe2\x80\x8d\xf0\x9f\x92\xbc", "woman office worker: light skin tone", true},
    {"\xf0\x9f\x91\xa9\xf0\x9f\x8f\xbc\xe2\x80\x8d\xf0\x9f\x92\xbc", "woman office worker: medium-light skin tone", true},
    {"\xf0\x9f\x91\xa9\xf0\x9f\x8f\xbd\xe2\x80\x8d\xf0\x9f\x92\xbc", "woman office worker: medium skin tone", true},
    {"\xf0\x9f\x91\xa9\xf0\x9f\x8f\xbe\xe2\x80\x8d\xf0\x9f\x92\xbc", "woman office worker: medium-dark skin tone", true},
    {"\xf0\x9f\x91\xa9\xf0\x9f\x8f\xbf\xe2\x80\x8d\xf0\x9f\x92\xbc", "woman office worker: dark skin tone", true},
    {"\xf0\x9f\xa7\x91\xe2\x80\x8d\xf0\x9f\x94\xac", "scientist", false},
    {"\xf0\x9f\xa7\x91\xf0\x9f\x8f\xbb\xe2\x80\x8d\xf0\x9f\x94\xac", "scientist: light skin tone", true},
    {"\xf0\x9f\xa7\x91\xf0\x9f\x8f\xbc\xe2\x80\x8d\xf0\x9f\x94\xac", "scientist: medium-light skin tone", true},
    {"\xf0\x9f\xa7\x91\xf0\x9f\x8f\xbd\xe2\x80\x8d\xf0\x9f\x94\xac", "scientist: medium skin tone", true},
    {"\xf0\x9f\xa7\x91\xf0\x9f\x8f\xbe\xe2\x80\x8d\xf0\x9f\x94\xac", "scientist: medium-dark skin tone", true},
    {"\xf0\x9f\xa7\x91\xf0\x9f\x8f\xbf\xe2\x80\x8d\xf0\x9f\x94\xac", "scientist: dark skin tone", true},
    {"\xf0\x9f\x91\xa8\xe2\x80\x8d\xf0\x9f\x94\xac", "man scientist", false},
    {"\xf0\x9f\x91\xa8\xf0\x9f\x8f\xbb\xe2\x80\x8d\xf0\x9f\x94\xac", "man scientist: light skin tone", true},
    {"\xf0\x9f\x91\xa8\xf0\x9f\x8f\xbc\xe2\x80\x8d\xf0\x9f\x94\xac", "man scientist: medium-light skin tone", true},
    {"\xf0\x9f\x91\xa8\xf0\x9f\x8f\xbd\xe2\x80\x8d\xf0\x9f\x94\xac", "man scientist: medium skin tone", true},
    {"\xf0\x9f\x91\xa8\xf0\x9f\x8f\xbe\xe2\x80\x8d\xf0\x9f\x94\xac", "man scientist: medium-dark skin tone", true},
    {"\xf0\x9f\x91\xa8\xf0\x9f\x8f\xbf\xe2\x80\x8d\xf0\x9f\x94\xac", "man scientist: dark skin tone", true},
    {"\xf0\x9f\x91\xa9\xe2\x80\x8d\xf0\x9f\x94\xac", "woman scientist", false},
    {"\xf0\x9f\x91\xa9\xf0\x9f\x8f\xbb\xe2\x80\x8d\xf0\x9f\x94\xac", "woman scientist: light skin tone", true},
    {"\xf0\x9f\x91\xa9\xf0\x9f\x8f\xbc\xe2\x80\x8d\xf0\x9f\x94\xac", "woman scientist: medium-light skin tone", true},
    {"\xf0\x9f\x91\xa9\xf0\x9f\x8f\xbd\xe2\x80\x8d\xf0\x9f\x94\xac", "woman scientist: medium skin tone", true},
    {"\xf0\x9f\x91\xa9\xf0\x9f\x8f\xbe\xe2\x80\x8d\xf0\x9f\x94\xac", "woman scientist: medium-dark skin tone", true},
    {"\xf0\x9f\x91\xa9\xf0\x9f\x8f\xbf\xe2\x80\x8d\xf0\x9f\x94\xac", "woman scientist: dark skin tone", true},
    {"\xf0\x9f\xa7\x91\xe2\x80\x8d\xf0\x9f\x92\xbb", "technologist", false},
    {"\xf0\x9f\xa7\x91\xf0\x9f\x8f\xbb\xe2\x80\x8d\xf0\x9f\x92\xbb", "technologist: light skin tone", true},
    {"\xf0\x9f\xa7\x91\xf0\x9f\x8f\xbc\xe2\x80\x8d\xf0\x9f\x92\xbb", "technologist: medium-light skin tone", true},
    {"\xf0\x9f\xa7\x91\xf0\x9f\x8f\xbd\xe2\x80\x8d\xf0\x9f\x92\xbb", "technologist: medium skin tone", true},
    {"\xf0\x9f\xa7\x91\xf0\x9f\x8f\xbe\xe2\x80\x8d\xf0\x9f\x92\xbb", "technologist: medium-dark skin tone", true},
    {"\xf0\x9f\xa7\x91\xf0\x9f\x8f\xbf\xe2\x80\x8d\xf0\x9f\x92\xbb", "technologist: dark skin tone", true},
    {"\xf0\x9f\x91\xa8\xe2\x80\x8d\xf0\x9f\x92\xbb", "man technologist", false},
    {"\xf0\x9f\x91\xa8\xf0\x9f\x8f\xbb\xe2\x80\x8d\xf0\x9f\x92\xbb", "man technologist: light skin tone", true},
    {"\xf0\x9f\x91\xa8\xf0\x9f\x8f\xbc\xe2\x80\x8d\xf0\x9f\x92\xbb", "man technologist: medium-light skin tone", true},
    {"\xf0\x9f\x91\xa8\xf0\x9f\x8f\xbd\xe2\x80\x8d\xf0\x9f\x92\xbb", "man technologist: medium skin tone", true},
    {"\xf0\x9f\x91\xa8\xf0\x9f\x8f\xbe\xe2\x80\x8d\xf0\x9f\x92\xbb", "man technologist: medium-dark skin tone", true},
    {"\xf0\x9f\x91\xa8\xf0\x9f\x8f\xbf\xe2\x80\x8d\xf0\x9f\x92\xbb", "man technologist: dark skin tone", true},
    {"\xf0\x9f\x91\xa9\xe2\x80\x8d\xf0\x9f\x92\xbb", "woman technologist", false},
    {"\xf0\x9f\x91\xa9\xf0\x9f\x8f\xbb\xe2\x80\x8d\xf0\x9f\x92\xbb", "woman technologist: light skin tone", true},
    {"\xf0\x9f\x91\xa9\xf0\x9f\x8f\xbc\xe2\x80\x8d\xf0\x9f\x92\xbb", "woman technologist: medium-light skin tone", true},
    {"\xf0\x9f\x91\xa9\xf0\x9f\x8f\xbd\xe2\x80\x8d\xf0\x9f\x92\xbb", "woman technologist: medium skin tone", true},
    {"\xf0\x9f\x91\xa9\xf0\x9f\x8f\xbe\xe2\x80\x8d\xf0\x9f\x92\xbb", "woman technologist: medium-dark skin tone", true},
    {"\xf0\x9f\x91\xa9\xf0\x9f\x8f\xbf\xe2\x80\x8d\xf0\x9f\x92\xbb", "woman technologist: dark skin tone", true},
    {"\xf0\x9f\xa7\x91\xe2\x80\x8d\xf0\x9f\x8e\xa4", "singer", false},
    {"\xf0\x9f\xa7\x91\xf0\x9f\x8f\xbb\xe2\x80\x8d\xf0\x9f\x8e\xa4", "singer: light skin tone", true},
    {"\xf0\x9f\xa7\x91\xf0\x9f\x8f\xbc\xe2\x80\x8d\xf0\x9f\x8e\xa4", "singer: medium-light skin tone", true},
    {"\xf0\x9f\xa7\x91\xf0\x9f\x8f\xbd\xe2\x80\x8d\xf0\x9f\x8e\xa4", "singer: medium skin tone", true},
    {"\xf0\x9f\xa7\x91\xf0\x9f\x8f\xbe\xe2\x80\x8d\xf0\x9f\x8e\xa4", "singer: medium-dark skin tone", true},
    {"\xf0\x9f\xa7\x91\xf0\x9f\x8f\xbf\xe2\x80\x8d\xf0\x9f\x8e\xa4", "singer: dark skin tone", true},
    {"\xf0\x9f\x91\xa8\xe2\x80\x8d\xf0\x9f\x8e\xa4", "man singer", false},
    {"\xf0\x9f\x91\xa8\xf0\x9f\x8f\xbb\xe2\x80\x8d\xf0\x9f\x8e\xa4", "man singer: light skin tone", true},
    {"\xf0\x9f\x91\xa8\xf0\x9f\x8f\xbc\xe2\x80\x8d\xf0\x9f\x8e\xa4", "man singer: medium-light skin tone", true},
    {"\xf0\x9f\x91\xa8\xf0\x9f\x8f\xbd\xe2\x80\x8d\xf0\x9f\x8e\xa4", "man singer: medium skin tone", true},
    {"\xf0\x9f\x91\xa8\xf0\x9f\x8f\xbe\xe2\x80\x8d\xf0\x9f\x8e\xa4", "man singer: medium-dark skin tone", true},
    {"\xf0\x9f\x91\xa8\xf0\x9f\x8f\xbf\xe2\x80\x8d\xf0\x9f\x8e\xa4", "man singer: dark skin tone", true},
    {"\xf0\x9f\x91\xa9\xe2\x80\x8d\xf0\x9f\x8e\xa4", "woman singer", false},
    {"\xf0\x9f\x91\xa9\xf0\x9f\x8f\xbb\xe2\x80\x8d\xf0\x9f\x8e\xa4", "woman singer: light skin tone", true},
    {"\xf0\x9f\x91\xa9\xf0\x9f\x8f\xbc\xe2\x80\x8d\xf0\x9f\x8e\xa4", "woman singer: medium-light skin tone", true},
    {"\xf0\x9f\x91\xa9\xf0\x9f\x8f\xbd\xe2\x80\x8d\xf0\x9f\x8e\xa4", "woman singer: medium skin tone", true},
    {"\xf0\x9f\x91\xa9\xf0\x9f\x8f\xbe\xe2\x80\x8d\xf0\x9f\x8e\xa4", "woman singer: medium-dark skin tone", true},
    {"\xf0\x9f\x91\xa9\xf0\x9f\x8f\xbf\xe2\x80\x8d\xf0\x9f\x8e\xa4", "woman singer: dark skin tone", true},
    {"\xf0\x9f\xa7\x91\xe2\x80\x8d\xf0\x9f\x8e\xa8", "artist", false},
    {"\xf0\x9f\xa7\x91\xf0\x9f\x8f\xbb\xe2\x80\x8d\xf0\x9f\x8e\xa8", "artist: light skin tone", true},
    {"\xf0\x9f\xa7\x91\xf0\x9f\x8f\xbc\xe2\x80\x8d\xf0\x9f\x8e\xa8", "artist: medium-light skin tone", true},
    {"\xf0\x9f\xa7\x91\xf0\x9f\x8f\xbd\xe2\x80\x8d\xf0\x9f\x8e\xa8", "artist: medium skin tone", true},
    {"\xf0\x9f\xa7\x91\xf0\x9f\x8f\xbe\xe2\x80\x8d\xf0\x9f\x8e\xa8", "artist: medium-dark skin tone", true},
    {"\xf0\x9f\xa7\x91\xf0\x9f\x8f\xbf\xe2\x80\x8d\xf0\x9f\x8e\xa8", "artist: dark skin tone", true},
    {"\xf0\x9f\x91\xa8\xe2\x80\x8d\xf0\x9f\x8e\xa8", "man artist", false},
    {"\xf0\x9f\x91\xa8\xf0\x9f\x8f\xbb\xe2\x80\x8d\xf0\x9f\x8e\xa8", "man artist: light skin tone", true},
    {"\xf0\x9f\x91\xa8\xf0\x9f\x8f\xbc\xe2\x80\x8d\xf0\x9f\x8e\xa8", "man artist: medium-light skin tone", true},
    {"\xf0\x9f\x91\xa8\xf0\x9f\x8f\xbd\xe2\x80\x8d\xf0\x9f\x8e\xa8", "man artist: medium skin tone", true},
    {"\xf0\x9f\x91\xa8\xf0\x9f\x8f\xbe\xe2\x80\x8d\xf0\x9f\x8e\xa8", "man artist: medium-dark skin tone", true},
    {"\xf0\x9f\x91\xa8\xf0\x9f\x8f\xbf\xe2\x80\x8d\xf0\x9f\x8e\xa8", "man artist: dark skin tone", true},
    {"\xf0\x9f\x91\xa9\xe2\x80\x8d\xf0\x9f\x8e\xa8", "woman artist", false},
    {"\xf0\x9f\x91\xa9\xf0\x9f\x8f\xbb\xe2\x80\x8d\xf0\x9f\x8e\xa8", "woman artist: light skin tone", true},
    {"\xf0\x9f\x91\xa9\xf0\x9f\x8f\xbc\xe2\x80\x8d\xf0\x9f\x8e\xa8", "woman artist: medium-light skin tone", true},
    {"\xf0\x9f\x91\xa9\xf0\x9f\x8f\xbd\xe2\x80\x8d\xf0\x9f\x8e\xa8", "woman artist: medium skin tone", true},
    {"\xf0\x9f\x91\xa9\xf0\x9f\x8f\xbe\xe2\x80\x8d\xf0\x9f\x8e\xa8", "woman artist: medium-dark skin tone", true},
    {"\xf0\x9f\x91\xa9\xf0\x9f\x8f\xbf\xe2\x80\x8d\xf0\x9f\x8e\xa8", "woman artist: dark skin tone", true},
    {"\xf0\x9f\xa7\x91\xe2\x80\x8d\xe2\x9c\x88\xef\xb8\x8f", "pilot", false},
    {"\xf0\x9f\xa7\x91\xf0\x9f\x8f\xbb\xe2\x80\x8d\xe2\x9c\x88\xef\xb8\x8f", "pilot: light skin tone", true},
    {"\xf0\x9f\xa7\x91\xf0\x9f\x8f\xbc\xe2\x80\x8d\xe2\x9c\x88\xef\xb8\x8f", "pilot: medium-light skin tone", true},
    {"\xf0\x9f\xa7\x91\xf0\x9f\x8f\xbd\xe2\x80\x8d\xe2\x9c\x88\xef\xb8\x8f", "pilot: medium skin tone", true},
    {"\xf0\x9f\xa7\x91\xf0\x9f\x8f\xbe\xe2\x80\x8d\xe2\x9c\x88\xef\xb8\x8f", "pilot: medium-dark skin tone", true},
    {"\xf0\x9f\xa7\x91\xf0\x9f\x8f\xbf\xe2\x80\x8d\xe2\x9c\x88\xef\xb8\x8f", "pilot: dark skin tone", true},
    {"\xf0\x9f\x91\xa8\xe2\x80\x8d\xe2\x9c\x88\xef\xb8\x8f", "man pilot", false},
    {"\xf0\x9f\x91\xa8\xf0\x9f\x8f\xbb\xe2\x80\x8d\xe2\x9c\x88\xef\xb8\x8f", "man pilot: light skin tone", true},
    {"\xf0\x9f\x91\xa8\xf0\x9f\x8f\xbc\xe2\x80\x8d\xe2\x9c\x88\xef\xb8\x8f", "man pilot: medium-light skin tone", true},
    {"\xf0\x9f\x91\xa8\xf0\x9f\x8f\xbd\xe2\x80\x8d\xe2\x9c\x88\xef\xb8\x8f", "man pilot: medium skin tone", true},
    {"\xf0\x9f\x91\xa8\xf0\x9f\x8f\xbe\xe2\x80\x8d\xe2\x9c\x88\xef\xb8\x8f", "man pilot: medium-dark skin tone", true},
    {"\xf0\x9f\x91\xa8\xf0\x9f\x8f\xbf\xe2\x80\x8d\xe2\x9c\x88\xef\xb8\x8f", "man pilot: dark skin tone", true},
    {"\xf0\x9f\x91\xa9\xe2\x80\x8d\xe2\x9c\x88\xef\xb8\x8f", "woman pilot", false},
    {"\xf0\x9f\x91\xa9\xf0\x9f\x8f\xbb\xe2\x80\x8d\xe2\x9c\x88\xef\xb8\x8f", "woman pilot: light skin tone", true},
    {"\xf0\x9f\x91\xa9\xf0\x9f\x8f\xbc\xe2\x80\x8d\xe2\x9c\x88\xef\xb8\x8f", "woman pilot: medium-light skin tone", true},
    {"\xf0\x9f\x91\xa9\xf0\x9f\x8f\xbd\xe2\x80\x8d\xe2\x9c\x88\xef\xb8\x8f", "woman pilot: medium skin tone", true},
    {"\xf0\x9f\x91\xa9\xf0\x9f\x8f\xbe\xe2\x80\x8d\xe2\x9c\x88\xef\xb8\x8f", "woman pilot: medium-dark skin tone", true},
    {"\xf0\x9f\x91\xa9\xf0\x9f\x8f\xbf\xe2\x80\x8d\xe2\x9c\x88\xef\xb8\x8f", "woman pilot: dark skin tone", true},
    {"\xf0\x9f\xa7\x91\xe2\x80\x8d\xf0\x9f\x9a\x80", "astronaut", false},
    {"\xf0\x9f\xa7\x91\xf0\x9f\x8f\xbb\xe2\x80\x8d\xf0\x9f\x9a\x80", "astronaut: light skin tone", true},
    {"\xf0\x9f\xa7\x91\xf0\x9f\x8f\xbc\xe2\x80\x8d\xf0\x9f\x9a\x80", "astronaut: medium-light skin tone", true},
    {"\xf0\x9f\xa7\x91\xf0\x9f\x8f\xbd\xe2\x80\x8d\xf0\x9f\x9a\x80", "astronaut: medium skin tone", true},
    {"\xf0\x9f\xa7\x91\xf0\x9f\x8f\xbe\xe2\x80\x8d\xf0\x9f\x9a\x80", "astronaut: medium-dark skin tone", true},
    {"\xf0\x9f\xa7\x91\xf0\x9f\x8f\xbf\xe2\x80\x8d\xf0\x9f\x9a\x80", "astronaut: dark skin tone", true},
    {"\xf0\x9f\x91\xa8\xe2\x80\x8d\xf0\x9f\x9a\x80", "man astronaut", false},
    {"\xf0\x9f\x91\xa8\xf0\x9f\x8f\xbb\xe2\x80\x8d\xf0\x9f\x9a\x80", "man astronaut: light skin tone", true},
    {"\xf0\x9f\x91\xa8\xf0\x9f\x8f\xbc\xe2\x80\x8d\xf0\x9f\x9a\x80", "man astronaut: medium-light skin tone", true},
    {"\xf0\x9f\x91\xa8\xf0\x9f\x8f\xbd\xe2\x80\x8d\xf0\x9f\x9a\x80", "man astronaut: medium skin tone", true},
    {"\xf0\x9f\x91\xa8\xf0\x9f\x8f\xbe\xe2\x80\x8d\xf0\x9f\x9a\x80", "man astronaut: medium-dark skin tone", true},
    {"\xf0\x9f\x91\xa8\xf0\x9f\x8f\xbf\xe2\x80\x8d\xf0\x9f\x9a\x80", "man astronaut: dark skin tone", true},
    {"\xf0\x9f\x91\xa9\xe2\x80\x8d\xf0\x9f\x9a\x80", "woman astronaut", false},
    {"\xf0\x9f\x91\xa9\xf0\x9f\x8f\xbb\xe2\x80\x8d\xf0\x9f\x9a\x80", "woman astronaut: light skin tone", true},
    {"\xf0\x9f\x91\xa9\xf0\x9f\x8f\xbc\xe2\x80\x8d\xf0\x9f\x9a\x80", "woman astronaut: medium-light skin tone", true},
    {"\xf0\x9f\x91\xa9\xf0\x9f\x8f\xbd\xe2\x80\x8d\xf0\x9f\x9a\x80", "woman astronaut: medium skin tone", true},
    {"\xf0\x9f\x91\xa9\xf0\x9f\x8f\xbe\xe2\x80\x8d\xf0\x9f\x9a\x80", "woman astronaut: medium-dark skin tone", true},
    {"\xf0\x9f\x91\xa9\xf0\x9f\x8f\xbf\xe2\x80\x8d\xf0\x9f\x9a\x80", "woman astronaut: dark skin tone", true},
    {"\xf0\x9f\xa7\x91\xe2\x80\x8d\xf0\x9f\x9a\x92", "firefighter", false},
    {"\xf0\x9f\xa7\x91\xf0\x9f\x8f\xbb\xe2\x80\x8d\xf0\x9f\x9a\x92", "firefighter: light skin tone", true},
    {"\xf0\x9f\xa7\x91\xf0\x9f\x8f\xbc\xe2\x80\x8d\xf0\x9f\x9a\x92", "firefighter: medium-light skin tone", true},
    {"\xf0\x9f\xa7\x91\xf0\x9f\x8f\xbd\xe2\x80\x8d\xf0\x9f\x9a\x92", "firefighter: medium skin tone", true},
    {"\xf0\x9f\xa7\x91\xf0\x9f\x8f\xbe\xe2\x80\x8d\xf0\x9f\x9a\x92", "firefighter: medium-dark skin tone", true},
    {"\xf0\x9f\xa7\x91\xf0\x9f\x8f\xbf\xe2\x80\x8d\xf0\x9f\x9a\x92", "firefighter: dark skin tone", true},
    {"\xf0\x9f\x91\xa8\xe2\x80\x8d\xf0\x9f\x9a\x92", "man firefighter", false},
    {"\xf0\x9f\x91\xa8\xf0\x9f\x8f\xbb\xe2\x80\x8d\xf0\x9f\x9a\x92", "man firefighter: light skin tone", true},
    {"\xf0\x9f\x91\xa8\xf0\x9f\x8f\xbc\xe2\x80\x8d\xf0\x9f\x9a\x92", "man firefighter: medium-light skin tone", true},
    {"\xf0\x9f\x91\xa8\xf0\x9f\x8f\xbd\xe2\x80\x8d\xf0\x9f\x9a\x92", "man firefighter: medium skin tone", true},
    {"\xf0\x9f\x91\xa8\xf0\x9f\x8f\xbe\xe2\x80\x8d\xf0\x9f\x9a\x92", "man firefighter: medium-dark skin tone", true},
    {"\xf0\x9f\x91\xa8\xf0\x9f\x8f\xbf\xe2\x80\x8d\xf0\x9f\x9a\x92", "man firefighter: dark skin tone", true},
    {"\xf0\x9f\x91\xa9\xe2\x80\x8d\xf0\x9f\x9a\x92", "woman firefighter", false},
    {"\xf0\x9f\x91\xa9\xf0\x9f\x8f\xbb\xe2\x80\x8d\xf0\x9f\x9a\x92", "woman firefighter: light skin tone", true},
    {"\xf0\x9f\x91\xa9\xf0\x9f\x8f\xbc\xe2\x80\x8d\xf0\x9f\x9a\x92", "woman firefighter: medium-light skin tone", true},
    {"\xf0\x9f\x91\xa9\xf0\x9f\x8f\xbd\xe2\x80\x8d\xf0\x9f\x9a\x92", "woman firefighter: medium skin tone", true},
    {"\xf0\x9f\x91\xa9\xf0\x9f\x8f\xbe\xe2\x80\x8d\xf0\x9f\x9a\x92", "woman firefighter: medium-dark skin tone", true},
    {"\xf0\x9f\x91\xa9\xf0\x9f\x8f\xbf\xe2\x80\x8d\xf0\x9f\x9a\x92", "woman firefighter: dark skin tone", true},
    {"\xf0\x9f\x91\xae", "police officer", false},
    {"\xf0\x9f\x91\xae\xf0\x9f\x8f\xbb", "police officer: light skin tone", true},
    {"\xf0\x9f\x91\xae\xf0\x9f\x8f\xbc", "police officer: medium-light skin tone", true},
    {"\xf0\x9f\x91\xae\xf0\x9f\x8f\xbd", "police officer: medium skin tone", true},
    {"\xf0\x9f\x91\xae\xf0\x9f\x8f\xbe", "police officer: medium-dark skin tone", true},
    {"\xf0\x9f\x91\xae\xf0\x9f\x8f\xbf", "police officer: dark skin tone", true},
    {"\xf0\x9f\x91\xae\xe2\x80\x8d\xe2\x99\x82\xef\xb8\x8f", "man police officer", false},
    {"\xf0\x9f\x91\xae\xf0\x9f\x8f\xbb\xe2\x80\x8d\xe2\x99\x82\xef\xb8\x8f", "man police officer: light skin tone", true},
    {"\xf0\x9f\x91\xae\xf0\x9f\x8f\xbc\xe2\x80\x8d\xe2\x99\x82\xef\xb8\x8f", "man police officer: medium-light skin tone", true},
    {"\xf0\x9f\x91\xae\xf0\x9f\x8f\xbd\xe2\x80\x8d\xe2\x99\x82\xef\xb8\x8f", "man police officer: medium skin tone", true},
    {"\xf0\x9f\x91\xae\xf0\x9f\x8f\xbe\xe2\x80\x8d\xe2\x99\x82\xef\xb8\x8f", "man police officer: medium-dark skin tone", true},
    {"\xf0\x9f\x91\xae\xf0\x9f\x8f\xbf\xe2\x80\x8d\xe2\x99\x82\xef\xb8\x8f", "man police officer: dark skin tone", true},
    {"\xf0\x9f\x91\xae\xe2\x80\x8d\xe2\x99\x80\xef\xb8\x8f", "woman police officer", false},
    {"\xf0\x9f\x91\xae\xf0\x9f\x8f\xbb\xe2\x80\x8d\xe2\x99\x80\xef\xb8\x8f", "woman police officer: light skin tone", true},
    {"\xf0\x9f\x91\xae\xf0\x9f\x8f\xbc\xe2\x80\x8d\xe2\x99\x80\xef\xb8\x8f", "woman police officer: medium-light skin tone", true},
    {"\xf0\x9f\x91\xae\xf0\x9f\x8f\xbd\xe2\x80\x8d\xe2\x99\x80\xef\xb8\x8f", "woman police officer: medium skin tone", true},
    {"\xf0\x9f\x91\xae\xf0\x9f\x8f\xbe\xe2\x80\x8d\xe2\x99\x80\xef\xb8\x8f", "woman police officer: medium-dark skin tone", true},
    {"\xf0\x9f\x91\xae\xf0\x9f\x8f\xbf\xe2\x80\x8d\xe2\x99\x80\xef\xb8\x8f", "woman police officer: dark skin tone", true},
    {"\xf0\x9f\x95\xb5\xef\xb8\x8f", "detective", false},
    {"\xf0\x9f\x95\xb5\xf0\x9f\x8f\xbb", "detective: light skin tone", true},
    {"\xf0\x9f\x95\xb5\xf0\x9f\x8f\xbc", "detective: medium-light skin tone", true},
    {"\xf0\x9f\x95\xb5\xf0\x9f\x8f\xbd", "detective: medium skin tone", true},
    {"\xf0\x9f\x95\xb5\xf0\x9f\x8f\xbe", "detective: medium-dark skin tone", true},
    {"\xf0\x9f\x95\xb5\xf0\x9f\x8f\xbf", "detective: dark skin tone", true},
    {"\xf0\x9f\x95\xb5\xef\xb8\x8f\xe2\x80\x8d\xe2\x99\x82\xef\xb8\x8f", "man detective", false},
    {"\xf0\x9f\x95\xb5\xf0\x9f\x8f\xbb\xe2\x80\x8d\xe2\x99\x82\xef\xb8\x8f", "man detective: light skin tone", true},
    {"\xf0\x9f\x95\xb5\xf0\x9f\x8f\xbc\xe2\x80\x8d\xe2\x99\x82\xef\xb8\x8f", "man detective: medium-light skin tone", true},
    {"\xf0\x9f\x95\xb5\xf0\x9f\x8f\xbd\xe2\x80\x8d\xe2\x99\x82\xef\xb8\x8f", "man detective: medium skin tone", true},
    {"\xf0\x9f\x95\xb5\xf0\x9f\x8f\xbe\xe2\x80\x8d\xe2\x99\x82\xef\xb8\x8f", "man detective: medium-dark skin tone", true},
    {"\xf0\x9f\x95\xb5\xf0\x9f\x8f\xbf\xe2\x80\x8d\xe2\x99\x82\xef\xb8\x8f", "man detective: dark skin tone", true},
    {"\xf0\x9f\x95\xb5\xef\xb8\x8f\xe2\x80\x8d\xe2\x99\x80\xef\xb8\x8f", "woman detective", false},
    {"\xf0\x9f\x95\xb5\xf0\x9f\x8f\xbb\xe2\x80\x8d\xe2\x99\x80\xef\xb8\x8f", "woman detective: light skin tone", true},
    {"\xf0\x9f\x95\xb5\xf0\x9f\x8f\xbc\xe2\x80\x8d\xe2\x99\x80\xef\xb8\x8f", "woman detective: medium-light skin tone", true},
    {"\xf0\x9f\x95\xb5\xf0\x9f\x8f\xbd\xe2\x80\x8d\xe2\x99\x80\xef\xb8\x8f", "woman detective: medium skin tone", true},
    {"\xf0\x9f\x95\xb5\xf0\x9f\x8f\xbe\xe2\x80\x8d\xe2\x99\x80\xef\xb8\x8f", "woman detective: medium-dark skin tone", true},
    {"\xf0\x9f\x95\xb5\xf0\x9f\x8f\xbf\xe2\x80\x8d\xe2\x99\x80\xef\xb8\x8f", "woman detective: dark skin tone", true},
    {"\xf0\x9f\x92\x82", "guard", false},
    {"\xf0\x9f\x92\x82\xf0\x9f\x8f\xbb", "guard: light skin tone", true},
    {"\xf0\x9f\x92\x82\xf0\x9f\x8f\xbc", "guard: medium-light skin tone", true},
    {"\xf0\x9f\x92\x82\xf0\x9f\x8f\xbd", "guard: medium skin tone", true},
    {"\xf0\x9f\x92\x82\xf0\x9f\x8f\xbe", "guard: medium-dark skin tone", true},
    {"\xf0\x9f\x92\x82\xf0\x9f\x8f\xbf", "guard: dark skin tone", true},
    {"\xf0\x9f\x92\x82\xe2\x80\x8d\xe2\x99\x82\xef\xb8\x8f", "man guard", false},
    {"\xf0\x9f\x92\x82\xf0\x9f\x8f\xbb\xe2\x80\x8d\xe2\x99\x82\xef\xb8\x8f", "man guard: light skin tone", true},
    {"\xf0\x9f\x92\x82\xf0\x9f\x8f\xbc\xe2\x80\x8d\xe2\x99\x82\xef\xb8\x8f", "man guard: medium-light skin tone", true},
    {"\xf0\x9f\x92\x82\xf0\x9f\x8f\xbd\xe2\x80\x8d\xe2\x99\x82\xef\xb8\x8f", "man guard: medium skin tone", true},
    {"\xf0\x9f\x92\x82\xf0\x9f\x8f\xbe\xe2\x80\x8d\xe2\x99\x82\xef\xb8\x8f", "man guard: medium-dark skin tone", true},
    {"\xf0\x9f\x92\x82\xf0\x9f\x8f\xbf\xe2\x80\x8d\xe2\x99\x82\xef\xb8\x8f", "man guard: dark skin tone", true},
    {"\xf0\x9f\x92\x82\xe2\x80\x8d\xe2\x99\x80\xef\xb8\x8f", "woman guard", false},
    {"\xf0\x9f\x92\x82\xf0\x9f\x8f\xbb\xe2\x80\x8d\xe2\x99\x80\xef\xb8\x8f", "woman guard: light skin tone", true},
    {"\xf0\x9f\x92\x82\xf0\x9f\x8f\xbc\xe2\x80\x8d\xe2\x99\x80\xef\xb8\x8f", "woman guard: medium-light skin tone", true},
    {"\xf0\x9f\x92\x82\xf0\x9f\x8f\xbd\xe2\x80\x8d\xe2\x99\x80\xef\xb8\x8f", "woman guard: medium skin tone", true},
    {"\xf0\x9f\x92\x82\xf0\x9f\x8f\xbe\xe2\x80\x8d\xe2\x99\x80\xef\xb8\x8f", "woman guard: medium-dark skin tone", true},
    {"\xf0\x9f\x92\x82\xf0\x9f\x8f\xbf\xe2\x80\x8d\xe2\x99\x80\xef\xb8\x8f", "woman guard: dark skin tone", true},
    {"\xf0\x9f\xa5\xb7", "ninja", false},
    {"\xf0\x9f\xa5\xb7\xf0\x9f\x8f\xbb", "ninja: light skin tone", true},
    {"\xf0\x9f\xa5\xb7\xf0\x9f\x8f\xbc", "ninja: medium-light skin tone", true},
    {"\xf0\x9f\xa5\xb7\xf0\x9f\x8f\xbd", "ninja: medium skin tone", true},
    {"\xf0\x9f\xa5\xb7\xf0\x9f\x8f\xbe", "ninja: medium-dark skin tone", true},
    {"\xf0\x9f\xa5\xb7\xf0\x9f\x8f\xbf", "ninja: dark skin tone", true},
    {"\xf0\x9f\x91\xb7", "construction worker", false},
    {"\xf0\x9f\x91\xb7\xf0\x9f\x8f\xbb", "construction worker: light skin tone", true},
    {"\xf0\x9f\x91\xb7\xf0\x9f\x8f\xbc", "construction worker: medium-light skin tone", true},
    {"\xf0\x9f\x91\xb7\xf0\x9f\x8f\xbd", "construction worker: medium skin tone", true},
    {"\xf0\x9f\x91\xb7\xf0\x9f\x8f\xbe", "construction worker: medium-dark skin tone", true},
    {"\xf0\x9f\x91\xb7\xf0\x9f\x8f\xbf", "construction worker: dark skin tone", true},
    {"\xf0\x9f\x91\xb7\xe2\x80\x8d\xe2\x99\x82\xef\xb8\x8f", "man construction worker", false},
    {"\xf0\x9f\x91\xb7\xf0\x9f\x8f\xbb\xe2\x80\x8d\xe2\x99\x82\xef\xb8\x8f", "man construction worker: light skin tone", true},
    {"\xf0\x9f\x91\xb7\xf0\x9f\x8f\xbc\xe2\x80\x8d\xe2\x99\x82\xef\xb8\x8f", "man construction worker: medium-light skin tone", true},
    {"\xf0\x9f\x91\xb7\xf0\x9f\x8f\xbd\xe2\x80\x8d\xe2\x99\x82\xef\xb8\x8f", "man construction worker: medium skin tone", true},
    {"\xf0\x9f\x91\xb7\xf0\x9f\x8f\xbe\xe2\x80\x8d\xe2\x99\x82\xef\xb8\x8f", "man construction worker: medium-dark skin tone", true},
    {"\xf0\x9f\x91\xb7\xf0\x9f\x8f\xbf\xe2\x80\x8d\xe2\x99\x82\xef\xb8\x8f", "man construction worker: dark skin tone", true},
    {"\xf0\x9f\x91\xb7\xe2\x80\x8d\xe2\x99\x80\xef\xb8\x8f", "woman construction worker", false},
    {"\xf0\x9f\x91\xb7\xf0\x9f\x8f\xbb\xe2\x80\x8d\xe2\x99\x80\xef\xb8\x8f", "woman construction worker: light skin tone", true},
    {"\xf0\x9f\x91\xb7\xf0\x9f\x8f\xbc\xe2\x80\x8d\xe2\x99\x80\xef\xb8\x8f", "woman construction worker: medium-light skin tone", true},
    {"\xf0\x9f\x91\xb7\xf0\x9f\x8f\xbd\xe2\x80\x8d\xe2\x99\x80\xef\xb8\x8f", "woman construction worker: medium skin tone", true},
    {"\xf0\x9f\x91\xb7\xf0\x9f\x8f\xbe\xe2\x80\x8d\xe2\x99\x80\xef\xb8\x8f", "woman construction worker: medium-dark skin tone", true},
    {"\xf0\x9f\x91\xb7\xf0\x9f\x8f\xbf\xe2\x80\x8d\xe2\x99\x80\xef\xb8\x8f", "woman construction worker: dark skin tone", true},
    {"\xf0\x9f\xab\x85", "person with crown", false},
    {"\xf0\x9f\xab\x85\xf0\x9f\x8f\xbb", "person with crown: light skin tone", true},
    {"\xf0\x9f\xab\x85\xf0\x9f\x8f\xbc", "person with crown: medium-light skin tone", true},
    {"\xf0\x9f\xab\x85\xf0\x9f\x8f\xbd", "person with crown: medium skin tone", true},
    {"\xf0\x9f\xab\x85\xf0\x9f\x8f\xbe", "person with crown: medium-dark skin tone", true},
    {"\xf0\x9f\xab\x85\xf0\x9f\x8f\xbf", "person with crown: dark skin tone", true},
    {"\xf0\x9f\xa4\xb4", "prince", false},
    {"\xf0\x9f\xa4\xb4\xf0\x9f\x8f\xbb", "prince: light skin tone", true},
    {"\xf0\x9f\xa4\xb4\xf0\x9f\x8f\xbc", "prince: medium-light skin tone", true},
    {"\xf0\x9f\xa4\xb4\xf0\x9f\x8f\xbd", "prince: medium skin tone", true},
    {"\xf0\x9f\xa4\xb4\xf0\x9f\x8f\xbe", "prince: medium-dark skin tone", true},
    {"\xf0\x9f\xa4\xb4\xf0\x9f\x8f\xbf", "prince: dark skin tone", true},
    {"\xf0\x9f\x91\xb8", "princess", false},
    {"\xf0\x9f\x91\xb8\xf0\x9f\x8f\xbb", "princess: light skin tone", true},
    {"\xf0\x9f\x91\xb8\xf0\x9f\x8f\xbc", "princess: medium-light skin tone", true},
    {"\xf0\x9f\x91\xb8\xf0\x9f\x8f\xbd", "princess: medium skin tone", true},
    {"\xf0\x9f\x91\xb8\xf0\x9f\x8f\xbe", "princess: medium-dark skin tone", true},
    {"\xf0\x9f\x91\xb8\xf0\x9f\x8f\xbf", "princess: dark skin tone", true},
    {"\xf0\x9f\x91\xb3", "person wearing turban", false},
    {"\xf0\x9f\x91\xb3\xf0\x9f\x8f\xbb", "person wearing turban: light skin tone", true},
    {"\xf0\x9f\x91\xb3\xf0\x9f\x8f\xbc", "person wearing turban: medium-light skin tone", true},
    {"\xf0\x9f\x91\xb3\xf0\x9f\x8f\xbd", "person wearing turban: medium skin tone", true},
    {"\xf0\x9f\x91\xb3\xf0\x9f\x8f\xbe", "person wearing turban: medium-dark skin tone", true},
    {"\xf0\x9f\x91\xb3\xf0\x9f\x8f\xbf", "person wearing turban: dark skin tone", true},
    {"\xf0\x9f\x91\xb3\xe2\x80\x8d\xe2\x99\x82\xef\xb8\x8f", "man wearing turban", false},
    {"\xf0\x9f\x91\xb3\xf0\x9f\x8f\xbb\xe2\x80\x8d\xe2\x99\x82\xef\xb8\x8f", "man wearing turban: light skin tone", true},
    {"\xf0\x9f\x91\xb3\xf0\x9f\x8f\xbc\xe2\x80\x8d\xe2\x99\x82\xef\xb8\x8f", "man wearing turban: medium-light skin tone", true},
    {"\xf0\x9f\x91\xb3\xf0\x9f\x8f\xbd\xe2\x80\x8d\xe2\x99\x82\xef\xb8\x8f", "man wearing turban: medium skin tone", true},
    {"\xf0\x9f\x91\xb3\xf0\x9f\x8f\xbe\xe2\x80\x8d\xe2\x99\x82\xef\xb8\x8f", "man wearing turban: medium-dark skin tone", true},
    {"\xf0\x9f\x91\xb3\xf0\x9f\x8f\xbf\xe2\x80\x8d\xe2\x99\x82\xef\xb8\x8f", "man wearing turban: dark skin tone", true},
    {"\xf0\x9f\x91\xb3\xe2\x80\x8d\xe2\x99\x80\xef\xb8\x8f", "woman wearing turban", false},
    {"\xf0\x9f\x91\xb3\xf0\x9f\x8f\xbb\xe2\x80\x8d\xe2\x99\x80\xef\xb8\x8f", "woman wearing turban: light skin tone", true},
    {"\xf0\x9f\x91\xb3\xf0\x9f\x8f\xbc\xe2\x80\x8d\xe2\x99\x80\xef\xb8\x8f", "woman wearing turban: medium-light skin tone", true},
    {"\xf0\x9f\x91\xb3\xf0\x9f\x8f\xbd\xe2\x80\x8d\xe2\x99\x80\xef\xb8\x8f", "woman wearing turban: medium skin tone", true},
    {"\xf0\x9f\x91\xb3\xf0\x9f\x8f\xbe\xe2\x80\x8d\xe2\x99\x80\xef\xb8\x8f", "woman wearing turban: medium-dark skin tone", true},
    {"\xf0\x9f\x91\xb3\xf0\x9f\x8f\xbf\xe2\x80\x8d\xe2\x99\x80\xef\xb8\x8f", "woman wearing turban: dark skin tone", true},
    {"\xf0\x9f\x91\xb2", "person with skullcap", false},
    {"\xf0\x9f\x91\xb2\xf0\x9f\x8f\xbb", "person with skullcap: light skin tone", true},
    {"\xf0\x9f\x91\xb2\xf0\x9f\x8f\xbc", "person with skullcap: medium-light skin tone", true},
    {"\xf0\x9f\x91\xb2\xf0\x9f\x8f\xbd", "person with skullcap: medium skin tone", true},
    {"\xf0\x9f\x91\xb2\xf0\x9f\x8f\xbe", "person with skullcap: medium-dark skin tone", true},
    {"\xf0\x9f\x91\xb2\xf0\x9f\x8f\xbf", "person with skullcap: dark skin tone", true},
    {"\xf0\x9f\xa7\x95", "woman with headscarf", false},
    {"\xf0\x9f\xa7\x95\xf0\x9f\x8f\xbb", "woman with headscarf: light skin tone", true},
    {"\xf0\x9f\xa7\x95\xf0\x9f\x8f\xbc", "woman with headscarf: medium-light skin tone", true},
    {"\xf0\x9f\xa7\x95\xf0\x9f\x8f\xbd", "woman with headscarf: medium skin tone", true},
    {"\xf0\x9f\xa7\x95\xf0\x9f\x8f\xbe", "woman with headscarf: medium-dark skin tone", true},
    {"\xf0\x9f\xa7\x95\xf0\x9f\x8f\xbf", "woman with headscarf: dark skin tone", true},
    {"\xf0\x9f\xa4\xb5", "person in tuxedo", false},
    {"\xf0\x9f\xa4\xb5\xf0\x9f\x8f\xbb", "person in tuxedo: light skin tone", true},
    {"\xf0\x9f\xa4\xb5\xf0\x9f\x8f\xbc", "person in tuxedo: medium-light skin tone", true},
    {"\xf0\x9f\xa4\xb5\xf0\x9f\x8f\xbd", "person in tuxedo: medium skin tone", true},
    {"\xf0\x9f\xa4\xb5\xf0\x9f\x8f\xbe", "person in tuxedo: medium-dark skin tone", true},
    {"\xf0\x9f\xa4\xb5\xf0\x9f\x8f\xbf", "person in tuxedo: dark skin tone", true},
    {"\xf0\x9f\xa4\xb5\xe2\x80\x8d\xe2\x99\x82\xef\xb8\x8f", "man in tuxedo", false},
    {"\xf0\x9f\xa4\xb5\xf0\x9f\x8f\xbb\xe2\x80\x8d\xe2\x99\x82\xef\xb8\x8f", "man in tuxedo: light skin tone", true},
    {"\xf0\x9f\xa4\xb5\xf0\x9f\x8f\xbc\xe2\x80\x8d\xe2\x99\x82\xef\xb8\x8f", "man in tuxedo: medium-light skin tone", true},
    {"\xf0\x9f\xa4\xb5\xf0\x9f\x8f\xbd\xe2\x80\x8d\xe2\x99\x82\xef\xb8\x8f", "man in tuxedo: medium skin tone", true},
    {"\xf0\x9f\xa4\xb5\xf0\x9f\x8f\xbe\xe2\x80\x8d\xe2\x99\x82\xef\xb8\x8f", "man in tuxedo: medium-dark skin tone", true},
    {"\xf0\x9f\xa4\xb5\xf0\x9f\x8f\xbf\xe2\x80\x8d\xe2\x99\x82\xef\xb8\x8f", "man in tuxedo: dark skin tone", true},
    {"\xf0\x9f\xa4\xb5\xe2\x80\x8d\xe2\x99\x80\xef\xb8\x8f", "woman in tuxedo", false},
    {"\xf0\x9f\xa4\xb5\xf0\x9f\x8f\xbb\xe2\x80\x8d\xe2\x99\x80\xef\xb8\x8f", "woman in tuxedo: light skin tone", true},
    {"\xf0\x9f\xa4\xb5\xf0\x9f\x8f\xbc\xe2\x80\x8d\xe2\x99\x80\xef\xb8\x8f", "woman in tuxedo: medium-light skin tone", true},
    {"\xf0\x9f\xa4\xb5\xf0\x9f\x8f\xbd\xe2\x80\x8d\xe2\x99\x80\xef\xb8\x8f", "woman in tuxedo: medium skin tone", true},
    {"\xf0\x9f\xa4\xb5\xf0\x9f\x8f\xbe\xe2\x80\x8d\xe2\x99\x80\xef\xb8\x8f", "woman in tuxedo: medium-dark skin tone", true},
    {"\xf0\x9f\xa4\xb5\xf0\x9f\x8f\xbf\xe2\x80\x8d\xe2\x99\x80\xef\xb8\x8f", "woman in tuxedo: dark skin tone", true},
    {"\xf0\x9f\x91\xb0", "person with veil", false},
    {"\xf0\x9f\x91\xb0\xf0\x9f\x8f\xbb", "person with veil: light skin tone", true},
    {"\xf0\x9f\x91\xb0\xf0\x9f\x8f\xbc", "person with veil: medium-light skin tone", true},
    {"\xf0\x9f\x91\xb0\xf0\x9f\x8f\xbd", "person with veil: medium skin tone", true},
    {"\xf0\x9f\x91\xb0\xf0\x9f\x8f\xbe", "person with veil: medium-dark skin tone", true},
    {"\xf0\x9f\x91\xb0\xf0\x9f\x8f\xbf", "person with veil: dark skin tone", true},
    {"\xf0\x9f\x91\xb0\xe2\x80\x8d\xe2\x99\x82\xef\xb8\x8f", "man with veil", false},
    {"\xf0\x9f\x91\xb0\xf0\x9f\x8f\xbb\xe2\x80\x8d\xe2\x99\x82\xef\xb8\x8f", "man with veil: light skin tone", true},
    {"\xf0\x9f\x91\xb0\xf0\x9f\x8f\xbc\xe2\x80\x8d\xe2\x99\x82\xef\xb8\x8f", "man with veil: medium-light skin tone", true},
    {"\xf0\x9f\x91\xb0\xf0\x9f\x8f\xbd\xe2\x80\x8d\xe2\x99\x82\xef\xb8\x8f", "man with veil: medium skin tone", true},
    {"\xf0\x9f\x91\xb0\xf0\x9f\x8f\xbe\xe2\x80\x8d\xe2\x99\x82\xef\xb8\x8f", "man with veil: medium-dark skin tone", true},
    {"\xf0\x9f\x91\xb0\xf0\x9f\x8f\xbf\xe2\x80\x8d\xe2\x99\x82\xef\xb8\x8f", "man with veil: dark skin tone", true},
    {"\xf0\x9f\x91\xb0\xe2\x80\x8d\xe2\x99\x80\xef\xb8\x8f", "woman with veil", false},
    {"\xf0\x9f\x91\xb0\xf0\x9f\x8f\xbb\xe2\x80\x8d\xe2\x99\x80\xef\xb8\x8f", "woman with veil: light skin tone", true},
    {"\xf0\x9f\x91\xb0\xf0\x9f\x8f\xbc\xe2\x80\x8d\xe2\x99\x80\xef\xb8\x8f", "woman with veil: medium-light skin tone", true},
    {"\xf0\x9f\x91\xb0\xf0\x9f\x8f\xbd\xe2\x80\x8d\xe2\x99\x80\xef\xb8\x8f", "woman with veil: medium skin tone", true},
    {"\xf0\x9f\x91\xb0\xf0\x9f\x8f\xbe\xe2\x80\x8d\xe2\x99\x80\xef\xb8\x8f", "woman with veil: medium-dark skin tone", true},
    {"\xf0\x9f\x91\xb0\xf0\x9f\x8f\xbf\xe2\x80\x8d\xe2\x99\x80\xef\xb8\x8f", "woman with veil: dark skin tone", true},
    {"\xf0\x9f\xa4\xb0", "pregnant woman", false},
    {"\xf0\x9f\xa4\xb0\xf0\x9f\x8f\xbb", "pregnant woman: light skin tone", true},
    {"\xf0\x9f\xa4\xb0\xf0\x9f\x8f\xbc", "pregnant woman: medium-light skin tone", true},
    {"\xf0\x9f\xa4\xb0\xf0\x9f\x8f\xbd", "pregnant woman: medium skin tone", true},
    {"\xf0\x9f\xa4\xb0\xf0\x9f\x8f\xbe", "pregnant woman: medium-dark skin tone", true},
    {"\xf0\x9f\xa4\xb0\xf0\x9f\x8f\xbf", "pregnant woman: dark skin tone", true},
    {"\xf0\x9f\xab\x83", "pregnant man", false},
    {"\xf0\x9f\xab\x83\xf0\x9f\x8f\xbb", "pregnant man: light skin tone", true},
    {"\xf0\x9f\xab\x83\xf0\x9f\x8f\xbc", "pregnant man: medium-light skin tone", true},
    {"\xf0\x9f\xab\x83\xf0\x9f\x8f\xbd", "pregnant man: medium skin tone", true},
    {"\xf0\x9f\xab\x83\xf0\x9f\x8f\xbe", "pregnant man: medium-dark skin tone", true},
    {"\xf0\x9f\xab\x83\xf0\x9f\x8f\xbf", "pregnant man: dark skin tone", true},
    {"\xf0\x9f\xab\x84", "pregnant person", false},
    {"\xf0\x9f\xab\x84\xf0\x9f\x8f\xbb", "pregnant person: light skin tone", true},
    {"\xf0\x9f\xab\x84\xf0\x9f\x8f\xbc", "pregnant person: medium-light skin tone", true},
    {"\xf0\x9f\xab\x84\xf0\x9f\x8f\xbd", "pregnant person: medium skin tone", true},
    {"\xf0\x9f\xab\x84\xf0\x9f\x8f\xbe", "pregnant person: medium-dark skin tone", true},
    {"\xf0\x9f\xab\x84\xf0\x9f\x8f\xbf", "pregnant person: dark skin tone", true},
    {"\xf0\x9f\xa4\xb1", "breast-feeding", false},
    {"\xf0\x9f\xa4\xb1\xf0\x9f\x8f\xbb", "breast-feeding: light skin tone", true},
    {"\xf0\x9f\xa4\xb1\xf0\x9f\x8f\xbc", "breast-feeding: medium-light skin tone", true},
    {"\xf0\x9f\xa4\xb1\xf0\x9f\x8f\xbd", "breast-feeding: medium skin tone", true},
    {"\xf0\x9f\xa4\xb1\xf0\x9f\x8f\xbe", "breast-feeding: medium-dark skin tone", true},
    {"\xf0\x9f\xa4\xb1\xf0\x9f\x8f\xbf", "breast-feeding: dark skin tone", true},
    {"\xf0\x9f\x91\xa9\xe2\x80\x8d\xf0\x9f\x8d\xbc", "woman feeding baby", false},
    {"\xf0\x9f\x91\xa9\xf0\x9f\x8f\xbb\xe2\x80\x8d\xf0\x9f\x8d\xbc", "woman feeding baby: light skin tone", true},
    {"\xf0\x9f\x91\xa9\xf0\x9f\x8f\xbc\xe2\x80\x8d\xf0\x9f\x8d\xbc", "woman feeding baby: medium-light skin tone", true},
    {"\xf0\x9f\x91\xa9\xf0\x9f\x8f\xbd\xe2\x80\x8d\xf0\x9f\x8d\xbc", "woman feeding baby: medium skin tone", true},
    {"\xf0\x9f\x91\xa9\xf0\x9f\x8f\xbe\xe2\x80\x8d\xf0\x9f\x8d\xbc", "woman feeding baby: medium-dark skin tone", true},
    {"\xf0\x9f\x91\xa9\xf0\x9f\x8f\xbf\xe2\x80\x8d\xf0\x9f\x8d\xbc", "woman feeding baby: dark skin tone", true},
    {"\xf0\x9f\x91\xa8\xe2\x80\x8d\xf0\x9f\x8d\xbc", "man feeding baby", false},
    {"\xf0\x9f\x91\xa8\xf0\x9f\x8f\xbb\xe2\x80\x8d\xf0\x9f\x8d\xbc", "man feeding baby: light skin tone", true},
    {"\xf0\x9f\x91\xa8\xf0\x9f\x8f\xbc\xe2\x80\x8d\xf0\x9f\x8d\xbc", "man feeding baby: medium-light skin tone", true},
    {"\xf0\x9f\x91\xa8\xf0\x9f\x8f\xbd\xe2\x80\x8d\xf0\x9f\x8d\xbc", "man feeding baby: medium skin tone", true},
    {"\xf0\x9f\x91\xa8\xf0\x9f\x8f\xbe\xe2\x80\x8d\xf0\x9f\x8d\xbc", "man feeding baby: medium-dark skin tone", true},
    {"\xf0\x9f\x91\xa8\xf0\x9f\x8f\xbf\xe2\x80\x8d\xf0\x9f\x8d\xbc", "man feeding baby: dark skin tone", true},
    {"\xf0\x9f\xa7\x91\xe2\x80\x8d\xf0\x9f\x8d\xbc", "person feeding baby", false},
    {"\xf0\x9f\xa7\x91\xf0\x9f\x8f\xbb\xe2\x80\x8d\xf0\x9f\x8d\xbc", "person feeding baby: light skin tone", true},
    {"\xf0\x9f\xa7\x91\xf0\x9f\x8f\xbc\xe2\x80\x8d\xf0\x9f\x8d\xbc", "person feeding baby: medium-light skin tone", true},
    {"\xf0\x9f\xa7\x91\xf0\x9f\x8f\xbd\xe2\x80\x8d\xf0\x9f\x8d\xbc", "person feeding baby: medium skin tone", true},
    {"\xf0\x9f\xa7\x91\xf0\x9f\x8f\xbe\xe2\x80\x8d\xf0\x9f\x8d\xbc", "person feeding baby: medium-dark skin tone", true},
    {"\xf0\x9f\xa7\x91\xf0\x9f\x8f\xbf\xe2\x80\x8d\xf0\x9f\x8d\xbc", "person feeding baby: dark skin tone", true},
    {"\xf0\x9f\x91\xbc", "baby angel", false},
    {"\xf0\x9f\x91\xbc\xf0\x9f\x8f\xbb", "baby angel: light skin tone", true},
    {"\xf0\x9f\x91\xbc\xf0\x9f\x8f\xbc", "baby angel: medium-light skin tone", true},
    {"\xf0\x9f\x91\xbc\xf0\x9f\x8f\xbd", "baby angel: medium skin tone", true},
    {"\xf0\x9f\x91\xbc\xf0\x9f\x8f\xbe", "baby angel: medium-dark skin tone", true},
    {"\xf0\x9f\x91\xbc\xf0\x9f\x8f\xbf", "baby angel: dark skin tone", true},
    {"\xf0\x9f\x8e\x85", "Santa Claus", false},
    {"\xf0\x9f\x8e\x85\xf0\x9f\x8f\xbb", "Santa Claus: light skin tone", true},
    {"\xf0\x9f\x8e\x85\xf0\x9f\x8f\xbc", "Santa Claus: medium-light skin tone", true},
    {"\xf0\x9f\x8e\x85\xf0\x9f\x8f\xbd", "Santa Claus: medium skin tone", true},
    {"\xf0\x9f\x8e\x85\xf0\x9f\x8f\xbe", "Santa Claus: medium-dark skin tone", true},
    {"\xf0\x9f\x8e\x85\xf0\x9f\x8f\xbf", "Santa Claus: dark skin tone", true},
    {"\xf0\x9f\xa4\xb6", "Mrs. Claus", false},
    {"\xf0\x9f\xa4\xb6\xf0\x9f\x8f\xbb", "Mrs. Claus: light skin tone", true},
    {"\xf0\x9f\xa4\xb6\xf0\x9f\x8f\xbc", "Mrs. Claus: medium-light skin tone", true},
    {"\xf0\x9f\xa4\xb6\xf0\x9f\x8f\xbd", "Mrs. Claus: medium skin tone", true},
    {"\xf0\x9f\xa4\xb6\xf0\x9f\x8f\xbe", "Mrs. Claus: medium-dark skin tone", true},
    {"\xf0\x9f\xa4\xb6\xf0\x9f\x8f\xbf", "Mrs. Claus: dark skin tone", true},
    {"\xf0\x9f\xa7\x91\xe2\x80\x8d\xf0\x9f\x8e\x84", "Mx Claus", false},
    {"\xf0\x9f\xa7\x91\xf0\x9f\x8f\xbb\xe2\x80\x8d\xf0\x9f\x8e\x84", "Mx Claus: light skin tone", true},
    {"\xf0\x9f\xa7\x91\xf0\x9f\x8f\xbc\xe2\x80\x8d\xf0\x9f\x8e\x84", "Mx Claus: medium-light skin tone", true},
    {"\xf0\x9f\xa7\x91\xf0\x9f\x8f\xbd\xe2\x80\x8d\xf0\x9f\x8e\x84", "Mx Claus: medium skin tone", true},
    {"\xf0\x9f\xa7\x91\xf0\x9f\x8f\xbe\xe2\x80\x8d\xf0\x9f\x8e\x84", "Mx Claus: medium-dark skin tone", true},
    {"\xf0\x9f\xa7\x91\xf0\x9f\x8f\xbf\xe2\x80\x8d\xf0\x9f\x8e\x84", "Mx Claus: dark skin tone", true},
    {"\xf0\x9f\xa6\xb8", "superhero", false},
    {"\xf0\x9f\xa6\xb8\xf0\x9f\x8f\xbb", "superhero: light skin tone", true},
    {"\xf0\x9f\xa6\xb8\xf0\x9f\x8f\xbc", "superhero: medium-light skin tone", true},
    {"\xf0\x9f\xa6\xb8\xf0\x9f\x8f\xbd", "superhero: medium skin tone", true},
    {"\xf0\x9f\xa6\xb8\xf0\x9f\x8f\xbe", "superhero: medium-dark skin tone", true},
    {"\xf0\x9f\xa6\xb8\xf0\x9f\x8f\xbf", "superhero: dark skin tone", true},
    {"\xf0\x9f\xa6\xb8\xe2\x80\x8d\xe2\x99\x82\xef\xb8\x8f", "man superhero", false},
    {"\xf0\x9f\xa6\xb8\xf0\x9f\x8f\xbb\xe2\x80\x8d\xe2\x99\x82\xef\xb8\x8f", "man superhero: light skin tone", true},
    {"\xf0\x9f\xa6\xb8\xf0\x9f\x8f\xbc\xe2\x80\x8d\xe2\x99\x82\xef\xb8\x8f", "man superhero: medium-light skin tone", true},
    {"\xf0\x9f\xa6\xb8\xf0\x9f\x8f\xbd\xe2\x80\x8d\xe2\x99\x82\xef\xb8\x8f", "man superhero: medium skin tone", true},
    {"\xf0\x9f\xa6\xb8\xf0\x9f\x8f\xbe\xe2\x80\x8d\xe2\x99\x82\xef\xb8\x8f", "man superhero: medium-dark skin tone", true},
    {"\xf0\x9f\xa6\xb8\xf0\x9f\x8f\xbf\xe2\x80\x8d\xe2\x99\x82\xef\xb8\x8f", "man superhero: dark skin tone", true},
    {"\xf0\x9f\xa6\xb8\xe2\x80\x8d\xe2\x99\x80\xef\xb8\x8f", "woman superhero", false},
    {"\xf0\x9f\xa6\xb8\xf0\x9f\x8f\xbb\xe2\x80\x8d\xe2\x99\x80\xef\xb8\x8f", "woman superhero: light skin tone", true},
    {"\xf0\x9f\xa6\xb8\xf0\x9f\x8f\xbc\xe2\x80\x8d\xe2\x99\x80\xef\xb8\x8f", "woman superhero: medium-light skin tone", true},
    {"\xf0\x9f\xa6\xb8\xf0\x9f\x8f\xbd\xe2\x80\x8d\xe2\x99\x80\xef\xb8\x8f", "woman superhero: medium skin tone", true},
    {"\xf0\x9f\xa6\xb8\xf0\x9f\x8f\xbe\xe2\x80\x8d\xe2\x99\x80\xef\xb8\x8f", "woman superhero: medium-dark skin tone", true},
    {"\xf0\x9f\xa6\xb8\xf0\x9f\x8f\xbf\xe2\x80\x8d\xe2\x99\x80\xef\xb8\x8f", "woman superhero: dark skin tone", true},
    {"\xf0\x9f\xa6\xb9", "supervillain", false},
    {"\xf0\x9f\xa6\xb9\xf0\x9f\x8f\xbb", "supervillain: light skin tone", true},
    {"\xf0\x9f\xa6\xb9\xf0\x9f\x8f\xbc", "supervillain: medium-light skin tone", true},
    {"\xf0\x9f\xa6\xb9\xf0\x9f\x8f\xbd", "supervillain: medium skin tone", true},
    {"\xf0\x9f\xa6\xb9\xf0\x9f\x8f\xbe", "supervillain: medium-dark skin tone", true},
    {"\xf0\x9f\xa6\xb9\xf0\x9f\x8f\xbf", "supervillain: dark skin tone", true},
    {"\xf0\x9f\xa6\xb9\xe2\x80\x8d\xe2\x99\x82\xef\xb8\x8f", "man supervillain", false},
    {"\xf0\x9f\xa6\xb9\xf0\x9f\x8f\xbb\xe2\x80\x8d\xe2\x99\x82\xef\xb8\x8f", "man supervillain: light skin tone", true},
    {"\xf0\x9f\xa6\xb9\xf0\x9f\x8f\xbc\xe2\x80\x8d\xe2\x99\x82\xef\xb8\x8f", "man supervillain: medium-light skin tone", true},
    {"\xf0\x9f\xa6\xb9\xf0\x9f\x8f\xbd\xe2\x80\x8d\xe2\x99\x82\xef\xb8\x8f", "man supervillain: medium skin tone", true},
    {"\xf0\x9f\xa6\xb9\xf0\x9f\x8f\xbe\xe2\x80\x8d\xe2\x99\x82\xef\xb8\x8f", "man supervillain: medium-dark skin tone", true},
    {"\xf0\x9f\xa6\xb9\xf0\x9f\x8f\xbf\xe2\x80\x8d\xe2\x99\x82\xef\xb8\x8f", "man supervillain: dark skin tone", true},
    {"\xf0\x9f\xa6\xb9\xe2\x80\x8d\xe2\x99\x80\xef\xb8\x8f", "woman supervillain", false},
    {"\xf0\x9f\xa6\xb9\xf0\x9f\x8f\xbb\xe2\x80\x8d\xe2\x99\x80\xef\xb8\x8f", "woman supervillain: light skin tone", true},
    {"\xf0\x9f\xa6\xb9\xf0\x9f\x8f\xbc\xe2\x80\x8d\xe2\x99\x80\xef\xb8\x8f", "woman supervillain: medium-light skin tone", true},
    {"\xf0\x9f\xa6\xb9\xf0\x9f\x8f\xbd\xe2\x80\x8d\xe2\x99\x80\xef\xb8\x8f", "woman supervillain: medium skin tone", true},
    {"\xf0\x9f\xa6\xb9\xf0\x9f\x8f\xbe\xe2\x80\x8d\xe2\x99\x80\xef\xb8\x8f", "woman supervillain: medium-dark skin tone", true},
    {"\xf0\x9f\xa6\xb9\xf0\x9f\x8f\xbf\xe2\x80\x8d\xe2\x99\x80\xef\xb8\x8f", "woman supervillain: dark skin tone", true},
    {"\xf0\x9f\xa7\x99", "mage", false},
    {"\xf0\x9f\xa7\x99\xf0\x9f\x8f\xbb", "mage: light skin tone", true},
    {"\xf0\x9f\xa7\x99\xf0\x9f\x8f\xbc", "mage: medium-light skin tone", true},
    {"\xf0\x9f\xa7\x99\xf0\x9f\x8f\xbd", "mage: medium skin tone", true},
    {"\xf0\x9f\xa7\x99\xf0\x9f\x8f\xbe", "mage: medium-dark skin tone", true},
    {"\xf0\x9f\xa7\x99\xf0\x9f\x8f\xbf", "mage: dark skin tone", true},
    {"\xf0\x9f\xa7\x99\xe2\x80\x8d\xe2\x99\x82\xef\xb8\x8f", "man mage", false},
    {"\xf0\x9f\xa7\x99\xf0\x9f\x8f\xbb\xe2\x80\x8d\xe2\x99\x82\xef\xb8\x8f", "man mage: light skin tone", true},
    {"\xf0\x9f\xa7\x99\xf0\x9f\x8f\xbc\xe2\x80\x8d\xe2\x99\x82\xef\xb8\x8f", "man mage: medium-light skin tone", true},
    {"\xf0\x9f\xa7\x99\xf0\x9f\x8f\xbd\xe2\x80\x8d\xe2\x99\x82\xef\xb8\x8f", "man mage: medium skin tone", true},
    {"\xf0\x9f\xa7\x99\xf0\x9f\x8f\xbe\xe2\x80\x8d\xe2\x99\x82\xef\xb8\x8f", "man mage: medium-dark skin tone", true},
    {"\xf0\x9f\xa7\x99\xf0\x9f\x8f\xbf\xe2\x80\x8d\xe2\x99\x82\xef\xb8\x8f", "man mage: dark skin tone", true},
    {"\xf0\x9f\xa7\x99\xe2\x80\x8d\xe2\x99\x80\xef\xb8\x8f", "woman mage", false},
    {"\xf0\x9f\xa7\x99\xf0\x9f\x8f\xbb\xe2\x80\x8d\xe2\x99\x80\xef\xb8\x8f", "woman mage: light skin tone", true},
    {"\xf0\x9f\xa7\x99\xf0\x9f\x8f\xbc\xe2\x80\x8d\xe2\x99\x80\xef\xb8\x8f", "woman mage: medium-light skin tone", true},
    {"\xf0\x9f\xa7\x99\xf0\x9f\x8f\xbd\xe2\x80\x8d\xe2\x99\x80\xef\xb8\x8f", "woman mage: medium skin tone", true},
    {"\xf0\x9f\xa7\x99\xf0\x9f\x8f\xbe\xe2\x80\x8d\xe2\x99\x80\xef\xb8\x8f", "woman mage: medium-dark skin tone", true},
    {"\xf0\x9f\xa7\x99\xf0\x9f\x8f\xbf\xe2\x80\x8d\xe2\x99\x80\xef\xb8\x8f", "woman mage: dark skin tone", true},
    {"\xf0\x9f\xa7\x9a", "fairy", false},
    {"\xf0\x9f\xa7\x9a\xf0\x9f\x8f\xbb", "fairy: light skin tone", true},
    {"\xf0\x9f\xa7\x9a\xf0\x9f\x8f\xbc", "fairy: medium-light skin tone", true},
    {"\xf0\x9f\xa7\x9a\xf0\x9f\x8f\xbd", "fairy: medium skin tone", true},
    {"\xf0\x9f\xa7\x9a\xf0\x9f\x8f\xbe", "fairy: medium-dark skin tone", true},
    {"\xf0\x9f\xa7\x9a\xf0\x9f\x8f\xbf", "fairy: dark skin tone", true},
    {"\xf0\x9f\xa7\x9a\xe2\x80\x8d\xe2\x99\x82\xef\xb8\x8f", "man fairy", false},
    {"\xf0\x9f\xa7\x9a\xf0\x9f\x8f\xbb\xe2\x80\x8d\xe2\x99\x82\xef\xb8\x8f", "man fairy: light skin tone", true},
    {"\xf0\x9f\xa7\x9a\xf0\x9f\x8f\xbc\xe2\x80\x8d\xe2\x99\x82\xef\xb8\x8f", "man fairy: medium-light skin tone", true},
    {"\xf0\x9f\xa7\x9a\xf0\x9f\x8f\xbd\xe2\x80\x8d\xe2\x99\x82\xef\xb8\x8f", "man fairy: medium skin tone", true},
    {"\xf0\x9f\xa7\x9a\xf0\x9f\x8f\xbe\xe2\x80\x8d\xe2\x99\x82\xef\xb8\x8f", "man fairy: medium-dark skin tone", true},
    {"\xf0\x9f\xa7\x9a\xf0\x9f\x8f\xbf\xe2\x80\x8d\xe2\x99\x82\xef\xb8\x8f", "man fairy: dark skin tone", true},
    {"\xf0\x9f\xa7\x9a\xe2\x80\x8d\xe2\x99\x80\xef\xb8\x8f", "woman fairy", false},
    {"\xf0\x9f\xa7\x9a\xf0\x9f\x8f\xbb\xe2\x80\x8d\xe2\x99\x80\xef\xb8\x8f", "woman fairy: light skin tone", true},
    {"\xf0\x9f\xa7\x9a\xf0\x9f\x8f\xbc\xe2\x80\x8d\xe2\x99\x80\xef\xb8\x8f", "woman fairy: medium-light skin tone", true},
    {"\xf0\x9f\xa7\x9a\xf0\x9f\x8f\xbd\xe2\x80\x8d\xe2\x99\x80\xef\xb8\x8f", "woman fairy: medium skin tone", true},
    {"\xf0\x9f\xa7\x9a\xf0\x9f\x8f\xbe\xe2\x80\x8d\xe2\x99\x80\xef\xb8\x8f", "woman fairy: medium-dark skin tone", true},
    {"\xf0\x9f\xa7\x9a\xf0\x9f\x8f\xbf\xe2\x80\x8d\xe2\x99\x80\xef\xb8\x8f", "woman fairy: dark skin tone", true},
    {"\xf0\x9f\xa7\x9b", "vampire", false},
    {"\xf0\x9f\xa7\x9b\xf0\x9f\x8f\xbb", "vampire: light skin tone", true},
    {"\xf0\x9f\xa7\x9b\xf0\x9f\x8f\xbc", "vampire: medium-light skin tone", true},
    {"\xf0\x9f\xa7\x9b\xf0\x9f\x8f\xbd", "vampire: medium skin tone", true},
    {"\xf0\x9f\xa7\x9b\xf0\x9f\x8f\xbe", "vampire: medium-dark skin tone", true},
    {"\xf0\x9f\xa7\x9b\xf0\x9f\x8f\xbf", "vampire: dark skin tone", true},
    {"\xf0\x9f\xa7\x9b\xe2\x80\x8d\xe2\x99\x82\xef\xb8\x8f", "man vampire", false},
    {"\xf0\x9f\xa7\x9b\xf0\x9f\x8f\xbb\xe2\x80\x8d\xe2\x99\x82\xef\xb8\x8f", "man vampire: light skin tone", true},
    {"\xf0\x9f\xa7\x9b\xf0\x9f\x8f\xbc\xe2\x80\x8d\xe2\x99\x82\xef\xb8\x8f", "man vampire: medium-light skin tone", true},
    {"\xf0\x9f\xa7\x9b\xf0\x9f\x8f\xbd\xe2\x80\x8d\xe2\x99\x82\xef\xb8\x8f", "man vampire: medium skin tone", true},
    {"\xf0\x9f\xa7\x9b\xf0\x9f\x8f\xbe\xe2\x80\x8d\xe2\x99\x82\xef\xb8\x8f", "man vampire: medium-dark skin tone", true},
    {"\xf0\x9f\xa7\x9b\xf0\x9f\x8f\xbf\xe2\x80\x8d\xe2\x99\x82\xef\xb8\x8f", "man vampire: dark skin tone", true},
    {"\xf0\x9f\xa7\x9b\xe2\x80\x8d\xe2\x99\x80\xef\xb8\x8f", "woman vampire", false},
    {"\xf0\x9f\xa7\x9b\xf0\x9f\x8f\xbb\xe2\x80\x8d\xe2\x99\x80\xef\xb8\x8f", "woman vampire: light skin tone", true},
    {"\xf0\x9f\xa7\x9b\xf0\x9f\x8f\xbc\xe2\x80\x8d\xe2\x99\x80\xef\xb8\x8f", "woman vampire: medium-light skin tone", true},
    {"\xf0\x9f\xa7\x9b\xf0\x9f\x8f\xbd\xe2\x80\x8d\xe2\x99\x80\xef\xb8\x8f", "woman vampire: medium skin tone", true},
    {"\xf0\x9f\xa7\x9b\xf0\x9f\x8f\xbe\xe2\x80\x8d\xe2\x99\x80\xef\xb8\x8f", "woman vampire: medium-dark skin tone", true},
    {"\xf0\x9f\xa7\x9b\xf0\x9f\x8f\xbf\xe2\x80\x8d\xe2\x99\x80\xef\xb8\x8f", "woman vampire: dark skin tone", true},
    {"\xf0\x9f\xa7\x9c", "merperson", false},
    {"\xf0\x9f\xa7\x9c\xf0\x9f\x8f\xbb", "merperson: light skin tone", true},
    {"\xf0\x9f\xa7\x9c\xf0\x9f\x8f\xbc", "merperson: medium-light skin tone", true},
    {"\xf0\x9f\xa7\x9c\xf0\x9f\x8f\xbd", "merperson: medium skin tone", true},
    {"\xf0\x9f\xa7\x9c\xf0\x9f\x8f\xbe", "merperson: medium-dark skin tone", true},
    {"\xf0\x9f\xa7\x9c\xf0\x9f\x8f\xbf", "merperson: dark skin tone", true},
    {"\xf0\x9f\xa7\x9c\xe2\x80\x8d\xe2\x99\x82\xef\xb8\x8f", "merman", false},
    {"\xf0\x9f\xa7\x9c\xf0\x9f\x8f\xbb\xe2\x80\x8d\xe2\x99\x82\xef\xb8\x8f", "merman: light skin tone", true},
    {"\xf0\x9f\xa7\x9c\xf0\x9f\x8f\xbc\xe2\x80\x8d\xe2\x99\x82\xef\xb8\x8f", "merman: medium-light skin tone", true},
    {"\xf0\x9f\xa7\x9c\xf0\x9f\x8f\xbd\xe2\x80\x8d\xe2\x99\x82\xef\xb8\x8f", "merman: medium skin tone", true},
    {"\xf0\x9f\xa7\x9c\xf0\x9f\x8f\xbe\xe2\x80\x8d\xe2\x99\x82\xef\xb8\x8f", "merman: medium-dark skin tone", true},
    {"\xf0\x9f\xa7\x9c\xf0\x9f\x8f\xbf\xe2\x80\x8d\xe2\x99\x82\xef\xb8\x8f", "merman: dark skin tone", true},
    {"\xf0\x9f\xa7\x9c\xe2\x80\x8d\xe2\x99\x80\xef\xb8\x8f", "mermaid", false},
    {"\xf0\x9f\xa7\x9c\xf0\x9f\x8f\xbb\xe2\x80\x8d\xe2\x99\x80\xef\xb8\x8f", "mermaid: light skin tone", true},
    {"\xf0\x9f\xa7\x9c\xf0\x9f\x8f\xbc\xe2\x80\x8d\xe2\x99\x80\xef\xb8\x8f", "mermaid: medium-light skin tone", true},
    {"\xf0\x9f\xa7\x9c\xf0\x9f\x8f\xbd\xe2\x80\x8d\xe2\x99\x80\xef\xb8\x8f", "mermaid: medium skin tone", true},
    {"\xf0\x9f\xa7\x9c\xf0\x9f\x8f\xbe\xe2\x80\x8d\xe2\x99\x80\xef\xb8\x8f", "mermaid: medium-dark skin tone", true},
    {"\xf0\x9f\xa7\x9c\xf0\x9f\x8f\xbf\xe2\x80\x8d\xe2\x99\x80\xef\xb8\x8f", "mermaid: dark skin tone", true},
    {"\xf0\x9f\xa7\x9d", "elf", false},
    {"\xf0\x9f\xa7\x9d\xf0\x9f\x8f\xbb", "elf: light skin tone", true},
    {"\xf0\x9f\xa7\x9d\xf0\x9f\x8f\xbc", "elf: medium-light skin tone", true},
    {"\xf0\x9f\xa7\x9d\xf0\x9f\x8f\xbd", "elf: medium skin tone", true},
    {"\xf0\x9f\xa7\x9d\xf0\x9f\x8f\xbe", "elf: medium-dark skin tone", true},
    {"\xf0\x9f\xa7\x9d\xf0\x9f\x8f\xbf", "elf: dark skin tone", true},
    {"\xf0\x9f\xa7\x9d\xe2\x80\x8d\xe2\x99\x82\xef\xb8\x8f", "man elf", false},
    {"\xf0\x9f\xa7\x9d\xf0\x9f\x8f\xbb\xe2\x80\x8d\xe2\x99\x82\xef\xb8\x8f", "man elf: light skin tone", true},
    {"\xf0\x9f\xa7\x9d\xf0\x9f\x8f\xbc\xe2\x80\x8d\xe2\x99\x82\xef\xb8\x8f", "man elf: medium-light skin tone", true},
    {"\xf0\x9f\xa7\x9d\xf0\x9f\x8f\xbd\xe2\x80\x8d\xe2\x99\x82\xef\xb8\x8f", "man elf: medium skin tone", true},
    {"\xf0\x9f\xa7\x9d\xf0\x9f\x8f\xbe\xe2\x80\x8d\xe2\x99\x82\xef\xb8\x8f", "man elf: medium-dark skin tone", true},
    {"\xf0\x9f\xa7\x9d\xf0\x9f\x8f\xbf\xe2\x80\x8d\xe2\x99\x82\xef\xb8\x8f", "man elf: dark skin tone", true},
    {"\xf0\x9f\xa7\x9d\xe2\x80\x8d\xe2\x99\x80\xef\xb8\x8f", "woman elf", false},
    {"\xf0\x9f\xa7\x9d\xf0\x9f\x8f\xbb\xe2\x80\x8d\xe2\x99\x80\xef\xb8\x8f", "woman elf: light skin tone", true},
    {"\xf0\x9f\xa7\x9d\xf0\x9f\x8f\xbc\xe2\x80\x8d\xe2\x99\x80\xef\xb8\x8f", "woman elf: medium-light skin tone", true},
    {"\xf0\x9f\xa7\x9d\xf0\x9f\x8f\xbd\xe2\x80\x8d\xe2\x99\x80\xef\xb8\x8f", "woman elf: medium skin tone", true},
    {"\xf0\x9f\xa7\x9d\xf0\x9f\x8f\xbe\xe2\x80\x8d\xe2\x99\x80\xef\xb8\x8f", "woman elf: medium-dark skin tone", true},
    {"\xf0\x9f\xa7\x9d\xf0\x9f\x8f\xbf\xe2\x80\x8d\xe2\x99\x80\xef\xb8\x8f", "woman elf: dark skin tone", true},
    {"\xf0\x9f\xa7\x9e", "genie", false},
    {"\xf0\x9f\xa7\x9e\xe2\x80\x8d\xe2\x99\x82\xef\xb8\x8f", "man genie", false},
    {"\xf0\x9f\xa7\x9e\xe2\x80\x8d\xe2\x99\x80\xef\xb8\x8f", "woman genie", false},
    {"\xf0\x9f\xa7\x9f", "zombie", false},
    {"\xf0\x9f\xa7\x9f\xe2\x80\x8d\xe2\x99\x82\xef\xb8\x8f", "man zombie", false},
    {"\xf0\x9f\xa7\x9f\xe2\x80\x8d\xe2\x99\x80\xef\xb8\x8f", "woman zombie", false},
    {"\xf0\x9f\xa7\x8c", "troll", false},
    {"\xf0\x9f\xab\x88", "hairy creature", false},
    {"\xf0\x9f\x92\x86", "person getting massage", false},
    {"\xf0\x9f\x92\x86\xf0\x9f\x8f\xbb", "person getting massage: light skin tone", true},
    {"\xf0\x9f\x92\x86\xf0\x9f\x8f\xbc", "person getting massage: medium-light skin tone", true},
    {"\xf0\x9f\x92\x86\xf0\x9f\x8f\xbd", "person getting massage: medium skin tone", true},
    {"\xf0\x9f\x92\x86\xf0\x9f\x8f\xbe", "person getting massage: medium-dark skin tone", true},
    {"\xf0\x9f\x92\x86\xf0\x9f\x8f\xbf", "person getting massage: dark skin tone", true},
    {"\xf0\x9f\x92\x86\xe2\x80\x8d\xe2\x99\x82\xef\xb8\x8f", "man getting massage", false},
    {"\xf0\x9f\x92\x86\xf0\x9f\x8f\xbb\xe2\x80\x8d\xe2\x99\x82\xef\xb8\x8f", "man getting massage: light skin tone", true},
    {"\xf0\x9f\x92\x86\xf0\x9f\x8f\xbc\xe2\x80\x8d\xe2\x99\x82\xef\xb8\x8f", "man getting massage: medium-light skin tone", true},
    {"\xf0\x9f\x92\x86\xf0\x9f\x8f\xbd\xe2\x80\x8d\xe2\x99\x82\xef\xb8\x8f", "man getting massage: medium skin tone", true},
    {"\xf0\x9f\x92\x86\xf0\x9f\x8f\xbe\xe2\x80\x8d\xe2\x99\x82\xef\xb8\x8f", "man getting massage: medium-dark skin tone", true},
    {"\xf0\x9f\x92\x86\xf0\x9f\x8f\xbf\xe2\x80\x8d\xe2\x99\x82\xef\xb8\x8f", "man getting massage: dark skin tone", true},
    {"\xf0\x9f\x92\x86\xe2\x80\x8d\xe2\x99\x80\xef\xb8\x8f", "woman getting massage", false},
    {"\xf0\x9f\x92\x86\xf0\x9f\x8f\xbb\xe2\x80\x8d\xe2\x99\x80\xef\xb8\x8f", "woman getting massage: light skin tone", true},
    {"\xf0\x9f\x92\x86\xf0\x9f\x8f\xbc\xe2\x80\x8d\xe2\x99\x80\xef\xb8\x8f", "woman getting massage: medium-light skin tone", true},
    {"\xf0\x9f\x92\x86\xf0\x9f\x8f\xbd\xe2\x80\x8d\xe2\x99\x80\xef\xb8\x8f", "woman getting massage: medium skin tone", true},
    {"\xf0\x9f\x92\x86\xf0\x9f\x8f\xbe\xe2\x80\x8d\xe2\x99\x80\xef\xb8\x8f", "woman getting massage: medium-dark skin tone", true},
    {"\xf0\x9f\x92\x86\xf0\x9f\x8f\xbf\xe2\x80\x8d\xe2\x99\x80\xef\xb8\x8f", "woman getting massage: dark skin tone", true},
    {"\xf0\x9f\x92\x87", "person getting haircut", false},
    {"\xf0\x9f\x92\x87\xf0\x9f\x8f\xbb", "person getting haircut: light skin tone", true},
    {"\xf0\x9f\x92\x87\xf0\x9f\x8f\xbc", "person getting haircut: medium-light skin tone", true},
    {"\xf0\x9f\x92\x87\xf0\x9f\x8f\xbd", "person getting haircut: medium skin tone", true},
    {"\xf0\x9f\x92\x87\xf0\x9f\x8f\xbe", "person getting haircut: medium-dark skin tone", true},
    {"\xf0\x9f\x92\x87\xf0\x9f\x8f\xbf", "person getting haircut: dark skin tone", true},
    {"\xf0\x9f\x92\x87\xe2\x80\x8d\xe2\x99\x82\xef\xb8\x8f", "man getting haircut", false},
    {"\xf0\x9f\x92\x87\xf0\x9f\x8f\xbb\xe2\x80\x8d\xe2\x99\x82\xef\xb8\x8f", "man getting haircut: light skin tone", true},
    {"\xf0\x9f\x92\x87\xf0\x9f\x8f\xbc\xe2\x80\x8d\xe2\x99\x82\xef\xb8\x8f", "man getting haircut: medium-light skin tone", true},
    {"\xf0\x9f\x92\x87\xf0\x9f\x8f\xbd\xe2\x80\x8d\xe2\x99\x82\xef\xb8\x8f", "man getting haircut: medium skin tone", true},
    {"\xf0\x9f\x92\x87\xf0\x9f\x8f\xbe\xe2\x80\x8d\xe2\x99\x82\xef\xb8\x8f", "man getting haircut: medium-dark skin tone", true},
    {"\xf0\x9f\x92\x87\xf0\x9f\x8f\xbf\xe2\x80\x8d\xe2\x99\x82\xef\xb8\x8f", "man getting haircut: dark skin tone", true},
    {"\xf0\x9f\x92\x87\xe2\x80\x8d\xe2\x99\x80\xef\xb8\x8f", "woman getting haircut", false},
    {"\xf0\x9f\x92\x87\xf0\x9f\x8f\xbb\xe2\x80\x8d\xe2\x99\x80\xef\xb8\x8f", "woman getting haircut: light skin tone", true},
    {"\xf0\x9f\x92\x87\xf0\x9f\x8f\xbc\xe2\x80\x8d\xe2\x99\x80\xef\xb8\x8f", "woman getting haircut: medium-light skin tone", true},
    {"\xf0\x9f\x92\x87\xf0\x9f\x8f\xbd\xe2\x80\x8d\xe2\x99\x80\xef\xb8\x8f", "woman getting haircut: medium skin tone", true},
    {"\xf0\x9f\x92\x87\xf0\x9f\x8f\xbe\xe2\x80\x8d\xe2\x99\x80\xef\xb8\x8f", "woman getting haircut: medium-dark skin tone", true},
    {"\xf0\x9f\x92\x87\xf0\x9f\x8f\xbf\xe2\x80\x8d\xe2\x99\x80\xef\xb8\x8f", "woman getting haircut: dark skin tone", true},
    {"\xf0\x9f\x9a\xb6", "person walking", false},
    {"\xf0\x9f\x9a\xb6\xf0\x9f\x8f\xbb", "person walking: light skin tone", true},
    {"\xf0\x9f\x9a\xb6\xf0\x9f\x8f\xbc", "person walking: medium-light skin tone", true},
    {"\xf0\x9f\x9a\xb6\xf0\x9f\x8f\xbd", "person walking: medium skin tone", true},
    {"\xf0\x9f\x9a\xb6\xf0\x9f\x8f\xbe", "person walking: medium-dark skin tone", true},
    {"\xf0\x9f\x9a\xb6\xf0\x9f\x8f\xbf", "person walking: dark skin tone", true},
    {"\xf0\x9f\x9a\xb6\xe2\x80\x8d\xe2\x99\x82\xef\xb8\x8f", "man walking", false},
    {"\xf0\x9f\x9a\xb6\xf0\x9f\x8f\xbb\xe2\x80\x8d\xe2\x99\x82\xef\xb8\x8f", "man walking: light skin tone", true},
    {"\xf0\x9f\x9a\xb6\xf0\x9f\x8f\xbc\xe2\x80\x8d\xe2\x99\x82\xef\xb8\x8f", "man walking: medium-light skin tone", true},
    {"\xf0\x9f\x9a\xb6\xf0\x9f\x8f\xbd\xe2\x80\x8d\xe2\x99\x82\xef\xb8\x8f", "man walking: medium skin tone", true},
    {"\xf0\x9f\x9a\xb6\xf0\x9f\x8f\xbe\xe2\x80\x8d\xe2\x99\x82\xef\xb8\x8f", "man walking: medium-dark skin tone", true},
    {"\xf0\x9f\x9a\xb6\xf0\x9f\x8f\xbf\xe2\x80\x8d\xe2\x99\x82\xef\xb8\x8f", "man walking: dark skin tone", true},
    {"\xf0\x9f\x9a\xb6\xe2\x80\x8d\xe2\x99\x80\xef\xb8\x8f", "woman walking", false},
    {"\xf0\x9f\x9a\xb6\xf0\x9f\x8f\xbb\xe2\x80\x8d\xe2\x99\x80\xef\xb8\x8f", "woman walking: light skin tone", true},
    {"\xf0\x9f\x9a\xb6\xf0\x9f\x8f\xbc\xe2\x80\x8d\xe2\x99\x80\xef\xb8\x8f", "woman walking: medium-light skin tone", true},
    {"\xf0\x9f\x9a\xb6\xf0\x9f\x8f\xbd\xe2\x80\x8d\xe2\x99\x80\xef\xb8\x8f", "woman walking: medium skin tone", true},
    {"\xf0\x9f\x9a\xb6\xf0\x9f\x8f\xbe\xe2\x80\x8d\xe2\x99\x80\xef\xb8\x8f", "woman walking: medium-dark skin tone", true},
    {"\xf0\x9f\x9a\xb6\xf0\x9f\x8f\xbf\xe2\x80\x8d\xe2\x99\x80\xef\xb8\x8f", "woman walking: dark skin tone", true},
    {"\xf0\x9f\x9a\xb6\xe2\x80\x8d\xe2\x9e\xa1\xef\xb8\x8f", "person walking facing right", false},
    {"\xf0\x9f\x9a\xb6\xf0\x9f\x8f\xbb\xe2\x80\x8d\xe2\x9e\xa1\xef\xb8\x8f", "person walking facing right: light skin tone", true},
    {"\xf0\x9f\x9a\xb6\xf0\x9f\x8f\xbc\xe2\x80\x8d\xe2\x9e\xa1\xef\xb8\x8f", "person walking facing right: medium-light skin tone", true},
    {"\xf0\x9f\x9a\xb6\xf0\x9f\x8f\xbd\xe2\x80\x8d\xe2\x9e\xa1\xef\xb8\x8f", "person walking facing right: medium skin tone", true},
    {"\xf0\x9f\x9a\xb6\xf0\x9f\x8f\xbe\xe2\x80\x8d\xe2\x9e\xa1\xef\xb8\x8f", "person walking facing right: medium-dark skin tone", true},
    {"\xf0\x9f\x9a\xb6\xf0\x9f\x8f\xbf\xe2\x80\x8d\xe2\x9e\xa1\xef\xb8\x8f", "person walking facing right: dark skin tone", true},
    {"\xf0\x9f\x9a\xb6\xe2\x80\x8d\xe2\x99\x80\xef\xb8\x8f\xe2\x80\x8d\xe2\x9e\xa1\xef\xb8\x8f", "woman walking facing right", false},
    {"\xf0\x9f\x9a\xb6\xf0\x9f\x8f\xbb\xe2\x80\x8d\xe2\x99\x80\xef\xb8\x8f\xe2\x80\x8d\xe2\x9e\xa1\xef\xb8\x8f", "woman walking facing right: light skin tone", true},
    {"\xf0\x9f\x9a\xb6\xf0\x9f\x8f\xbc\xe2\x80\x8d\xe2\x99\x80\xef\xb8\x8f\xe2\x80\x8d\xe2\x9e\xa1\xef\xb8\x8f", "woman walking facing right: medium-light skin tone", true},
    {"\xf0\x9f\x9a\xb6\xf0\x9f\x8f\xbd\xe2\x80\x8d\xe2\x99\x80\xef\xb8\x8f\xe2\x80\x8d\xe2\x9e\xa1\xef\xb8\x8f", "woman walking facing right: medium skin tone", true},
    {"\xf0\x9f\x9a\xb6\xf0\x9f\x8f\xbe\xe2\x80\x8d\xe2\x99\x80\xef\xb8\x8f\xe2\x80\x8d\xe2\x9e\xa1\xef\xb8\x8f", "woman walking facing right: medium-dark skin tone", true},
    {"\xf0\x9f\x9a\xb6\xf0\x9f\x8f\xbf\xe2\x80\x8d\xe2\x99\x80\xef\xb8\x8f\xe2\x80\x8d\xe2\x9e\xa1\xef\xb8\x8f", "woman walking facing right: dark skin tone", true},
    {"\xf0\x9f\x9a\xb6\xe2\x80\x8d\xe2\x99\x82\xef\xb8\x8f\xe2\x80\x8d\xe2\x9e\xa1\xef\xb8\x8f", "man walking facing right", false},
    {"\xf0\x9f\x9a\xb6\xf0\x9f\x8f\xbb\xe2\x80\x8d\xe2\x99\x82\xef\xb8\x8f\xe2\x80\x8d\xe2\x9e\xa1\xef\xb8\x8f", "man walking facing right: light skin tone", true},
    {"\xf0\x9f\x9a\xb6\xf0\x9f\x8f\xbc\xe2\x80\x8d\xe2\x99\x82\xef\xb8\x8f\xe2\x80\x8d\xe2\x9e\xa1\xef\xb8\x8f", "man walking facing right: medium-light skin tone", true},
    {"\xf0\x9f\x9a\xb6\xf0\x9f\x8f\xbd\xe2\x80\x8d\xe2\x99\x82\xef\xb8\x8f\xe2\x80\x8d\xe2\x9e\xa1\xef\xb8\x8f", "man walking facing right: medium skin tone", true},
    {"\xf0\x9f\x9a\xb6\xf0\x9f\x8f\xbe\xe2\x80\x8d\xe2\x99\x82\xef\xb8\x8f\xe2\x80\x8d\xe2\x9e\xa1\xef\xb8\x8f", "man walking facing right: medium-dark skin tone", true},
    {"\xf0\x9f\x9a\xb6\xf0\x9f\x8f\xbf\xe2\x80\x8d\xe2\x99\x82\xef\xb8\x8f\xe2\x80\x8d\xe2\x9e\xa1\xef\xb8\x8f", "man walking facing right: dark skin tone", true},
    {"\xf0\x9f\xa7\x8d", "person standing", false},
    {"\xf0\x9f\xa7\x8d\xf0\x9f\x8f\xbb", "person standing: light skin tone", true},
    {"\xf0\x9f\xa7\x8d\xf0\x9f\x8f\xbc", "person standing: medium-light skin tone", true},
    {"\xf0\x9f\xa7\x8d\xf0\x9f\x8f\xbd", "person standing: medium skin tone", true},
    {"\xf0\x9f\xa7\x8d\xf0\x9f\x8f\xbe", "person standing: medium-dark skin tone", true},
    {"\xf0\x9f\xa7\x8d\xf0\x9f\x8f\xbf", "person standing: dark skin tone", true},
    {"\xf0\x9f\xa7\x8d\xe2\x80\x8d\xe2\x99\x82\xef\xb8\x8f", "man standing", false},
    {"\xf0\x9f\xa7\x8d\xf0\x9f\x8f\xbb\xe2\x80\x8d\xe2\x99\x82\xef\xb8\x8f", "man standing: light skin tone", true},
    {"\xf0\x9f\xa7\x8d\xf0\x9f\x8f\xbc\xe2\x80\x8d\xe2\x99\x82\xef\xb8\x8f", "man standing: medium-light skin tone", true},
    {"\xf0\x9f\xa7\x8d\xf0\x9f\x8f\xbd\xe2\x80\x8d\xe2\x99\x82\xef\xb8\x8f", "man standing: medium skin tone", true},
    {"\xf0\x9f\xa7\x8d\xf0\x9f\x8f\xbe\xe2\x80\x8d\xe2\x99\x82\xef\xb8\x8f", "man standing: medium-dark skin tone", true},
    {"\xf0\x9f\xa7\x8d\xf0\x9f\x8f\xbf\xe2\x80\x8d\xe2\x99\x82\xef\xb8\x8f", "man standing: dark skin tone", true},
    {"\xf0\x9f\xa7\x8d\xe2\x80\x8d\xe2\x99\x80\xef\xb8\x8f", "woman standing", false},
    {"\xf0\x9f\xa7\x8d\xf0\x9f\x8f\xbb\xe2\x80\x8d\xe2\x99\x80\xef\xb8\x8f", "woman standing: light skin tone", true},
    {"\xf0\x9f\xa7\x8d\xf0\x9f\x8f\xbc\xe2\x80\x8d\xe2\x99\x80\xef\xb8\x8f", "woman standing: medium-light skin tone", true},
    {"\xf0\x9f\xa7\x8d\xf0\x9f\x8f\xbd\xe2\x80\x8d\xe2\x99\x80\xef\xb8\x8f", "woman standing: medium skin tone", true},
    {"\xf0\x9f\xa7\x8d\xf0\x9f\x8f\xbe\xe2\x80\x8d\xe2\x99\x80\xef\xb8\x8f", "woman standing: medium-dark skin tone", true},
    {"\xf0\x9f\xa7\x8d\xf0\x9f\x8f\xbf\xe2\x80\x8d\xe2\x99\x80\xef\xb8\x8f", "woman standing: dark skin tone", true},
    {"\xf0\x9f\xa7\x8e", "person kneeling", false},
    {"\xf0\x9f\xa7\x8e\xf0\x9f\x8f\xbb", "person kneeling: light skin tone", true},
    {"\xf0\x9f\xa7\x8e\xf0\x9f\x8f\xbc", "person kneeling: medium-light skin tone", true},
    {"\xf0\x9f\xa7\x8e\xf0\x9f\x8f\xbd", "person kneeling: medium skin tone", true},
    {"\xf0\x9f\xa7\x8e\xf0\x9f\x8f\xbe", "person kneeling: medium-dark skin tone", true},
    {"\xf0\x9f\xa7\x8e\xf0\x9f\x8f\xbf", "person kneeling: dark skin tone", true},
    {"\xf0\x9f\xa7\x8e\xe2\x80\x8d\xe2\x99\x82\xef\xb8\x8f", "man kneeling", false},
    {"\xf0\x9f\xa7\x8e\xf0\x9f\x8f\xbb\xe2\x80\x8d\xe2\x99\x82\xef\xb8\x8f", "man kneeling: light skin tone", true},
    {"\xf0\x9f\xa7\x8e\xf0\x9f\x8f\xbc\xe2\x80\x8d\xe2\x99\x82\xef\xb8\x8f", "man kneeling: medium-light skin tone", true},
    {"\xf0\x9f\xa7\x8e\xf0\x9f\x8f\xbd\xe2\x80\x8d\xe2\x99\x82\xef\xb8\x8f", "man kneeling: medium skin tone", true},
    {"\xf0\x9f\xa7\x8e\xf0\x9f\x8f\xbe\xe2\x80\x8d\xe2\x99\x82\xef\xb8\x8f", "man kneeling: medium-dark skin tone", true},
    {"\xf0\x9f\xa7\x8e\xf0\x9f\x8f\xbf\xe2\x80\x8d\xe2\x99\x82\xef\xb8\x8f", "man kneeling: dark skin tone", true},
    {"\xf0\x9f\xa7\x8e\xe2\x80\x8d\xe2\x99\x80\xef\xb8\x8f", "woman kneeling", false},
    {"\xf0\x9f\xa7\x8e\xf0\x9f\x8f\xbb\xe2\x80\x8d\xe2\x99\x80\xef\xb8\x8f", "woman kneeling: light skin tone", true},
    {"\xf0\x9f\xa7\x8e\xf0\x9f\x8f\xbc\xe2\x80\x8d\xe2\x99\x80\xef\xb8\x8f", "woman kneeling: medium-light skin tone", true},
    {"\xf0\x9f\xa7\x8e\xf0\x9f\x8f\xbd\xe2\x80\x8d\xe2\x99\x80\xef\xb8\x8f", "woman kneeling: medium skin tone", true},
    {"\xf0\x9f\xa7\x8e\xf0\x9f\x8f\xbe\xe2\x80\x8d\xe2\x99\x80\xef\xb8\x8f", "woman kneeling: medium-dark skin tone", true},
    {"\xf0\x9f\xa7\x8e\xf0\x9f\x8f\xbf\xe2\x80\x8d\xe2\x99\x80\xef\xb8\x8f", "woman kneeling: dark skin tone", true},
    {"\xf0\x9f\xa7\x8e\xe2\x80\x8d\xe2\x9e\xa1\xef\xb8\x8f", "person kneeling facing right", false},
    {"\xf0\x9f\xa7\x8e\xf0\x9f\x8f\xbb\xe2\x80\x8d\xe2\x9e\xa1\xef\xb8\x8f", "person kneeling facing right: light skin tone", true},
    {"\xf0\x9f\xa7\x8e\xf0\x9f\x8f\xbc\xe2\x80\x8d\xe2\x9e\xa1\xef\xb8\x8f", "person kneeling facing right: medium-light skin tone", true},
    {"\xf0\x9f\xa7\x8e\xf0\x9f\x8f\xbd\xe2\x80\x8d\xe2\x9e\xa1\xef\xb8\x8f", "person kneeling facing right: medium skin tone", true},
    {"\xf0\x9f\xa7\x8e\xf0\x9f\x8f\xbe\xe2\x80\x8d\xe2\x9e\xa1\xef\xb8\x8f", "person kneeling facing right: medium-dark skin tone", true},
    {"\xf0\x9f\xa7\x8e\xf0\x9f\x8f\xbf\xe2\x80\x8d\xe2\x9e\xa1\xef\xb8\x8f", "person kneeling facing right: dark skin tone", true},
    {"\xf0\x9f\xa7\x8e\xe2\x80\x8d\xe2\x99\x80\xef\xb8\x8f\xe2\x80\x8d\xe2\x9e\xa1\xef\xb8\x8f", "woman kneeling facing right", false},
    {"\xf0\x9f\xa7\x8e\xf0\x9f\x8f\xbb\xe2\x80\x8d\xe2\x99\x80\xef\xb8\x8f\xe2\x80\x8d\xe2\x9e\xa1\xef\xb8\x8f", "woman kneeling facing right: light skin tone", true},
    {"\xf0\x9f\xa7\x8e\xf0\x9f\x8f\xbc\xe2\x80\x8d\xe2\x99\x80\xef\xb8\x8f\xe2\x80\x8d\xe2\x9e\xa1\xef\xb8\x8f", "woman kneeling facing right: medium-light skin tone", true},
    {"\xf0\x9f\xa7\x8e\xf0\x9f\x8f\xbd\xe2\x80\x8d\xe2\x99\x80\xef\xb8\x8f\xe2\x80\x8d\xe2\x9e\xa1\xef\xb8\x8f", "woman kneeling facing right: medium skin tone", true},
    {"\xf0\x9f\xa7\x8e\xf0\x9f\x8f\xbe\xe2\x80\x8d\xe2\x99\x80\xef\xb8\x8f\xe2\x80\x8d\xe2\x9e\xa1\xef\xb8\x8f", "woman kneeling facing right: medium-dark skin tone", true},
    {"\xf0\x9f\xa7\x8e\xf0\x9f\x8f\xbf\xe2\x80\x8d\xe2\x99\x80\xef\xb8\x8f\xe2\x80\x8d\xe2\x9e\xa1\xef\xb8\x8f", "woman kneeling facing right: dark skin tone", true},
    {"\xf0\x9f\xa7\x8e\xe2\x80\x8d\xe2\x99\x82\xef\xb8\x8f\xe2\x80\x8d\xe2\x9e\xa1\xef\xb8\x8f", "man kneeling facing right", false},
    {"\xf0\x9f\xa7\x8e\xf0\x9f\x8f\xbb\xe2\x80\x8d\xe2\x99\x82\xef\xb8\x8f\xe2\x80\x8d\xe2\x9e\xa1\xef\xb8\x8f", "man kneeling facing right: light skin tone", true},
    {"\xf0\x9f\xa7\x8e\xf0\x9f\x8f\xbc\xe2\x80\x8d\xe2\x99\x82\xef\xb8\x8f\xe2\x80\x8d\xe2\x9e\xa1\xef\xb8\x8f", "man kneeling facing right: medium-light skin tone", true},
    {"\xf0\x9f\xa7\x8e\xf0\x9f\x8f\xbd\xe2\x80\x8d\xe2\x99\x82\xef\xb8\x8f\xe2\x80\x8d\xe2\x9e\xa1\xef\xb8\x8f", "man kneeling facing right: medium skin tone", true},
    {"\xf0\x9f\xa7\x8e\xf0\x9f\x8f\xbe\xe2\x80\x8d\xe2\x99\x82\xef\xb8\x8f\xe2\x80\x8d\xe2\x9e\xa1\xef\xb8\x8f", "man kneeling facing right: medium-dark skin tone", true},
    {"\xf0\x9f\xa7\x8e\xf0\x9f\x8f\xbf\xe2\x80\x8d\xe2\x99\x82\xef\xb8\x8f\xe2\x80\x8d\xe2\x9e\xa1\xef\xb8\x8f", "man kneeling facing right: dark skin tone", true},
    {"\xf0\x9f\xa7\x91\xe2\x80\x8d\xf0\x9f\xa6\xaf", "person with white cane", false},
    {"\xf0\x9f\xa7\x91\xf0\x9f\x8f\xbb\xe2\x80\x8d\xf0\x9f\xa6\xaf", "person with white cane: light skin tone", true},
    {"\xf0\x9f\xa7\x91\xf0\x9f\x8f\xbc\xe2\x80\x8d\xf0\x9f\xa6\xaf", "person with white cane: medium-light skin tone", true},
    {"\xf0\x9f\xa7\x91\xf0\x9f\x8f\xbd\xe2\x80\x8d\xf0\x9f\xa6\xaf", "person with white cane: medium skin tone", true},
    {"\xf0\x9f\xa7\x91\xf0\x9f\x8f\xbe\xe2\x80\x8d\xf0\x9f\xa6\xaf", "person with white cane: medium-dark skin tone", true},
    {"\xf0\x9f\xa7\x91\xf0\x9f\x8f\xbf\xe2\x80\x8d\xf0\x9f\xa6\xaf", "person with white cane: dark skin tone", true},
    {"\xf0\x9f\xa7\x91\xe2\x80\x8d\xf0\x9f\xa6\xaf\xe2\x80\x8d\xe2\x9e\xa1\xef\xb8\x8f", "person with white cane facing right", false},
    {"\xf0\x9f\xa7\x91\xf0\x9f\x8f\xbb\xe2\x80\x8d\xf0\x9f\xa6\xaf\xe2\x80\x8d\xe2\x9e\xa1\xef\xb8\x8f", "person with white cane facing right: light skin tone", true},
    {"\xf0\x9f\xa7\x91\xf0\x9f\x8f\xbc\xe2\x80\x8d\xf0\x9f\xa6\xaf\xe2\x80\x8d\xe2\x9e\xa1\xef\xb8\x8f", "person with white cane facing right: medium-light skin tone", true},
    {"\xf0\x9f\xa7\x91\xf0\x9f\x8f\xbd\xe2\x80\x8d\xf0\x9f\xa6\xaf\xe2\x80\x8d\xe2\x9e\xa1\xef\xb8\x8f", "person with white cane facing right: medium skin tone", true},
    {"\xf0\x9f\xa7\x91\xf0\x9f\x8f\xbe\xe2\x80\x8d\xf0\x9f\xa6\xaf\xe2\x80\x8d\xe2\x9e\xa1\xef\xb8\x8f", "person with white cane facing right: medium-dark skin tone", true},
    {"\xf0\x9f\xa7\x91\xf0\x9f\x8f\xbf\xe2\x80\x8d\xf0\x9f\xa6\xaf\xe2\x80\x8d\xe2\x9e\xa1\xef\xb8\x8f", "person with white cane facing right: dark skin tone", true},
    {"\xf0\x9f\x91\xa8\xe2\x80\x8d\xf0\x9f\xa6\xaf", "man with white cane", false},
    {"\xf0\x9f\x91\xa8\xf0\x9f\x8f\xbb\xe2\x80\x8d\xf0\x9f\xa6\xaf", "man with white cane: light skin tone", true},
    {"\xf0\x9f\x91\xa8\xf0\x9f\x8f\xbc\xe2\x80\x8d\xf0\x9f\xa6\xaf", "man with white cane: medium-light skin tone", true},
    {"\xf0\x9f\x91\xa8\xf0\x9f\x8f\xbd\xe2\x80\x8d\xf0\x9f\xa6\xaf", "man with white cane: medium skin tone", true},
    {"\xf0\x9f\x91\xa8\xf0\x9f\x8f\xbe\xe2\x80\x8d\xf0\x9f\xa6\xaf", "man with white cane: medium-dark skin tone", true},
    {"\xf0\x9f\x91\xa8\xf0\x9f\x8f\xbf\xe2\x80\x8d\xf0\x9f\xa6\xaf", "man with white cane: dark skin tone", true},
    {"\xf0\x9f\x91\xa8\xe2\x80\x8d\xf0\x9f\xa6\xaf\xe2\x80\x8d\xe2\x9e\xa1\xef\xb8\x8f", "man with white cane facing right", false},
    {"\xf0\x9f\x91\xa8\xf0\x9f\x8f\xbb\xe2\x80\x8d\xf0\x9f\xa6\xaf\xe2\x80\x8d\xe2\x9e\xa1\xef\xb8\x8f", "man with white cane facing right: light skin tone", true},
    {"\xf0\x9f\x91\xa8\xf0\x9f\x8f\xbc\xe2\x80\x8d\xf0\x9f\xa6\xaf\xe2\x80\x8d\xe2\x9e\xa1\xef\xb8\x8f", "man with white cane facing right: medium-light skin tone", true},
    {"\xf0\x9f\x91\xa8\xf0\x9f\x8f\xbd\xe2\x80\x8d\xf0\x9f\xa6\xaf\xe2\x80\x8d\xe2\x9e\xa1\xef\xb8\x8f", "man with white cane facing right: medium skin tone", true},
    {"\xf0\x9f\x91\xa8\xf0\x9f\x8f\xbe\xe2\x80\x8d\xf0\x9f\xa6\xaf\xe2\x80\x8d\xe2\x9e\xa1\xef\xb8\x8f", "man with white cane facing right: medium-dark skin tone", true},
    {"\xf0\x9f\x91\xa8\xf0\x9f\x8f\xbf\xe2\x80\x8d\xf0\x9f\xa6\xaf\xe2\x80\x8d\xe2\x9e\xa1\xef\xb8\x8f", "man with white cane facing right: dark skin tone", true},
    {"\xf0\x9f\x91\xa9\xe2\x80\x8d\xf0\x9f\xa6\xaf", "woman with white cane", false},
    {"\xf0\x9f\x91\xa9\xf0\x9f\x8f\xbb\xe2\x80\x8d\xf0\x9f\xa6\xaf", "woman with white cane: light skin tone", true},
    {"\xf0\x9f\x91\xa9\xf0\x9f\x8f\xbc\xe2\x80\x8d\xf0\x9f\xa6\xaf", "woman with white cane: medium-light skin tone", true},
    {"\xf0\x9f\x91\xa9\xf0\x9f\x8f\xbd\xe2\x80\x8d\xf0\x9f\xa6\xaf", "woman with white cane: medium skin tone", true},
    {"\xf0\x9f\x91\xa9\xf0\x9f\x8f\xbe\xe2\x80\x8d\xf0\x9f\xa6\xaf", "woman with white cane: medium-dark skin tone", true},
    {"\xf0\x9f\x91\xa9\xf0\x9f\x8f\xbf\xe2\x80\x8d\xf0\x9f\xa6\xaf", "woman with white cane: dark skin tone", true},
    {"\xf0\x9f\x91\xa9\xe2\x80\x8d\xf0\x9f\xa6\xaf\xe2\x80\x8d\xe2\x9e\xa1\xef\xb8\x8f", "woman with white cane facing right", false},
    {"\xf0\x9f\x91\xa9\xf0\x9f\x8f\xbb\xe2\x80\x8d\xf0\x9f\xa6\xaf\xe2\x80\x8d\xe2\x9e\xa1\xef\xb8\x8f", "woman with white cane facing right: light skin tone", true},
    {"\xf0\x9f\x91\xa9\xf0\x9f\x8f\xbc\xe2\x80\x8d\xf0\x9f\xa6\xaf\xe2\x80\x8d\xe2\x9e\xa1\xef\xb8\x8f", "woman with white cane facing right: medium-light skin tone", true},
    {"\xf0\x9f\x91\xa9\xf0\x9f\x8f\xbd\xe2\x80\x8d\xf0\x9f\xa6\xaf\xe2\x80\x8d\xe2\x9e\xa1\xef\xb8\x8f", "woman with white cane facing right: medium skin tone", true},
    {"\xf0\x9f\x91\xa9\xf0\x9f\x8f\xbe\xe2\x80\x8d\xf0\x9f\xa6\xaf\xe2\x80\x8d\xe2\x9e\xa1\xef\xb8\x8f", "woman with white cane facing right: medium-dark skin tone", true},
    {"\xf0\x9f\x91\xa9\xf0\x9f\x8f\xbf\xe2\x80\x8d\xf0\x9f\xa6\xaf\xe2\x80\x8d\xe2\x9e\xa1\xef\xb8\x8f", "woman with white cane facing right: dark skin tone", true},
    {"\xf0\x9f\xa7\x91\xe2\x80\x8d\xf0\x9f\xa6\xbc", "person in motorized wheelchair", false},
    {"\xf0\x9f\xa7\x91\xf0\x9f\x8f\xbb\xe2\x80\x8d\xf0\x9f\xa6\xbc", "person in motorized wheelchair: light skin tone", true},
    {"\xf0\x9f\xa7\x91\xf0\x9f\x8f\xbc\xe2\x80\x8d\xf0\x9f\xa6\xbc", "person in motorized wheelchair: medium-light skin tone", true},
    {"\xf0\x9f\xa7\x91\xf0\x9f\x8f\xbd\xe2\x80\x8d\xf0\x9f\xa6\xbc", "person in motorized wheelchair: medium skin tone", true},
    {"\xf0\x9f\xa7\x91\xf0\x9f\x8f\xbe\xe2\x80\x8d\xf0\x9f\xa6\xbc", "person in motorized wheelchair: medium-dark skin tone", true},
    {"\xf0\x9f\xa7\x91\xf0\x9f\x8f\xbf\xe2\x80\x8d\xf0\x9f\xa6\xbc", "person in motorized wheelchair: dark skin tone", true},
    {"\xf0\x9f\xa7\x91\xe2\x80\x8d\xf0\x9f\xa6\xbc\xe2\x80\x8d\xe2\x9e\xa1\xef\xb8\x8f", "person in motorized wheelchair facing right", false},
    {"\xf0\x9f\xa7\x91\xf0\x9f\x8f\xbb\xe2\x80\x8d\xf0\x9f\xa6\xbc\xe2\x80\x8d\xe2\x9e\xa1\xef\xb8\x8f", "person in motorized wheelchair facing right: light skin tone", true},
    {"\xf0\x9f\xa7\x91\xf0\x9f\x8f\xbc\xe2\x80\x8d\xf0\x9f\xa6\xbc\xe2\x80\x8d\xe2\x9e\xa1\xef\xb8\x8f", "person in motorized wheelchair facing right: medium-light skin tone", true},
    {"\xf0\x9f\xa7\x91\xf0\x9f\x8f\xbd\xe2\x80\x8d\xf0\x9f\xa6\xbc\xe2\x80\x8d\xe2\x9e\xa1\xef\xb8\x8f", "person in motorized wheelchair facing right: medium skin tone", true},
    {"\xf0\x9f\xa7\x91\xf0\x9f\x8f\xbe\xe2\x80\x8d\xf0\x9f\xa6\xbc\xe2\x80\x8d\xe2\x9e\xa1\xef\xb8\x8f", "person in motorized wheelchair facing right: medium-dark skin tone", true},
    {"\xf0\x9f\xa7\x91\xf0\x9f\x8f\xbf\xe2\x80\x8d\xf0\x9f\xa6\xbc\xe2\x80\x8d\xe2\x9e\xa1\xef\xb8\x8f", "person in motorized wheelchair facing right: dark skin tone", true},
    {"\xf0\x9f\x91\xa8\xe2\x80\x8d\xf0\x9f\xa6\xbc", "man in motorized wheelchair", false},
    {"\xf0\x9f\x91\xa8\xf0\x9f\x8f\xbb\xe2\x80\x8d\xf0\x9f\xa6\xbc", "man in motorized wheelchair: light skin tone", true},
    {"\xf0\x9f\x91\xa8\xf0\x9f\x8f\xbc\xe2\x80\x8d\xf0\x9f\xa6\xbc", "man in motorized wheelchair: medium-light skin tone", true},
    {"\xf0\x9f\x91\xa8\xf0\x9f\x8f\xbd\xe2\x80\x8d\xf0\x9f\xa6\xbc", "man in motorized wheelchair: medium skin tone", true},
    {"\xf0\x9f\x91\xa8\xf0\x9f\x8f\xbe\xe2\x80\x8d\xf0\x9f\xa6\xbc", "man in motorized wheelchair: medium-dark skin tone", true},
    {"\xf0\x9f\x91\xa8\xf0\x9f\x8f\xbf\xe2\x80\x8d\xf0\x9f\xa6\xbc", "man in motorized wheelchair: dark skin tone", true},
    {"\xf0\x9f\x91\xa8\xe2\x80\x8d\xf0\x9f\xa6\xbc\xe2\x80\x8d\xe2\x9e\xa1\xef\xb8\x8f", "man in motorized wheelchair facing right", false},
    {"\xf0\x9f\x91\xa8\xf0\x9f\x8f\xbb\xe2\x80\x8d\xf0\x9f\xa6\xbc\xe2\x80\x8d\xe2\x9e\xa1\xef\xb8\x8f", "man in motorized wheelchair facing right: light skin tone", true},
    {"\xf0\x9f\x91\xa8\xf0\x9f\x8f\xbc\xe2\x80\x8d\xf0\x9f\xa6\xbc\xe2\x80\x8d\xe2\x9e\xa1\xef\xb8\x8f", "man in motorized wheelchair facing right: medium-light skin tone", true},
    {"\xf0\x9f\x91\xa8\xf0\x9f\x8f\xbd\xe2\x80\x8d\xf0\x9f\xa6\xbc\xe2\x80\x8d\xe2\x9e\xa1\xef\xb8\x8f", "man in motorized wheelchair facing right: medium skin tone", true},
    {"\xf0\x9f\x91\xa8\xf0\x9f\x8f\xbe\xe2\x80\x8d\xf0\x9f\xa6\xbc\xe2\x80\x8d\xe2\x9e\xa1\xef\xb8\x8f", "man in motorized wheelchair facing right: medium-dark skin tone", true},
    {"\xf0\x9f\x91\xa8\xf0\x9f\x8f\xbf\xe2\x80\x8d\xf0\x9f\xa6\xbc\xe2\x80\x8d\xe2\x9e\xa1\xef\xb8\x8f", "man in motorized wheelchair facing right: dark skin tone", true},
    {"\xf0\x9f\x91\xa9\xe2\x80\x8d\xf0\x9f\xa6\xbc", "woman in motorized wheelchair", false},
    {"\xf0\x9f\x91\xa9\xf0\x9f\x8f\xbb\xe2\x80\x8d\xf0\x9f\xa6\xbc", "woman in motorized wheelchair: light skin tone", true},
    {"\xf0\x9f\x91\xa9\xf0\x9f\x8f\xbc\xe2\x80\x8d\xf0\x9f\xa6\xbc", "woman in motorized wheelchair: medium-light skin tone", true},
    {"\xf0\x9f\x91\xa9\xf0\x9f\x8f\xbd\xe2\x80\x8d\xf0\x9f\xa6\xbc", "woman in motorized wheelchair: medium skin tone", true},
    {"\xf0\x9f\x91\xa9\xf0\x9f\x8f\xbe\xe2\x80\x8d\xf0\x9f\xa6\xbc", "woman in motorized wheelchair: medium-dark skin tone", true},
    {"\xf0\x9f\x91\xa9\xf0\x9f\x8f\xbf\xe2\x80\x8d\xf0\x9f\xa6\xbc", "woman in motorized wheelchair: dark skin tone", true},
    {"\xf0\x9f\x91\xa9\xe2\x80\x8d\xf0\x9f\xa6\xbc\xe2\x80\x8d\xe2\x9e\xa1\xef\xb8\x8f", "woman in motorized wheelchair facing right", false},
    {"\xf0\x9f\x91\xa9\xf0\x9f\x8f\xbb\xe2\x80\x8d\xf0\x9f\xa6\xbc\xe2\x80\x8d\xe2\x9e\xa1\xef\xb8\x8f", "woman in motorized wheelchair facing right: light skin tone", true},
    {"\xf0\x9f\x91\xa9\xf0\x9f\x8f\xbc\xe2\x80\x8d\xf0\x9f\xa6\xbc\xe2\x80\x8d\xe2\x9e\xa1\xef\xb8\x8f", "woman in motorized wheelchair facing right: medium-light skin tone", true},
    {"\xf0\x9f\x91\xa9\xf0\x9f\x8f\xbd\xe2\x80\x8d\xf0\x9f\xa6\xbc\xe2\x80\x8d\xe2\x9e\xa1\xef\xb8\x8f", "woman in motorized wheelchair facing right: medium skin tone", true},
    {"\xf0\x9f\x91\xa9\xf0\x9f\x8f\xbe\xe2\x80\x8d\xf0\x9f\xa6\xbc\xe2\x80\x8d\xe2\x9e\xa1\xef\xb8\x8f", "woman in motorized wheelchair facing right: medium-dark skin tone", true},
    {"\xf0\x9f\x91\xa9\xf0\x9f\x8f\xbf\xe2\x80\x8d\xf0\x9f\xa6\xbc\xe2\x80\x8d\xe2\x9e\xa1\xef\xb8\x8f", "woman in motorized wheelchair facing right: dark skin tone", true},
    {"\xf0\x9f\xa7\x91\xe2\x80\x8d\xf0\x9f\xa6\xbd", "person in manual wheelchair", false},
    {"\xf0\x9f\xa7\x91\xf0\x9f\x8f\xbb\xe2\x80\x8d\xf0\x9f\xa6\xbd", "person in manual wheelchair: light skin tone", true},
    {"\xf0\x9f\xa7\x91\xf0\x9f\x8f\xbc\xe2\x80\x8d\xf0\x9f\xa6\xbd", "person in manual wheelchair: medium-light skin tone", true},
    {"\xf0\x9f\xa7\x91\xf0\x9f\x8f\xbd\xe2\x80\x8d\xf0\x9f\xa6\xbd", "person in manual wheelchair: medium skin tone", true},
    {"\xf0\x9f\xa7\x91\xf0\x9f\x8f\xbe\xe2\x80\x8d\xf0\x9f\xa6\xbd", "person in manual wheelchair: medium-dark skin tone", true},
    {"\xf0\x9f\xa7\x91\xf0\x9f\x8f\xbf\xe2\x80\x8d\xf0\x9f\xa6\xbd", "person in manual wheelchair: dark skin tone", true},
    {"\xf0\x9f\xa7\x91\xe2\x80\x8d\xf0\x9f\xa6\xbd\xe2\x80\x8d\xe2\x9e\xa1\xef\xb8\x8f", "person in manual wheelchair facing right", false},
    {"\xf0\x9f\xa7\x91\xf0\x9f\x8f\xbb\xe2\x80\x8d\xf0\x9f\xa6\xbd\xe2\x80\x8d\xe2\x9e\xa1\xef\xb8\x8f", "person in manual wheelchair facing right: light skin tone", true},
    {"\xf0\x9f\xa7\x91\xf0\x9f\x8f\xbc\xe2\x80\x8d\xf0\x9f\xa6\xbd\xe2\x80\x8d\xe2\x9e\xa1\xef\xb8\x8f", "person in manual wheelchair facing right: medium-light skin tone", true},
    {"\xf0\x9f\xa7\x91\xf0\x9f\x8f\xbd\xe2\x80\x8d\xf0\x9f\xa6\xbd\xe2\x80\x8d\xe2\x9e\xa1\xef\xb8\x8f", "person in manual wheelchair facing right: medium skin tone", true},
    {"\xf0\x9f\xa7\x91\xf0\x9f\x8f\xbe\xe2\x80\x8d\xf0\x9f\xa6\xbd\xe2\x80\x8d\xe2\x9e\xa1\xef\xb8\x8f", "person in manual wheelchair facing right: medium-dark skin tone", true},
    {"\xf0\x9f\xa7\x91\xf0\x9f\x8f\xbf\xe2\x80\x8d\xf0\x9f\xa6\xbd\xe2\x80\x8d\xe2\x9e\xa1\xef\xb8\x8f", "person in manual wheelchair facing right: dark skin tone", true},
    {"\xf0\x9f\x91\xa8\xe2\x80\x8d\xf0\x9f\xa6\xbd", "man in manual wheelchair", false},
    {"\xf0\x9f\x91\xa8\xf0\x9f\x8f\xbb\xe2\x80\x8d\xf0\x9f\xa6\xbd", "man in manual wheelchair: light skin tone", true},
    {"\xf0\x9f\x91\xa8\xf0\x9f\x8f\xbc\xe2\x80\x8d\xf0\x9f\xa6\xbd", "man in manual wheelchair: medium-light skin tone", true},
    {"\xf0\x9f\x91\xa8\xf0\x9f\x8f\xbd\xe2\x80\x8d\xf0\x9f\xa6\xbd", "man in manual wheelchair: medium skin tone", true},
    {"\xf0\x9f\x91\xa8\xf0\x9f\x8f\xbe\xe2\x80\x8d\xf0\x9f\xa6\xbd", "man in manual wheelchair: medium-dark skin tone", true},
    {"\xf0\x9f\x91\xa8\xf0\x9f\x8f\xbf\xe2\x80\x8d\xf0\x9f\xa6\xbd", "man in manual wheelchair: dark skin tone", true},
    {"\xf0\x9f\x91\xa8\xe2\x80\x8d\xf0\x9f\xa6\xbd\xe2\x80\x8d\xe2\x9e\xa1\xef\xb8\x8f", "man in manual wheelchair facing right", false},
    {"\xf0\x9f\x91\xa8\xf0\x9f\x8f\xbb\xe2\x80\x8d\xf0\x9f\xa6\xbd\xe2\x80\x8d\xe2\x9e\xa1\xef\xb8\x8f", "man in manual wheelchair facing right: light skin tone", true},
    {"\xf0\x9f\x91\xa8\xf0\x9f\x8f\xbc\xe2\x80\x8d\xf0\x9f\xa6\xbd\xe2\x80\x8d\xe2\x9e\xa1\xef\xb8\x8f", "man in manual wheelchair facing right: medium-light skin tone", true},
    {"\xf0\x9f\x91\xa8\xf0\x9f\x8f\xbd\xe2\x80\x8d\xf0\x9f\xa6\xbd\xe2\x80\x8d\xe2\x9e\xa1\xef\xb8\x8f", "man in manual wheelchair facing right: medium skin tone", true},
    {"\xf0\x9f\x91\xa8\xf0\x9f\x8f\xbe\xe2\x80\x8d\xf0\x9f\xa6\xbd\xe2\x80\x8d\xe2\x9e\xa1\xef\xb8\x8f", "man in manual wheelchair facing right: medium-dark skin tone", true},
    {"\xf0\x9f\x91\xa8\xf0\x9f\x8f\xbf\xe2\x80\x8d\xf0\x9f\xa6\xbd\xe2\x80\x8d\xe2\x9e\xa1\xef\xb8\x8f", "man in manual wheelchair facing right: dark skin tone", true},
    {"\xf0\x9f\x91\xa9\xe2\x80\x8d\xf0\x9f\xa6\xbd", "woman in manual wheelchair", false},
    {"\xf0\x9f\x91\xa9\xf0\x9f\x8f\xbb\xe2\x80\x8d\xf0\x9f\xa6\xbd", "woman in manual wheelchair: light skin tone", true},
    {"\xf0\x9f\x91\xa9\xf0\x9f\x8f\xbc\xe2\x80\x8d\xf0\x9f\xa6\xbd", "woman in manual wheelchair: medium-light skin tone", true},
    {"\xf0\x9f\x91\xa9\xf0\x9f\x8f\xbd\xe2\x80\x8d\xf0\x9f\xa6\xbd", "woman in manual wheelchair: medium skin tone", true},
    {"\xf0\x9f\x91\xa9\xf0\x9f\x8f\xbe\xe2\x80\x8d\xf0\x9f\xa6\xbd", "woman in manual wheelchair: medium-dark skin tone", true},
    {"\xf0\x9f\x91\xa9\xf0\x9f\x8f\xbf\xe2\x80\x8d\xf0\x9f\xa6\xbd", "woman in manual wheelchair: dark skin tone", true},
    {"\xf0\x9f\x91\xa9\xe2\x80\x8d\xf0\x9f\xa6\xbd\xe2\x80\x8d\xe2\x9e\xa1\xef\xb8\x8f", "woman in manual wheelchair facing right", false},
    {"\xf0\x9f\x91\xa9\xf0\x9f\x8f\xbb\xe2\x80\x8d\xf0\x9f\xa6\xbd\xe2\x80\x8d\xe2\x9e\xa1\xef\xb8\x8f", "woman in manual wheelchair facing right: light skin tone", true},
    {"\xf0\x9f\x91\xa9\xf0\x9f\x8f\xbc\xe2\x80\x8d\xf0\x9f\xa6\xbd\xe2\x80\x8d\xe2\x9e\xa1\xef\xb8\x8f", "woman in manual wheelchair facing right: medium-light skin tone", true},
    {"\xf0\x9f\x91\xa9\xf0\x9f\x8f\xbd\xe2\x80\x8d\xf0\x9f\xa6\xbd\xe2\x80\x8d\xe2\x9e\xa1\xef\xb8\x8f", "woman in manual wheelchair facing right: medium skin tone", true},
    {"\xf0\x9f\x91\xa9\xf0\x9f\x8f\xbe\xe2\x80\x8d\xf0\x9f\xa6\xbd\xe2\x80\x8d\xe2\x9e\xa1\xef\xb8\x8f", "woman in manual wheelchair facing right: medium-dark skin tone", true},
    {"\xf0\x9f\x91\xa9\xf0\x9f\x8f\xbf\xe2\x80\x8d\xf0\x9f\xa6\xbd\xe2\x80\x8d\xe2\x9e\xa1\xef\xb8\x8f", "woman in manual wheelchair facing right: dark skin tone", true},
    {"\xf0\x9f\x8f\x83", "person running", false},
    {"\xf0\x9f\x8f\x83\xf0\x9f\x8f\xbb", "person running: light skin tone", true},
    {"\xf0\x9f\x8f\x83\xf0\x9f\x8f\xbc", "person running: medium-light skin tone", true},
    {"\xf0\x9f\x8f\x83\xf0\x9f\x8f\xbd", "person running: medium skin tone", true},
    {"\xf0\x9f\x8f\x83\xf0\x9f\x8f\xbe", "person running: medium-dark skin tone", true},
    {"\xf0\x9f\x8f\x83\xf0\x9f\x8f\xbf", "person running: dark skin tone", true},
    {"\xf0\x9f\x8f\x83\xe2\x80\x8d\xe2\x99\x82\xef\xb8\x8f", "man running", false},
    {"\xf0\x9f\x8f\x83\xf0\x9f\x8f\xbb\xe2\x80\x8d\xe2\x99\x82\xef\xb8\x8f", "man running: light skin tone", true},
    {"\xf0\x9f\x8f\x83\xf0\x9f\x8f\xbc\xe2\x80\x8d\xe2\x99\x82\xef\xb8\x8f", "man running: medium-light skin tone", true},
    {"\xf0\x9f\x8f\x83\xf0\x9f\x8f\xbd\xe2\x80\x8d\xe2\x99\x82\xef\xb8\x8f", "man running: medium skin tone", true},
    {"\xf0\x9f\x8f\x83\xf0\x9f\x8f\xbe\xe2\x80\x8d\xe2\x99\x82\xef\xb8\x8f", "man running: medium-dark skin tone", true},
    {"\xf0\x9f\x8f\x83\xf0\x9f\x8f\xbf\xe2\x80\x8d\xe2\x99\x82\xef\xb8\x8f", "man running: dark skin tone", true},
    {"\xf0\x9f\x8f\x83\xe2\x80\x8d\xe2\x99\x80\xef\xb8\x8f", "woman running", false},
    {"\xf0\x9f\x8f\x83\xf0\x9f\x8f\xbb\xe2\x80\x8d\xe2\x99\x80\xef\xb8\x8f", "woman running: light skin tone", true},
    {"\xf0\x9f\x8f\x83\xf0\x9f\x8f\xbc\xe2\x80\x8d\xe2\x99\x80\xef\xb8\x8f", "woman running: medium-light skin tone", true},
    {"\xf0\x9f\x8f\x83\xf0\x9f\x8f\xbd\xe2\x80\x8d\xe2\x99\x80\xef\xb8\x8f", "woman running: medium skin tone", true},
    {"\xf0\x9f\x8f\x83\xf0\x9f\x8f\xbe\xe2\x80\x8d\xe2\x99\x80\xef\xb8\x8f", "woman running: medium-dark skin tone", true},
    {"\xf0\x9f\x8f\x83\xf0\x9f\x8f\xbf\xe2\x80\x8d\xe2\x99\x80\xef\xb8\x8f", "woman running: dark skin tone", true},
    {"\xf0\x9f\x8f\x83\xe2\x80\x8d\xe2\x9e\xa1\xef\xb8\x8f", "person running facing right", false},
    {"\xf0\x9f\x8f\x83\xf0\x9f\x8f\xbb\xe2\x80\x8d\xe2\x9e\xa1\xef\xb8\x8f", "person running facing right: light skin tone", true},
    {"\xf0\x9f\x8f\x83\xf0\x9f\x8f\xbc\xe2\x80\x8d\xe2\x9e\xa1\xef\xb8\x8f", "person running facing right: medium-light skin tone", true},
    {"\xf0\x9f\x8f\x83\xf0\x9f\x8f\xbd\xe2\x80\x8d\xe2\x9e\xa1\xef\xb8\x8f", "person running facing right: medium skin tone", true},
    {"\xf0\x9f\x8f\x83\xf0\x9f\x8f\xbe\xe2\x80\x8d\xe2\x9e\xa1\xef\xb8\x8f", "person running facing right: medium-dark skin tone", true},
    {"\xf0\x9f\x8f\x83\xf0\x9f\x8f\xbf\xe2\x80\x8d\xe2\x9e\xa1\xef\xb8\x8f", "person running facing right: dark skin tone", true},
    {"\xf0\x9f\x8f\x83\xe2\x80\x8d\xe2\x99\x80\xef\xb8\x8f\xe2\x80\x8d\xe2\x9e\xa1\xef\xb8\x8f", "woman running facing right", false},
    {"\xf0\x9f\x8f\x83\xf0\x9f\x8f\xbb\xe2\x80\x8d\xe2\x99\x80\xef\xb8\x8f\xe2\x80\x8d\xe2\x9e\xa1\xef\xb8\x8f", "woman running facing right: light skin tone", true},
    {"\xf0\x9f\x8f\x83\xf0\x9f\x8f\xbc\xe2\x80\x8d\xe2\x99\x80\xef\xb8\x8f\xe2\x80\x8d\xe2\x9e\xa1\xef\xb8\x8f", "woman running facing right: medium-light skin tone", true},
    {"\xf0\x9f\x8f\x83\xf0\x9f\x8f\xbd\xe2\x80\x8d\xe2\x99\x80\xef\xb8\x8f\xe2\x80\x8d\xe2\x9e\xa1\xef\xb8\x8f", "woman running facing right: medium skin tone", true},
    {"\xf0\x9f\x8f\x83\xf0\x9f\x8f\xbe\xe2\x80\x8d\xe2\x99\x80\xef\xb8\x8f\xe2\x80\x8d\xe2\x9e\xa1\xef\xb8\x8f", "woman running facing right: medium-dark skin tone", true},
    {"\xf0\x9f\x8f\x83\xf0\x9f\x8f\xbf\xe2\x80\x8d\xe2\x99\x80\xef\xb8\x8f\xe2\x80\x8d\xe2\x9e\xa1\xef\xb8\x8f", "woman running facing right: dark skin tone", true},
    {"\xf0\x9f\x8f\x83\xe2\x80\x8d\xe2\x99\x82\xef\xb8\x8f\xe2\x80\x8d\xe2\x9e\xa1\xef\xb8\x8f", "man running facing right", false},
    {"\xf0\x9f\x8f\x83\xf0\x9f\x8f\xbb\xe2\x80\x8d\xe2\x99\x82\xef\xb8\x8f\xe2\x80\x8d\xe2\x9e\xa1\xef\xb8\x8f", "man running facing right: light skin tone", true},
    {"\xf0\x9f\x8f\x83\xf0\x9f\x8f\xbc\xe2\x80\x8d\xe2\x99\x82\xef\xb8\x8f\xe2\x80\x8d\xe2\x9e\xa1\xef\xb8\x8f", "man running facing right: medium-light skin tone", true},
    {"\xf0\x9f\x8f\x83\xf0\x9f\x8f\xbd\xe2\x80\x8d\xe2\x99\x82\xef\xb8\x8f\xe2\x80\x8d\xe2\x9e\xa1\xef\xb8\x8f", "man running facing right: medium skin tone", true},
    {"\xf0\x9f\x8f\x83\xf0\x9f\x8f\xbe\xe2\x80\x8d\xe2\x99\x82\xef\xb8\x8f\xe2\x80\x8d\xe2\x9e\xa1\xef\xb8\x8f", "man running facing right: medium-dark skin tone", true},
    {"\xf0\x9f\x8f\x83\xf0\x9f\x8f\xbf\xe2\x80\x8d\xe2\x99\x82\xef\xb8\x8f\xe2\x80\x8d\xe2\x9e\xa1\xef\xb8\x8f", "man running facing right: dark skin tone", true},
    {"\xf0\x9f\xa7\x91\xe2\x80\x8d\xf0\x9f\xa9\xb0", "ballet dancer", false},
    {"\xf0\x9f\xa7\x91\xf0\x9f\x8f\xbb\xe2\x80\x8d\xf0\x9f\xa9\xb0", "ballet dancer: light skin tone", true},
    {"\xf0\x9f\xa7\x91\xf0\x9f\x8f\xbc\xe2\x80\x8d\xf0\x9f\xa9\xb0", "ballet dancer: medium-light skin tone", true},
    {"\xf0\x9f\xa7\x91\xf0\x9f\x8f\xbd\xe2\x80\x8d\xf0\x9f\xa9\xb0", "ballet dancer: medium skin tone", true},
    {"\xf0\x9f\xa7\x91\xf0\x9f\x8f\xbe\xe2\x80\x8d\xf0\x9f\xa9\xb0", "ballet dancer: medium-dark skin tone", true},
    {"\xf0\x9f\xa7\x91\xf0\x9f\x8f\xbf\xe2\x80\x8d\xf0\x9f\xa9\xb0", "ballet dancer: dark skin tone", true},
    {"\xf0\x9f\x92\x83", "woman dancing", false},
    {"\xf0\x9f\x92\x83\xf0\x9f\x8f\xbb", "woman dancing: light skin tone", true},
    {"\xf0\x9f\x92\x83\xf0\x9f\x8f\xbc", "woman dancing: medium-light skin tone", true},
    {"\xf0\x9f\x92\x83\xf0\x9f\x8f\xbd", "woman dancing: medium skin tone", true},
    {"\xf0\x9f\x92\x83\xf0\x9f\x8f\xbe", "woman dancing: medium-dark skin tone", true},
    {"\xf0\x9f\x92\x83\xf0\x9f\x8f\xbf", "woman dancing: dark skin tone", true},
    {"\xf0\x9f\x95\xba", "man dancing", false},
    {"\xf0\x9f\x95\xba\xf0\x9f\x8f\xbb", "man dancing: light skin tone", true},
    {"\xf0\x9f\x95\xba\xf0\x9f\x8f\xbc", "man dancing: medium-light skin tone", true},
    {"\xf0\x9f\x95\xba\xf0\x9f\x8f\xbd", "man dancing: medium skin tone", true},
    {"\xf0\x9f\x95\xba\xf0\x9f\x8f\xbe", "man dancing: medium-dark skin tone", true},
    {"\xf0\x9f\x95\xba\xf0\x9f\x8f\xbf", "man dancing: dark skin tone", true},
    {"\xf0\x9f\x95\xb4\xef\xb8\x8f", "person in suit levitating", false},
    {"\xf0\x9f\x95\xb4\xf0\x9f\x8f\xbb", "person in suit levitating: light skin tone", true},
    {"\xf0\x9f\x95\xb4\xf0\x9f\x8f\xbc", "person in suit levitating: medium-light skin tone", true},
    {"\xf0\x9f\x95\xb4\xf0\x9f\x8f\xbd", "person in suit levitating: medium skin tone", true},
    {"\xf0\x9f\x95\xb4\xf0\x9f\x8f\xbe", "person in suit levitating: medium-dark skin tone", true},
    {"\xf0\x9f\x95\xb4\xf0\x9f\x8f\xbf", "person in suit levitating: dark skin tone", true},
    {"\xf0\x9f\x91\xaf", "people with bunny ears", false},
    {"\xf0\x9f\x91\xaf\xf0\x9f\x8f\xbb", "people with bunny ears: light skin tone", true},
    {"\xf0\x9f\x91\xaf\xf0\x9f\x8f\xbc", "people with bunny ears: medium-light skin tone", true},
    {"\xf0\x9f\x91\xaf\xf0\x9f\x8f\xbd", "people with bunny ears: medium skin tone", true},
    {"\xf0\x9f\x91\xaf\xf0\x9f\x8f\xbe", "people with bunny ears: medium-dark skin tone", true},
    {"\xf0\x9f\x91\xaf\xf0\x9f\x8f\xbf", "people with bunny ears: dark skin tone", true},
    {"\xf0\x9f\x91\xaf\xe2\x80\x8d\xe2\x99\x82\xef\xb8\x8f", "men with bunny ears", false},
    {"\xf0\x9f\x91\xaf\xf0\x9f\x8f\xbb\xe2\x80\x8d\xe2\x99\x82\xef\xb8\x8f", "men with bunny ears: light skin tone", true},
    {"\xf0\x9f\x91\xaf\xf0\x9f\x8f\xbc\xe2\x80\x8d\xe2\x99\x82\xef\xb8\x8f", "men with bunny ears: medium-light skin tone", true},
    {"\xf0\x9f\x91\xaf\xf0\x9f\x8f\xbd\xe2\x80\x8d\xe2\x99\x82\xef\xb8\x8f", "men with bunny ears: medium skin tone", true},
    {"\xf0\x9f\x91\xaf\xf0\x9f\x8f\xbe\xe2\x80\x8d\xe2\x99\x82\xef\xb8\x8f", "men with bunny ears: medium-dark skin tone", true},
    {"\xf0\x9f\x91\xaf\xf0\x9f\x8f\xbf\xe2\x80\x8d\xe2\x99\x82\xef\xb8\x8f", "men with bunny ears: dark skin tone", true},
    {"\xf0\x9f\x91\xaf\xe2\x80\x8d\xe2\x99\x80\xef\xb8\x8f", "women with bunny ears", false},
    {"\xf0\x9f\x91\xaf\xf0\x9f\x8f\xbb\xe2\x80\x8d\xe2\x99\x80\xef\xb8\x8f", "women with bunny ears: light skin tone", true},
    {"\xf0\x9f\x91\xaf\xf0\x9f\x8f\xbc\xe2\x80\x8d\xe2\x99\x80\xef\xb8\x8f", "women with bunny ears: medium-light skin tone", true},
    {"\xf0\x9f\x91\xaf\xf0\x9f\x8f\xbd\xe2\x80\x8d\xe2\x99\x80\xef\xb8\x8f", "women with bunny ears: medium skin tone", true},
    {"\xf0\x9f\x91\xaf\xf0\x9f\x8f\xbe\xe2\x80\x8d\xe2\x99\x80\xef\xb8\x8f", "women with bunny ears: medium-dark skin tone", true},
    {"\xf0\x9f\x91\xaf\xf0\x9f\x8f\xbf\xe2\x80\x8d\xe2\x99\x80\xef\xb8\x8f", "women with bunny ears: dark skin tone", true},
    {"\xf0\x9f\xa7\x91\xf0\x9f\x8f\xbb\xe2\x80\x8d\xf0\x9f\x90\xb0\xe2\x80\x8d\xf0\x9f\xa7\x91\xf0\x9f\x8f\xbc", "people with bunny ears: light skin tone, medium-light skin tone", true},
    {"\xf0\x9f\xa7\x91\xf0\x9f\x8f\xbb\xe2\x80\x8d\xf0\x9f\x90\xb0\xe2\x80\x8d\xf0\x9f\xa7\x91\xf0\x9f\x8f\xbd", "people with bunny ears: light skin tone, medium skin tone", true},
    {"\xf0\x9f\xa7\x91\xf0\x9f\x8f\xbb\xe2\x80\x8d\xf0\x9f\x90\xb0\xe2\x80\x8d\xf0\x9f\xa7\x91\xf0\x9f\x8f\xbe", "people with bunny ears: light skin tone, medium-dark skin tone", true},
    {"\xf0\x9f\xa7\x91\xf0\x9f\x8f\xbb\xe2\x80\x8d\xf0\x9f\x90\xb0\xe2\x80\x8d\xf0\x9f\xa7\x91\xf0\x9f\x8f\xbf", "people with bunny ears: light skin tone, dark skin tone", true},
    {"\xf0\x9f\xa7\x91\xf0\x9f\x8f\xbc\xe2\x80\x8d\xf0\x9f\x90\xb0\xe2\x80\x8d\xf0\x9f\xa7\x91\xf0\x9f\x8f\xbb", "people with bunny ears: medium-light skin tone, light skin tone", true},
    {"\xf0\x9f\xa7\x91\xf0\x9f\x8f\xbc\xe2\x80\x8d\xf0\x9f\x90\xb0\xe2\x80\x8d\xf0\x9f\xa7\x91\xf0\x9f\x8f\xbd", "people with bunny ears: medium-light skin tone, medium skin tone", true},
    {"\xf0\x9f\xa7\x91\xf0\x9f\x8f\xbc\xe2\x80\x8d\xf0\x9f\x90\xb0\xe2\x80\x8d\xf0\x9f\xa7\x91\xf0\x9f\x8f\xbe", "people with bunny ears: medium-light skin tone, medium-dark skin tone", true},
    {"\xf0\x9f\xa7\x91\xf0\x9f\x8f\xbc\xe2\x80\x8d\xf0\x9f\x90\xb0\xe2\x80\x8d\xf0\x9f\xa7\x91\xf0\x9f\x8f\xbf", "people with bunny ears: medium-light skin tone, dark skin tone", true},
    {"\xf0\x9f\xa7\x91\xf0\x9f\x8f\xbd\xe2\x80\x8d\xf0\x9f\x90\xb0\xe2\x80\x8d\xf0\x9f\xa7\x91\xf0\x9f\x8f\xbb", "people with bunny ears: medium skin tone, light skin tone", true},
    {"\xf0\x9f\xa7\x91\xf0\x9f\x8f\xbd\xe2\x80\x8d\xf0\x9f\x90\xb0\xe2\x80\x8d\xf0\x9f\xa7\x91\xf0\x9f\x8f\xbc", "people with bunny ears: medium skin tone, medium-light skin tone", true},
    {"\xf0\x9f\xa7\x91\xf0\x9f\x8f\xbd\xe2\x80\x8d\xf0\x9f\x90\xb0\xe2\x80\x8d\xf0\x9f\xa7\x91\xf0\x9f\x8f\xbe", "people with bunny ears: medium skin tone, medium-dark skin tone", true},
    {"\xf0\x9f\xa7\x91\xf0\x9f\x8f\xbd\xe2\x80\x8d\xf0\x9f\x90\xb0\xe2\x80\x8d\xf0\x9f\xa7\x91\xf0\x9f\x8f\xbf", "people with bunny ears: medium skin tone, dark skin tone", true},
    {"\xf0\x9f\xa7\x91\xf0\x9f\x8f\xbe\xe2\x80\x8d\xf0\x9f\x90\xb0\xe2\x80\x8d\xf0\x9f\xa7\x91\xf0\x9f\x8f\xbb", "people with bunny ears: medium-dark skin tone, light skin tone", true},
    {"\xf0\x9f\xa7\x91\xf0\x9f\x8f\xbe\xe2\x80\x8d\xf0\x9f\x90\xb0\xe2\x80\x8d\xf0\x9f\xa7\x91\xf0\x9f\x8f\xbc", "people with bunny ears: medium-dark skin tone, medium-light skin tone", true},
    {"\xf0\x9f\xa7\x91\xf0\x9f\x8f\xbe\xe2\x80\x8d\xf0\x9f\x90\xb0\xe2\x80\x8d\xf0\x9f\xa7\x91\xf0\x9f\x8f\xbd", "people with bunny ears: medium-dark skin tone, medium skin tone", true},
    {"\xf0\x9f\xa7\x91\xf0\x9f\x8f\xbe\xe2\x80\x8d\xf0\x9f\x90\xb0\xe2\x80\x8d\xf0\x9f\xa7\x91\xf0\x9f\x8f\xbf", "people with bunny ears: medium-dark skin tone, dark skin tone", true},
    {"\xf0\x9f\xa7\x91\xf0\x9f\x8f\xbf\xe2\x80\x8d\xf0\x9f\x90\xb0\xe2\x80\x8d\xf0\x9f\xa7\x91\xf0\x9f\x8f\xbb", "people with bunny ears: dark skin tone, light skin tone", true},
    {"\xf0\x9f\xa7\x91\xf0\x9f\x8f\xbf\xe2\x80\x8d\xf0\x9f\x90\xb0\xe2\x80\x8d\xf0\x9f\xa7\x91\xf0\x9f\x8f\xbc", "people with bunny ears: dark skin tone, medium-light skin tone", true},
    {"\xf0\x9f\xa7\x91\xf0\x9f\x8f\xbf\xe2\x80\x8d\xf0\x9f\x90\xb0\xe2\x80\x8d\xf0\x9f\xa7\x91\xf0\x9f\x8f\xbd", "people with bunny ears: dark skin tone, medium skin tone", true},
    {"\xf0\x9f\xa7\x91\xf0\x9f\x8f\xbf\xe2\x80\x8d\xf0\x9f\x90\xb0\xe2\x80\x8d\xf0\x9f\xa7\x91\xf0\x9f\x8f\xbe", "people with bunny ears: dark skin tone, medium-dark skin tone", true},
    {"\xf0\x9f\x91\xa8\xf0\x9f\x8f\xbb\xe2\x80\x8d\xf0\x9f\x90\xb0\xe2\x80\x8d\xf0\x9f\x91\xa8\xf0\x9f\x8f\xbc", "men with bunny ears: light skin tone, medium-light skin tone", true},
    {"\xf0\x9f\x91\xa8\xf0\x9f\x8f\xbb\xe2\x80\x8d\xf0\x9f\x90\xb0\xe2\x80\x8d\xf0\x9f\x91\xa8\xf0\x9f\x8f\xbd", "men with bunny ears: light skin tone, medium skin tone", true},
    {"\xf0\x9f\x91\xa8\xf0\x9f\x8f\xbb\xe2\x80\x8d\xf0\x9f\x90\xb0\xe2\x80\x8d\xf0\x9f\x91\xa8\xf0\x9f\x8f\xbe", "men with bunny ears: light skin tone, medium-dark skin tone", true},
    {"\xf0\x9f\x91\xa8\xf0\x9f\x8f\xbb\xe2\x80\x8d\xf0\x9f\x90\xb0\xe2\x80\x8d\xf0\x9f\x91\xa8\xf0\x9f\x8f\xbf", "men with bunny ears: light skin tone, dark skin tone", true},
    {"\xf0\x9f\x91\xa8\xf0\x9f\x8f\xbc\xe2\x80\x8d\xf0\x9f\x90\xb0\xe2\x80\x8d\xf0\x9f\x91\xa8\xf0\x9f\x8f\xbb", "men with bunny ears: medium-light skin tone, light skin tone", true},
    {"\xf0\x9f\x91\xa8\xf0\x9f\x8f\xbc\xe2\x80\x8d\xf0\x9f\x90\xb0\xe2\x80\x8d\xf0\x9f\x91\xa8\xf0\x9f\x8f\xbd", "men with bunny ears: medium-light skin tone, medium skin tone", true},
    {"\xf0\x9f\x91\xa8\xf0\x9f\x8f\xbc\xe2\x80\x8d\xf0\x9f\x90\xb0\xe2\x80\x8d\xf0\x9f\x91\xa8\xf0\x9f\x8f\xbe", "men with bunny ears: medium-light skin tone, medium-dark skin tone", true},
    {"\xf0\x9f\x91\xa8\xf0\x9f\x8f\xbc\xe2\x80\x8d\xf0\x9f\x90\xb0\xe2\x80\x8d\xf0\x9f\x91\xa8\xf0\x9f\x8f\xbf", "men with bunny ears: medium-light skin tone, dark skin tone", true},
    {"\xf0\x9f\x91\xa8\xf0\x9f\x8f\xbd\xe2\x80\x8d\xf0\x9f\x90\xb0\xe2\x80\x8d\xf0\x9f\x91\xa8\xf0\x9f\x8f\xbb", "men with bunny ears: medium skin tone, light skin tone", true},
    {"\xf0\x9f\x91\xa8\xf0\x9f\x8f\xbd\xe2\x80\x8d\xf0\x9f\x90\xb0\xe2\x80\x8d\xf0\x9f\x91\xa8\xf0\x9f\x8f\xbc", "men with bunny ears: medium skin tone, medium-light skin tone", true},
    {"\xf0\x9f\x91\xa8\xf0\x9f\x8f\xbd\xe2\x80\x8d\xf0\x9f\x90\xb0\xe2\x80\x8d\xf0\x9f\x91\xa8\xf0\x9f\x8f\xbe", "men with bunny ears: medium skin tone, medium-dark skin tone", true},
    {"\xf0\x9f\x91\xa8\xf0\x9f\x8f\xbd\xe2\x80\x8d\xf0\x9f\x90\xb0\xe2\x80\x8d\xf0\x9f\x91\xa8\xf0\x9f\x8f\xbf", "men with bunny ears: medium skin tone, dark skin tone", true},
    {"\xf0\x9f\x91\xa8\xf0\x9f\x8f\xbe\xe2\x80\x8d\xf0\x9f\x90\xb0\xe2\x80\x8d\xf0\x9f\x91\xa8\xf0\x9f\x8f\xbb", "men with bunny ears: medium-dark skin tone, light skin tone", true},
    {"\xf0\x9f\x91\xa8\xf0\x9f\x8f\xbe\xe2\x80\x8d\xf0\x9f\x90\xb0\xe2\x80\x8d\xf0\x9f\x91\xa8\xf0\x9f\x8f\xbc", "men with bunny ears: medium-dark skin tone, medium-light skin tone", true},
    {"\xf0\x9f\x91\xa8\xf0\x9f\x8f\xbe\xe2\x80\x8d\xf0\x9f\x90\xb0\xe2\x80\x8d\xf0\x9f\x91\xa8\xf0\x9f\x8f\xbd", "men with bunny ears: medium-dark skin tone, medium skin tone", true},
    {"\xf0\x9f\x91\xa8\xf0\x9f\x8f\xbe\xe2\x80\x8d\xf0\x9f\x90\xb0\xe2\x80\x8d\xf0\x9f\x91\xa8\xf0\x9f\x8f\xbf", "men with bunny ears: medium-dark skin tone, dark skin tone", true},
    {"\xf0\x9f\x91\xa8\xf0\x9f\x8f\xbf\xe2\x80\x8d\xf0\x9f\x90\xb0\xe2\x80\x8d\xf0\x9f\x91\xa8\xf0\x9f\x8f\xbb", "men with bunny ears: dark skin tone, light skin tone", true},
    {"\xf0\x9f\x91\xa8\xf0\x9f\x8f\xbf\xe2\x80\x8d\xf0\x9f\x90\xb0\xe2\x80\x8d\xf0\x9f\x91\xa8\xf0\x9f\x8f\xbc", "men with bunny ears: dark skin tone, medium-light skin tone", true},
    {"\xf0\x9f\x91\xa8\xf0\x9f\x8f\xbf\xe2\x80\x8d\xf0\x9f\x90\xb0\xe2\x80\x8d\xf0\x9f\x91\xa8\xf0\x9f\x8f\xbd", "men with bunny ears: dark skin tone, medium skin tone", true},
    {"\xf0\x9f\x91\xa8\xf0\x9f\x8f\xbf\xe2\x80\x8d\xf0\x9f\x90\xb0\xe2\x80\x8d\xf0\x9f\x91\xa8\xf0\x9f\x8f\xbe", "men with bunny ears: dark skin tone, medium-dark skin tone", true},
    {"\xf0\x9f\x91\xa9\xf0\x9f\x8f\xbb\xe2\x80\x8d\xf0\x9f\x90\xb0\xe2\x80\x8d\xf0\x9f\x91\xa9\xf0\x9f\x8f\xbc", "women with bunny ears: light skin tone, medium-light skin tone", true},
    {"\xf0\x9f\x91\xa9\xf0\x9f\x8f\xbb\xe2\x80\x8d\xf0\x9f\x90\xb0\xe2\x80\x8d\xf0\x9f\x91\xa9\xf0\x9f\x8f\xbd", "women with bunny ears: light skin tone, medium skin tone", true},
    {"\xf0\x9f\x91\xa9\xf0\x9f\x8f\xbb\xe2\x80\x8d\xf0\x9f\x90\xb0\xe2\x80\x8d\xf0\x9f\x91\xa9\xf0\x9f\x8f\xbe", "women with bunny ears: light skin tone, medium-dark skin tone", true},
    {"\xf0\x9f\x91\xa9\xf0\x9f\x8f\xbb\xe2\x80\x8d\xf0\x9f\x90\xb0\xe2\x80\x8d\xf0\x9f\x91\xa9\xf0\x9f\x8f\xbf", "women with bunny ears: light skin tone, dark skin tone", true},
    {"\xf0\x9f\x91\xa9\xf0\x9f\x8f\xbc\xe2\x80\x8d\xf0\x9f\x90\xb0\xe2\x80\x8d\xf0\x9f\x91\xa9\xf0\x9f\x8f\xbb", "women with bunny ears: medium-light skin tone, light skin tone", true},
    {"\xf0\x9f\x91\xa9\xf0\x9f\x8f\xbc\xe2\x80\x8d\xf0\x9f\x90\xb0\xe2\x80\x8d\xf0\x9f\x91\xa9\xf0\x9f\x8f\xbd", "women with bunny ears: medium-light skin tone, medium skin tone", true},
    {"\xf0\x9f\x91\xa9\xf0\x9f\x8f\xbc\xe2\x80\x8d\xf0\x9f\x90\xb0\xe2\x80\x8d\xf0\x9f\x91\xa9\xf0\x9f\x8f\xbe", "women with bunny ears: medium-light skin tone, medium-dark skin tone", true},
    {"\xf0\x9f\x91\xa9\xf0\x9f\x8f\xbc\xe2\x80\x8d\xf0\x9f\x90\xb0\xe2\x80\x8d\xf0\x9f\x91\xa9\xf0\x9f\x8f\xbf", "women with bunny ears: medium-light skin tone, dark skin tone", true},
    {"\xf0\x9f\x91\xa9\xf0\x9f\x8f\xbd\xe2\x80\x8d\xf0\x9f\x90\xb0\xe2\x80\x8d\xf0\x9f\x91\xa9\xf0\x9f\x8f\xbb", "women with bunny ears: medium skin tone, light skin tone", true},
    {"\xf0\x9f\x91\xa9\xf0\x9f\x8f\xbd\xe2\x80\x8d\xf0\x9f\x90\xb0\xe2\x80\x8d\xf0\x9f\x91\xa9\xf0\x9f\x8f\xbc", "women with bunny ears: medium skin tone, medium-light skin tone", true},
    {"\xf0\x9f\x91\xa9\xf0\x9f\x8f\xbd\xe2\x80\x8d\xf0\x9f\x90\xb0\xe2\x80\x8d\xf0\x9f\x91\xa9\xf0\x9f\x8f\xbe", "women with bunny ears: medium skin tone, medium-dark skin tone", true},
    {"\xf0\x9f\x91\xa9\xf0\x9f\x8f\xbd\xe2\x80\x8d\xf0\x9f\x90\xb0\xe2\x80\x8d\xf0\x9f\x91\xa9\xf0\x9f\x8f\xbf", "women with bunny ears: medium skin tone, dark skin tone", true},
    {"\xf0\x9f\x91\xa9\xf0\x9f\x8f\xbe\xe2\x80\x8d\xf0\x9f\x90\xb0\xe2\x80\x8d\xf0\x9f\x91\xa9\xf0\x9f\x8f\xbb", "women with bunny ears: medium-dark skin tone, light skin tone", true},
    {"\xf0\x9f\x91\xa9\xf0\x9f\x8f\xbe\xe2\x80\x8d\xf0\x9f\x90\xb0\xe2\x80\x8d\xf0\x9f\x91\xa9\xf0\x9f\x8f\xbc", "women with bunny ears: medium-dark skin tone, medium-light skin tone", true},
    {"\xf0\x9f\x91\xa9\xf0\x9f\x8f\xbe\xe2\x80\x8d\xf0\x9f\x90\xb0\xe2\x80\x8d\xf0\x9f\x91\xa9\xf0\x9f\x8f\xbd", "women with bunny ears: medium-dark skin tone, medium skin tone", true},
    {"\xf0\x9f\x91\xa9\xf0\x9f\x8f\xbe\xe2\x80\x8d\xf0\x9f\x90\xb0\xe2\x80\x8d\xf0\x9f\x91\xa9\xf0\x9f\x8f\xbf", "women with bunny ears: medium-dark skin tone, dark skin tone", true},
    {"\xf0\x9f\x91\xa9\xf0\x9f\x8f\xbf\xe2\x80\x8d\xf0\x9f\x90\xb0\xe2\x80\x8d\xf0\x9f\x91\xa9\xf0\x9f\x8f\xbb", "women with bunny ears: dark skin tone, light skin tone", true},
    {"\xf0\x9f\x91\xa9\xf0\x9f\x8f\xbf\xe2\x80\x8d\xf0\x9f\x90\xb0\xe2\x80\x8d\xf0\x9f\x91\xa9\xf0\x9f\x8f\xbc", "women with bunny ears: dark skin tone, medium-light skin tone", true},
    {"\xf0\x9f\x91\xa9\xf0\x9f\x8f\xbf\xe2\x80\x8d\xf0\x9f\x90\xb0\xe2\x80\x8d\xf0\x9f\x91\xa9\xf0\x9f\x8f\xbd", "women with bunny ears: dark skin tone, medium skin tone", true},
    {"\xf0\x9f\x91\xa9\xf0\x9f\x8f\xbf\xe2\x80\x8d\xf0\x9f\x90\xb0\xe2\x80\x8d\xf0\x9f\x91\xa9\xf0\x9f\x8f\xbe", "women with bunny ears: dark skin tone, medium-dark skin tone", true},
    {"\xf0\x9f\xa7\x96", "person in steamy room", false},
    {"\xf0\x9f\xa7\x96\xf0\x9f\x8f\xbb", "person in steamy room: light skin tone", true},
    {"\xf0\x9f\xa7\x96\xf0\x9f\x8f\xbc", "person in steamy room: medium-light skin tone", true},
    {"\xf0\x9f\xa7\x96\xf0\x9f\x8f\xbd", "person in steamy room: medium skin tone", true},
    {"\xf0\x9f\xa7\x96\xf0\x9f\x8f\xbe", "person in steamy room: medium-dark skin tone", true},
    {"\xf0\x9f\xa7\x96\xf0\x9f\x8f\xbf", "person in steamy room: dark skin tone", true},
    {"\xf0\x9f\xa7\x96\xe2\x80\x8d\xe2\x99\x82\xef\xb8\x8f", "man in steamy room", false},
    {"\xf0\x9f\xa7\x96\xf0\x9f\x8f\xbb\xe2\x80\x8d\xe2\x99\x82\xef\xb8\x8f", "man in steamy room: light skin tone", true},
    {"\xf0\x9f\xa7\x96\xf0\x9f\x8f\xbc\xe2\x80\x8d\xe2\x99\x82\xef\xb8\x8f", "man in steamy room: medium-light skin tone", true},
    {"\xf0\x9f\xa7\x96\xf0\x9f\x8f\xbd\xe2\x80\x8d\xe2\x99\x82\xef\xb8\x8f", "man in steamy room: medium skin tone", true},
    {"\xf0\x9f\xa7\x96\xf0\x9f\x8f\xbe\xe2\x80\x8d\xe2\x99\x82\xef\xb8\x8f", "man in steamy room: medium-dark skin tone", true},
    {"\xf0\x9f\xa7\x96\xf0\x9f\x8f\xbf\xe2\x80\x8d\xe2\x99\x82\xef\xb8\x8f", "man in steamy room: dark skin tone", true},
    {"\xf0\x9f\xa7\x96\xe2\x80\x8d\xe2\x99\x80\xef\xb8\x8f", "woman in steamy room", false},
    {"\xf0\x9f\xa7\x96\xf0\x9f\x8f\xbb\xe2\x80\x8d\xe2\x99\x80\xef\xb8\x8f", "woman in steamy room: light skin tone", true},
    {"\xf0\x9f\xa7\x96\xf0\x9f\x8f\xbc\xe2\x80\x8d\xe2\x99\x80\xef\xb8\x8f", "woman in steamy room: medium-light skin tone", true},
    {"\xf0\x9f\xa7\x96\xf0\x9f\x8f\xbd\xe2\x80\x8d\xe2\x99\x80\xef\xb8\x8f", "woman in steamy room: medium skin tone", true},
    {"\xf0\x9f\xa7\x96\xf0\x9f\x8f\xbe\xe2\x80\x8d\xe2\x99\x80\xef\xb8\x8f", "woman in steamy room: medium-dark skin tone", true},
    {"\xf0\x9f\xa7\x96\xf0\x9f\x8f\xbf\xe2\x80\x8d\xe2\x99\x80\xef\xb8\x8f", "woman in steamy room: dark skin tone", true},
    {"\xf0\x9f\xa7\x97", "person climbing", false},
    {"\xf0\x9f\xa7\x97\xf0\x9f\x8f\xbb", "person climbing: light skin tone", true},
    {"\xf0\x9f\xa7\x97\xf0\x9f\x8f\xbc", "person climbing: medium-light skin tone", true},
    {"\xf0\x9f\xa7\x97\xf0\x9f\x8f\xbd", "person climbing: medium skin tone", true},
    {"\xf0\x9f\xa7\x97\xf0\x9f\x8f\xbe", "person climbing: medium-dark skin tone", true},
    {"\xf0\x9f\xa7\x97\xf0\x9f\x8f\xbf", "person climbing: dark skin tone", true},
    {"\xf0\x9f\xa7\x97\xe2\x80\x8d\xe2\x99\x82\xef\xb8\x8f", "man climbing", false},
    {"\xf0\x9f\xa7\x97\xf0\x9f\x8f\xbb\xe2\x80\x8d\xe2\x99\x82\xef\xb8\x8f", "man climbing: light skin tone", true},
    {"\xf0\x9f\xa7\x97\xf0\x9f\x8f\xbc\xe2\x80\x8d\xe2\x99\x82\xef\xb8\x8f", "man climbing: medium-light skin tone", true},
    {"\xf0\x9f\xa7\x97\xf0\x9f\x8f\xbd\xe2\x80\x8d\xe2\x99\x82\xef\xb8\x8f", "man climbing: medium skin tone", true},
    {"\xf0\x9f\xa7\x97\xf0\x9f\x8f\xbe\xe2\x80\x8d\xe2\x99\x82\xef\xb8\x8f", "man climbing: medium-dark skin tone", true},
    {"\xf0\x9f\xa7\x97\xf0\x9f\x8f\xbf\xe2\x80\x8d\xe2\x99\x82\xef\xb8\x8f", "man climbing: dark skin tone", true},
    {"\xf0\x9f\xa7\x97\xe2\x80\x8d\xe2\x99\x80\xef\xb8\x8f", "woman climbing", false},
    {"\xf0\x9f\xa7\x97\xf0\x9f\x8f\xbb\xe2\x80\x8d\xe2\x99\x80\xef\xb8\x8f", "woman climbing: light skin tone", true},
    {"\xf0\x9f\xa7\x97\xf0\x9f\x8f\xbc\xe2\x80\x8d\xe2\x99\x80\xef\xb8\x8f", "woman climbing: medium-light skin tone", true},
    {"\xf0\x9f\xa7\x97\xf0\x9f\x8f\xbd\xe2\x80\x8d\xe2\x99\x80\xef\xb8\x8f", "woman climbing: medium skin tone", true},
    {"\xf0\x9f\xa7\x97\xf0\x9f\x8f\xbe\xe2\x80\x8d\xe2\x99\x80\xef\xb8\x8f", "woman climbing: medium-dark skin tone", true},
    {"\xf0\x9f\xa7\x97\xf0\x9f\x8f\xbf\xe2\x80\x8d\xe2\x99\x80\xef\xb8\x8f", "woman climbing: dark skin tone", true},
    {"\xf0\x9f\xa4\xba", "person fencing", false},
    {"\xf0\x9f\x8f\x87", "horse racing", false},
    {"\xf0\x9f\x8f\x87\xf0\x9f\x8f\xbb", "horse racing: light skin tone", true},
    {"\xf0\x9f\x8f\x87\xf0\x9f\x8f\xbc", "horse racing: medium-light skin tone", true},
    {"\xf0\x9f\x8f\x87\xf0\x9f\x8f\xbd", "horse racing: medium skin tone", true},
    {"\xf0\x9f\x8f\x87\xf0\x9f\x8f\xbe", "horse racing: medium-dark skin tone", true},
    {"\xf0\x9f\x8f\x87\xf0\x9f\x8f\xbf", "horse racing: dark skin tone", true},
    {"\xe2\x9b\xb7\xef\xb8\x8f", "skier", false},
    {"\xf0\x9f\x8f\x82", "snowboarder", false},
    {"\xf0\x9f\x8f\x82\xf0\x9f\x8f\xbb", "snowboarder: light skin tone", true},
    {"\xf0\x9f\x8f\x82\xf0\x9f\x8f\xbc", "snowboarder: medium-light skin tone", true},
    {"\xf0\x9f\x8f\x82\xf0\x9f\x8f\xbd", "snowboarder: medium skin tone", true},
    {"\xf0\x9f\x8f\x82\xf0\x9f\x8f\xbe", "snowboarder: medium-dark skin tone", true},
    {"\xf0\x9f\x8f\x82\xf0\x9f\x8f\xbf", "snowboarder: dark skin tone", true},
    {"\xf0\x9f\x8f\x8c\xef\xb8\x8f", "person golfing", false},
    {"\xf0\x9f\x8f\x8c\xf0\x9f\x8f\xbb", "person golfing: light skin tone", true},
    {"\xf0\x9f\x8f\x8c\xf0\x9f\x8f\xbc", "person golfing: medium-light skin tone", true},
    {"\xf0\x9f\x8f\x8c\xf0\x9f\x8f\xbd", "person golfing: medium skin tone", true},
    {"\xf0\x9f\x8f\x8c\xf0\x9f\x8f\xbe", "person golfing: medium-dark skin tone", true},
    {"\xf0\x9f\x8f\x8c\xf0\x9f\x8f\xbf", "person golfing: dark skin tone", true},
    {"\xf0\x9f\x8f\x8c\xef\xb8\x8f\xe2\x80\x8d\xe2\x99\x82\xef\xb8\x8f", "man golfing", false},
    {"\xf0\x9f\x8f\x8c\xf0\x9f\x8f\xbb\xe2\x80\x8d\xe2\x99\x82\xef\xb8\x8f", "man golfing: light skin tone", true},
    {"\xf0\x9f\x8f\x8c\xf0\x9f\x8f\xbc\xe2\x80\x8d\xe2\x99\x82\xef\xb8\x8f", "man golfing: medium-light skin tone", true},
    {"\xf0\x9f\x8f\x8c\xf0\x9f\x8f\xbd\xe2\x80\x8d\xe2\x99\x82\xef\xb8\x8f", "man golfing: medium skin tone", true},
    {"\xf0\x9f\x8f\x8c\xf0\x9f\x8f\xbe\xe2\x80\x8d\xe2\x99\x82\xef\xb8\x8f", "man golfing: medium-dark skin tone", true},
    {"\xf0\x9f\x8f\x8c\xf0\x9f\x8f\xbf\xe2\x80\x8d\xe2\x99\x82\xef\xb8\x8f", "man golfing: dark skin tone", true},
    {"\xf0\x9f\x8f\x8c\xef\xb8\x8f\xe2\x80\x8d\xe2\x99\x80\xef\xb8\x8f", "woman golfing", false},
    {"\xf0\x9f\x8f\x8c\xf0\x9f\x8f\xbb\xe2\x80\x8d\xe2\x99\x80\xef\xb8\x8f", "woman golfing: light skin tone", true},
    {"\xf0\x9f\x8f\x8c\xf0\x9f\x8f\xbc\xe2\x80\x8d\xe2\x99\x80\xef\xb8\x8f", "woman golfing: medium-light skin tone", true},
    {"\xf0\x9f\x8f\x8c\xf0\x9f\x8f\xbd\xe2\x80\x8d\xe2\x99\x80\xef\xb8\x8f", "woman golfing: medium skin tone", true},
    {"\xf0\x9f\x8f\x8c\xf0\x9f\x8f\xbe\xe2\x80\x8d\xe2\x99\x80\xef\xb8\x8f", "woman golfing: medium-dark skin tone", true},
    {"\xf0\x9f\x8f\x8c\xf0\x9f\x8f\xbf\xe2\x80\x8d\xe2\x99\x80\xef\xb8\x8f", "woman golfing: dark skin tone", true},
    {"\xf0\x9f\x8f\x84", "person surfing", false},
    {"\xf0\x9f\x8f\x84\xf0\x9f\x8f\xbb", "person surfing: light skin tone", true},
    {"\xf0\x9f\x8f\x84\xf0\x9f\x8f\xbc", "person surfing: medium-light skin tone", true},
    {"\xf0\x9f\x8f\x84\xf0\x9f\x8f\xbd", "person surfing: medium skin tone", true},
    {"\xf0\x9f\x8f\x84\xf0\x9f\x8f\xbe", "person surfing: medium-dark skin tone", true},
    {"\xf0\x9f\x8f\x84\xf0\x9f\x8f\xbf", "person surfing: dark skin tone", true},
    {"\xf0\x9f\x8f\x84\xe2\x80\x8d\xe2\x99\x82\xef\xb8\x8f", "man surfing", false},
    {"\xf0\x9f\x8f\x84\xf0\x9f\x8f\xbb\xe2\x80\x8d\xe2\x99\x82\xef\xb8\x8f", "man surfing: light skin tone", true},
    {"\xf0\x9f\x8f\x84\xf0\x9f\x8f\xbc\xe2\x80\x8d\xe2\x99\x82\xef\xb8\x8f", "man surfing: medium-light skin tone", true},
    {"\xf0\x9f\x8f\x84\xf0\x9f\x8f\xbd\xe2\x80\x8d\xe2\x99\x82\xef\xb8\x8f", "man surfing: medium skin tone", true},
    {"\xf0\x9f\x8f\x84\xf0\x9f\x8f\xbe\xe2\x80\x8d\xe2\x99\x82\xef\xb8\x8f", "man surfing: medium-dark skin tone", true},
    {"\xf0\x9f\x8f\x84\xf0\x9f\x8f\xbf\xe2\x80\x8d\xe2\x99\x82\xef\xb8\x8f", "man surfing: dark skin tone", true},
    {"\xf0\x9f\x8f\x84\xe2\x80\x8d\xe2\x99\x80\xef\xb8\x8f", "woman surfing", false},
    {"\xf0\x9f\x8f\x84\xf0\x9f\x8f\xbb\xe2\x80\x8d\xe2\x99\x80\xef\xb8\x8f", "woman surfing: light skin tone", true},
    {"\xf0\x9f\x8f\x84\xf0\x9f\x8f\xbc\xe2\x80\x8d\xe2\x99\x80\xef\xb8\x8f", "woman surfing: medium-light skin tone", true},
    {"\xf0\x9f\x8f\x84\xf0\x9f\x8f\xbd\xe2\x80\x8d\xe2\x99\x80\xef\xb8\x8f", "woman surfing: medium skin tone", true},
    {"\xf0\x9f\x8f\x84\xf0\x9f\x8f\xbe\xe2\x80\x8d\xe2\x99\x80\xef\xb8\x8f", "woman surfing: medium-dark skin tone", true},
    {"\xf0\x9f\x8f\x84\xf0\x9f\x8f\xbf\xe2\x80\x8d\xe2\x99\x80\xef\xb8\x8f", "woman surfing: dark skin tone", true},
    {"\xf0\x9f\x9a\xa3", "person rowing boat", false},
    {"\xf0\x9f\x9a\xa3\xf0\x9f\x8f\xbb", "person rowing boat: light skin tone", true},
    {"\xf0\x9f\x9a\xa3\xf0\x9f\x8f\xbc", "person rowing boat: medium-light skin tone", true},
    {"\xf0\x9f\x9a\xa3\xf0\x9f\x8f\xbd", "person rowing boat: medium skin tone", true},
    {"\xf0\x9f\x9a\xa3\xf0\x9f\x8f\xbe", "person rowing boat: medium-dark skin tone", true},
    {"\xf0\x9f\x9a\xa3\xf0\x9f\x8f\xbf", "person rowing boat: dark skin tone", true},
    {"\xf0\x9f\x9a\xa3\xe2\x80\x8d\xe2\x99\x82\xef\xb8\x8f", "man rowing boat", false},
    {"\xf0\x9f\x9a\xa3\xf0\x9f\x8f\xbb\xe2\x80\x8d\xe2\x99\x82\xef\xb8\x8f", "man rowing boat: light skin tone", true},
    {"\xf0\x9f\x9a\xa3\xf0\x9f\x8f\xbc\xe2\x80\x8d\xe2\x99\x82\xef\xb8\x8f", "man rowing boat: medium-light skin tone", true},
    {"\xf0\x9f\x9a\xa3\xf0\x9f\x8f\xbd\xe2\x80\x8d\xe2\x99\x82\xef\xb8\x8f", "man rowing boat: medium skin tone", true},
    {"\xf0\x9f\x9a\xa3\xf0\x9f\x8f\xbe\xe2\x80\x8d\xe2\x99\x82\xef\xb8\x8f", "man rowing boat: medium-dark skin tone", true},
    {"\xf0\x9f\x9a\xa3\xf0\x9f\x8f\xbf\xe2\x80\x8d\xe2\x99\x82\xef\xb8\x8f", "man rowing boat: dark skin tone", true},
    {"\xf0\x9f\x9a\xa3\xe2\x80\x8d\xe2\x99\x80\xef\xb8\x8f", "woman rowing boat", false},
    {"\xf0\x9f\x9a\xa3\xf0\x9f\x8f\xbb\xe2\x80\x8d\xe2\x99\x80\xef\xb8\x8f", "woman rowing boat: light skin tone", true},
    {"\xf0\x9f\x9a\xa3\xf0\x9f\x8f\xbc\xe2\x80\x8d\xe2\x99\x80\xef\xb8\x8f", "woman rowing boat: medium-light skin tone", true},
    {"\xf0\x9f\x9a\xa3\xf0\x9f\x8f\xbd\xe2\x80\x8d\xe2\x99\x80\xef\xb8\x8f", "woman rowing boat: medium skin tone", true},
    {"\xf0\x9f\x9a\xa3\xf0\x9f\x8f\xbe\xe2\x80\x8d\xe2\x99\x80\xef\xb8\x8f", "woman rowing boat: medium-dark skin tone", true},
    {"\xf0\x9f\x9a\xa3\xf0\x9f\x8f\xbf\xe2\x80\x8d\xe2\x99\x80\xef\xb8\x8f", "woman rowing boat: dark skin tone", true},
    {"\xf0\x9f\x8f\x8a", "person swimming", false},
    {"\xf0\x9f\x8f\x8a\xf0\x9f\x8f\xbb", "person swimming: light skin tone", true},
    {"\xf0\x9f\x8f\x8a\xf0\x9f\x8f\xbc", "person swimming: medium-light skin tone", true},
    {"\xf0\x9f\x8f\x8a\xf0\x9f\x8f\xbd", "person swimming: medium skin tone", true},
    {"\xf0\x9f\x8f\x8a\xf0\x9f\x8f\xbe", "person swimming: medium-dark skin tone", true},
    {"\xf0\x9f\x8f\x8a\xf0\x9f\x8f\xbf", "person swimming: dark skin tone", true},
    {"\xf0\x9f\x8f\x8a\xe2\x80\x8d\xe2\x99\x82\xef\xb8\x8f", "man swimming", false},
    {"\xf0\x9f\x8f\x8a\xf0\x9f\x8f\xbb\xe2\x80\x8d\xe2\x99\x82\xef\xb8\x8f", "man swimming: light skin tone", true},
    {"\xf0\x9f\x8f\x8a\xf0\x9f\x8f\xbc\xe2\x80\x8d\xe2\x99\x82\xef\xb8\x8f", "man swimming: medium-light skin tone", true},
    {"\xf0\x9f\x8f\x8a\xf0\x9f\x8f\xbd\xe2\x80\x8d\xe2\x99\x82\xef\xb8\x8f", "man swimming: medium skin tone", true},
    {"\xf0\x9f\x8f\x8a\xf0\x9f\x8f\xbe\xe2\x80\x8d\xe2\x99\x82\xef\xb8\x8f", "man swimming: medium-dark skin tone", true},
    {"\xf0\x9f\x8f\x8a\xf0\x9f\x8f\xbf\xe2\x80\x8d\xe2\x99\x82\xef\xb8\x8f", "man swimming: dark skin tone", true},
    {"\xf0\x9f\x8f\x8a\xe2\x80\x8d\xe2\x99\x80\xef\xb8\x8f", "woman swimming", false},
    {"\xf0\x9f\x8f\x8a\xf0\x9f\x8f\xbb\xe2\x80\x8d\xe2\x99\x80\xef\xb8\x8f", "woman swimming: light skin tone", true},
    {"\xf0\x9f\x8f\x8a\xf0\x9f\x8f\xbc\xe2\x80\x8d\xe2\x99\x80\xef\xb8\x8f", "woman swimming: medium-light skin tone", true},
    {"\xf0\x9f\x8f\x8a\xf0\x9f\x8f\xbd\xe2\x80\x8d\xe2\x99\x80\xef\xb8\x8f", "woman swimming: medium skin tone", true},
    {"\xf0\x9f\x8f\x8a\xf0\x9f\x8f\xbe\xe2\x80\x8d\xe2\x99\x80\xef\xb8\x8f", "woman swimming: medium-dark skin tone", true},
    {"\xf0\x9f\x8f\x8a\xf0\x9f\x8f\xbf\xe2\x80\x8d\xe2\x99\x80\xef\xb8\x8f", "woman swimming: dark skin tone", true},
    {"\xe2\x9b\xb9\xef\xb8\x8f", "person bouncing ball", false},
    {"\xe2\x9b\xb9\xf0\x9f\x8f\xbb", "person bouncing ball: light skin tone", true},
    {"\xe2\x9b\xb9\xf0\x9f\x8f\xbc", "person bouncing ball: medium-light skin tone", true},
    {"\xe2\x9b\xb9\xf0\x9f\x8f\xbd", "person bouncing ball: medium skin tone", true},
    {"\xe2\x9b\xb9\xf0\x9f\x8f\xbe", "person bouncing ball: medium-dark skin tone", true},
    {"\xe2\x9b\xb9\xf0\x9f\x8f\xbf", "person bouncing ball: dark skin tone", true},
    {"\xe2\x9b\xb9\xef\xb8\x8f\xe2\x80\x8d\xe2\x99\x82\xef\xb8\x8f", "man bouncing ball", false},
    {"\xe2\x9b\xb9\xf0\x9f\x8f\xbb\xe2\x80\x8d\xe2\x99\x82\xef\xb8\x8f", "man bouncing ball: light skin tone", true},
    {"\xe2\x9b\xb9\xf0\x9f\x8f\xbc\xe2\x80\x8d\xe2\x99\x82\xef\xb8\x8f", "man bouncing ball: medium-light skin tone", true},
    {"\xe2\x9b\xb9\xf0\x9f\x8f\xbd\xe2\x80\x8d\xe2\x99\x82\xef\xb8\x8f", "man bouncing ball: medium skin tone", true},
    {"\xe2\x9b\xb9\xf0\x9f\x8f\xbe\xe2\x80\x8d\xe2\x99\x82\xef\xb8\x8f", "man bouncing ball: medium-dark skin tone", true},
    {"\xe2\x9b\xb9\xf0\x9f\x8f\xbf\xe2\x80\x8d\xe2\x99\x82\xef\xb8\x8f", "man bouncing ball: dark skin tone", true},
    {"\xe2\x9b\xb9\xef\xb8\x8f\xe2\x80\x8d\xe2\x99\x80\xef\xb8\x8f", "woman bouncing ball", false},
    {"\xe2\x9b\xb9\xf0\x9f\x8f\xbb\xe2\x80\x8d\xe2\x99\x80\xef\xb8\x8f", "woman bouncing ball: light skin tone", true},
    {"\xe2\x9b\xb9\xf0\x9f\x8f\xbc\xe2\x80\x8d\xe2\x99\x80\xef\xb8\x8f", "woman bouncing ball: medium-light skin tone", true},
    {"\xe2\x9b\xb9\xf0\x9f\x8f\xbd\xe2\x80\x8d\xe2\x99\x80\xef\xb8\x8f", "woman bouncing ball: medium skin tone", true},
    {"\xe2\x9b\xb9\xf0\x9f\x8f\xbe\xe2\x80\x8d\xe2\x99\x80\xef\xb8\x8f", "woman bouncing ball: medium-dark skin tone", true},
    {"\xe2\x9b\xb9\xf0\x9f\x8f\xbf\xe2\x80\x8d\xe2\x99\x80\xef\xb8\x8f", "woman bouncing ball: dark skin tone", true},
    {"\xf0\x9f\x8f\x8b\xef\xb8\x8f", "person lifting weights", false},
    {"\xf0\x9f\x8f\x8b\xf0\x9f\x8f\xbb", "person lifting weights: light skin tone", true},
    {"\xf0\x9f\x8f\x8b\xf0\x9f\x8f\xbc", "person lifting weights: medium-light skin tone", true},
    {"\xf0\x9f\x8f\x8b\xf0\x9f\x8f\xbd", "person lifting weights: medium skin tone", true},
    {"\xf0\x9f\x8f\x8b\xf0\x9f\x8f\xbe", "person lifting weights: medium-dark skin tone", true},
    {"\xf0\x9f\x8f\x8b\xf0\x9f\x8f\xbf", "person lifting weights: dark skin tone", true},
    {"\xf0\x9f\x8f\x8b\xef\xb8\x8f\xe2\x80\x8d\xe2\x99\x82\xef\xb8\x8f", "man lifting weights", false},
    {"\xf0\x9f\x8f\x8b\xf0\x9f\x8f\xbb\xe2\x80\x8d\xe2\x99\x82\xef\xb8\x8f", "man lifting weights: light skin tone", true},
    {"\xf0\x9f\x8f\x8b\xf0\x9f\x8f\xbc\xe2\x80\x8d\xe2\x99\x82\xef\xb8\x8f", "man lifting weights: medium-light skin tone", true},
    {"\xf0\x9f\x8f\x8b\xf0\x9f\x8f\xbd\xe2\x80\x8d\xe2\x99\x82\xef\xb8\x8f", "man lifting weights: medium skin tone", true},
    {"\xf0\x9f\x8f\x8b\xf0\x9f\x8f\xbe\xe2\x80\x8d\xe2\x99\x82\xef\xb8\x8f", "man lifting weights: medium-dark skin tone", true},
    {"\xf0\x9f\x8f\x8b\xf0\x9f\x8f\xbf\xe2\x80\x8d\xe2\x99\x82\xef\xb8\x8f", "man lifting weights: dark skin tone", true},
    {"\xf0\x9f\x8f\x8b\xef\xb8\x8f\xe2\x80\x8d\xe2\x99\x80\xef\xb8\x8f", "woman lifting weights", false},
    {"\xf0\x9f\x8f\x8b\xf0\x9f\x8f\xbb\xe2\x80\x8d\xe2\x99\x80\xef\xb8\x8f", "woman lifting weights: light skin tone", true},
    {"\xf0\x9f\x8f\x8b\xf0\x9f\x8f\xbc\xe2\x80\x8d\xe2\x99\x80\xef\xb8\x8f", "woman lifting weights: medium-light skin tone", true},
    {"\xf0\x9f\x8f\x8b\xf0\x9f\x8f\xbd\xe2\x80\x8d\xe2\x99\x80\xef\xb8\x8f", "woman lifting weights: medium skin tone", true},
    {"\xf0\x9f\x8f\x8b\xf0\x9f\x8f\xbe\xe2\x80\x8d\xe2\x99\x80\xef\xb8\x8f", "woman lifting weights: medium-dark skin tone", true},
    {"\xf0\x9f\x8f\x8b\xf0\x9f\x8f\xbf\xe2\x80\x8d\xe2\x99\x80\xef\xb8\x8f", "woman lifting weights: dark skin tone", true},
    {"\xf0\x9f\x9a\xb4", "person biking", false},
    {"\xf0\x9f\x9a\xb4\xf0\x9f\x8f\xbb", "person biking: light skin tone", true},
    {"\xf0\x9f\x9a\xb4\xf0\x9f\x8f\xbc", "person biking: medium-light skin tone", true},
    {"\xf0\x9f\x9a\xb4\xf0\x9f\x8f\xbd", "person biking: medium skin tone", true},
    {"\xf0\x9f\x9a\xb4\xf0\x9f\x8f\xbe", "person biking: medium-dark skin tone", true},
    {"\xf0\x9f\x9a\xb4\xf0\x9f\x8f\xbf", "person biking: dark skin tone", true},
    {"\xf0\x9f\x9a\xb4\xe2\x80\x8d\xe2\x99\x82\xef\xb8\x8f", "man biking", false},
    {"\xf0\x9f\x9a\xb4\xf0\x9f\x8f\xbb\xe2\x80\x8d\xe2\x99\x82\xef\xb8\x8f", "man biking: light skin tone", true},
    {"\xf0\x9f\x9a\xb4\xf0\x9f\x8f\xbc\xe2\x80\x8d\xe2\x99\x82\xef\xb8\x8f", "man biking: medium-light skin tone", true},
    {"\xf0\x9f\x9a\xb4\xf0\x9f\x8f\xbd\xe2\x80\x8d\xe2\x99\x82\xef\xb8\x8f", "man biking: medium skin tone", true},
    {"\xf0\x9f\x9a\xb4\xf0\x9f\x8f\xbe\xe2\x80\x8d\xe2\x99\x82\xef\xb8\x8f", "man biking: medium-dark skin tone", true},
    {"\xf0\x9f\x9a\xb4\xf0\x9f\x8f\xbf\xe2\x80\x8d\xe2\x99\x82\xef\xb8\x8f", "man biking: dark skin tone", true},
    {"\xf0\x9f\x9a\xb4\xe2\x80\x8d\xe2\x99\x80\xef\xb8\x8f", "woman biking", false},
    {"\xf0\x9f\x9a\xb4\xf0\x9f\x8f\xbb\xe2\x80\x8d\xe2\x99\x80\xef\xb8\x8f", "woman biking: light skin tone", true},
    {"\xf0\x9f\x9a\xb4\xf0\x9f\x8f\xbc\xe2\x80\x8d\xe2\x99\x80\xef\xb8\x8f", "woman biking: medium-light skin tone", true},
    {"\xf0\x9f\x9a\xb4\xf0\x9f\x8f\xbd\xe2\x80\x8d\xe2\x99\x80\xef\xb8\x8f", "woman biking: medium skin tone", true},
    {"\xf0\x9f\x9a\xb4\xf0\x9f\x8f\xbe\xe2\x80\x8d\xe2\x99\x80\xef\xb8\x8f", "woman biking: medium-dark skin tone", true},
    {"\xf0\x9f\x9a\xb4\xf0\x9f\x8f\xbf\xe2\x80\x8d\xe2\x99\x80\xef\xb8\x8f", "woman biking: dark skin tone", true},
    {"\xf0\x9f\x9a\xb5", "person mountain biking", false},
    {"\xf0\x9f\x9a\xb5\xf0\x9f\x8f\xbb", "person mountain biking: light skin tone", true},
    {"\xf0\x9f\x9a\xb5\xf0\x9f\x8f\xbc", "person mountain biking: medium-light skin tone", true},
    {"\xf0\x9f\x9a\xb5\xf0\x9f\x8f\xbd", "person mountain biking: medium skin tone", true},
    {"\xf0\x9f\x9a\xb5\xf0\x9f\x8f\xbe", "person mountain biking: medium-dark skin tone", true},
    {"\xf0\x9f\x9a\xb5\xf0\x9f\x8f\xbf", "person mountain biking: dark skin tone", true},
    {"\xf0\x9f\x9a\xb5\xe2\x80\x8d\xe2\x99\x82\xef\xb8\x8f", "man mountain biking", false},
    {"\xf0\x9f\x9a\xb5\xf0\x9f\x8f\xbb\xe2\x80\x8d\xe2\x99\x82\xef\xb8\x8f", "man mountain biking: light skin tone", true},
    {"\xf0\x9f\x9a\xb5\xf0\x9f\x8f\xbc\xe2\x80\x8d\xe2\x99\x82\xef\xb8\x8f", "man mountain biking: medium-light skin tone", true},
    {"\xf0\x9f\x9a\xb5\xf0\x9f\x8f\xbd\xe2\x80\x8d\xe2\x99\x82\xef\xb8\x8f", "man mountain biking: medium skin tone", true},
    {"\xf0\x9f\x9a\xb5\xf0\x9f\x8f\xbe\xe2\x80\x8d\xe2\x99\x82\xef\xb8\x8f", "man mountain biking: medium-dark skin tone", true},
    {"\xf0\x9f\x9a\xb5\xf0\x9f\x8f\xbf\xe2\x80\x8d\xe2\x99\x82\xef\xb8\x8f", "man mountain biking: dark skin tone", true},
    {"\xf0\x9f\x9a\xb5\xe2\x80\x8d\xe2\x99\x80\xef\xb8\x8f", "woman mountain biking", false},
    {"\xf0\x9f\x9a\xb5\xf0\x9f\x8f\xbb\xe2\x80\x8d\xe2\x99\x80\xef\xb8\x8f", "woman mountain biking: light skin tone", true},
    {"\xf0\x9f\x9a\xb5\xf0\x9f\x8f\xbc\xe2\x80\x8d\xe2\x99\x80\xef\xb8\x8f", "woman mountain biking: medium-light skin tone", true},
    {"\xf0\x9f\x9a\xb5\xf0\x9f\x8f\xbd\xe2\x80\x8d\xe2\x99\x80\xef\xb8\x8f", "woman mountain biking: medium skin tone", true},
    {"\xf0\x9f\x9a\xb5\xf0\x9f\x8f\xbe\xe2\x80\x8d\xe2\x99\x80\xef\xb8\x8f", "woman mountain biking: medium-dark skin tone", true},
    {"\xf0\x9f\x9a\xb5\xf0\x9f\x8f\xbf\xe2\x80\x8d\xe2\x99\x80\xef\xb8\x8f", "woman mountain biking: dark skin tone", true},
    {"\xf0\x9f\xa4\xb8", "person cartwheeling", false},
    {"\xf0\x9f\xa4\xb8\xf0\x9f\x8f\xbb", "person cartwheeling: light skin tone", true},
    {"\xf0\x9f\xa4\xb8\xf0\x9f\x8f\xbc", "person cartwheeling: medium-light skin tone", true},
    {"\xf0\x9f\xa4\xb8\xf0\x9f\x8f\xbd", "person cartwheeling: medium skin tone", true},
    {"\xf0\x9f\xa4\xb8\xf0\x9f\x8f\xbe", "person cartwheeling: medium-dark skin tone", true},
    {"\xf0\x9f\xa4\xb8\xf0\x9f\x8f\xbf", "person cartwheeling: dark skin tone", true},
    {"\xf0\x9f\xa4\xb8\xe2\x80\x8d\xe2\x99\x82\xef\xb8\x8f", "man cartwheeling", false},
    {"\xf0\x9f\xa4\xb8\xf0\x9f\x8f\xbb\xe2\x80\x8d\xe2\x99\x82\xef\xb8\x8f", "man cartwheeling: light skin tone", true},
    {"\xf0\x9f\xa4\xb8\xf0\x9f\x8f\xbc\xe2\x80\x8d\xe2\x99\x82\xef\xb8\x8f", "man cartwheeling: medium-light skin tone", true},
    {"\xf0\x9f\xa4\xb8\xf0\x9f\x8f\xbd\xe2\x80\x8d\xe2\x99\x82\xef\xb8\x8f", "man cartwheeling: medium skin tone", true},
    {"\xf0\x9f\xa4\xb8\xf0\x9f\x8f\xbe\xe2\x80\x8d\xe2\x99\x82\xef\xb8\x8f", "man cartwheeling: medium-dark skin tone", true},
    {"\xf0\x9f\xa4\xb8\xf0\x9f\x8f\xbf\xe2\x80\x8d\xe2\x99\x82\xef\xb8\x8f", "man cartwheeling: dark skin tone", true},
    {"\xf0\x9f\xa4\xb8\xe2\x80\x8d\xe2\x99\x80\xef\xb8\x8f", "woman cartwheeling", false},
    {"\xf0\x9f\xa4\xb8\xf0\x9f\x8f\xbb\xe2\x80\x8d\xe2\x99\x80\xef\xb8\x8f", "woman cartwheeling: light skin tone", true},
    {"\xf0\x9f\xa4\xb8\xf0\x9f\x8f\xbc\xe2\x80\x8d\xe2\x99\x80\xef\xb8\x8f", "woman cartwheeling: medium-light skin tone", true},
    {"\xf0\x9f\xa4\xb8\xf0\x9f\x8f\xbd\xe2\x80\x8d\xe2\x99\x80\xef\xb8\x8f", "woman cartwheeling: medium skin tone", true},
    {"\xf0\x9f\xa4\xb8\xf0\x9f\x8f\xbe\xe2\x80\x8d\xe2\x99\x80\xef\xb8\x8f", "woman cartwheeling: medium-dark skin tone", true},
    {"\xf0\x9f\xa4\xb8\xf0\x9f\x8f\xbf\xe2\x80\x8d\xe2\x99\x80\xef\xb8\x8f", "woman cartwheeling: dark skin tone", true},
    {"\xf0\x9f\xa4\xbc", "people wrestling", false},
    {"\xf0\x9f\xa4\xbc\xf0\x9f\x8f\xbb", "people wrestling: light skin tone", true},
    {"\xf0\x9f\xa4\xbc\xf0\x9f\x8f\xbc", "people wrestling: medium-light skin tone", true},
    {"\xf0\x9f\xa4\xbc\xf0\x9f\x8f\xbd", "people wrestling: medium skin tone", true},
    {"\xf0\x9f\xa4\xbc\xf0\x9f\x8f\xbe", "people wrestling: medium-dark skin tone", true},
    {"\xf0\x9f\xa4\xbc\xf0\x9f\x8f\xbf", "people wrestling: dark skin tone", true},
    {"\xf0\x9f\xa4\xbc\xe2\x80\x8d\xe2\x99\x82\xef\xb8\x8f", "men wrestling", false},
    {"\xf0\x9f\xa4\xbc\xf0\x9f\x8f\xbb\xe2\x80\x8d\xe2\x99\x82\xef\xb8\x8f", "men wrestling: light skin tone", true},
    {"\xf0\x9f\xa4\xbc\xf0\x9f\x8f\xbc\xe2\x80\x8d\xe2\x99\x82\xef\xb8\x8f", "men wrestling: medium-light skin tone", true},
    {"\xf0\x9f\xa4\xbc\xf0\x9f\x8f\xbd\xe2\x80\x8d\xe2\x99\x82\xef\xb8\x8f", "men wrestling: medium skin tone", true},
    {"\xf0\x9f\xa4\xbc\xf0\x9f\x8f\xbe\xe2\x80\x8d\xe2\x99\x82\xef\xb8\x8f", "men wrestling: medium-dark skin tone", true},
    {"\xf0\x9f\xa4\xbc\xf0\x9f\x8f\xbf\xe2\x80\x8d\xe2\x99\x82\xef\xb8\x8f", "men wrestling: dark skin tone", true},
    {"\xf0\x9f\xa4\xbc\xe2\x80\x8d\xe2\x99\x80\xef\xb8\x8f", "women wrestling", false},
    {"\xf0\x9f\xa4\xbc\xf0\x9f\x8f\xbb\xe2\x80\x8d\xe2\x99\x80\xef\xb8\x8f", "women wrestling: light skin tone", true},
    {"\xf0\x9f\xa4\xbc\xf0\x9f\x8f\xbc\xe2\x80\x8d\xe2\x99\x80\xef\xb8\x8f", "women wrestling: medium-light skin tone", true},
    {"\xf0\x9f\xa4\xbc\xf0\x9f\x8f\xbd\xe2\x80\x8d\xe2\x99\x80\xef\xb8\x8f", "women wrestling: medium skin tone", true},
    {"\xf0\x9f\xa4\xbc\xf0\x9f\x8f\xbe\xe2\x80\x8d\xe2\x99\x80\xef\xb8\x8f", "women wrestling: medium-dark skin tone", true},
    {"\xf0\x9f\xa4\xbc\xf0\x9f\x8f\xbf\xe2\x80\x8d\xe2\x99\x80\xef\xb8\x8f", "women wrestling: dark skin tone", true},
    {"\xf0\x9f\xa7\x91\xf0\x9f\x8f\xbb\xe2\x80\x8d\xf0\x9f\xab\xaf\xe2\x80\x8d\xf0\x9f\xa7\x91\xf0\x9f\x8f\xbc", "people wrestling: light skin tone, medium-light skin tone", true},
    {"\xf0\x9f\xa7\x91\xf0\x9f\x8f\xbb\xe2\x80\x8d\xf0\x9f\xab\xaf\xe2\x80\x8d\xf0\x9f\xa7\x91\xf0\x9f\x8f\xbd", "people wrestling: light skin tone, medium skin tone", true},
    {"\xf0\x9f\xa7\x91\xf0\x9f\x8f\xbb\xe2\x80\x8d\xf0\x9f\xab\xaf\xe2\x80\x8d\xf0\x9f\xa7\x91\xf0\x9f\x8f\xbe", "people wrestling: light skin tone, medium-dark skin tone", true},
    {"\xf0\x9f\xa7\x91\xf0\x9f\x8f\xbb\xe2\x80\x8d\xf0\x9f\xab\xaf\xe2\x80\x8d\xf0\x9f\xa7\x91\xf0\x9f\x8f\xbf", "people wrestling: light skin tone, dark skin tone", true},
    {"\xf0\x9f\xa7\x91\xf0\x9f\x8f\xbc\xe2\x80\x8d\xf0\x9f\xab\xaf\xe2\x80\x8d\xf0\x9f\xa7\x91\xf0\x9f\x8f\xbb", "people wrestling: medium-light skin tone, light skin tone", true},
    {"\xf0\x9f\xa7\x91\xf0\x9f\x8f\xbc\xe2\x80\x8d\xf0\x9f\xab\xaf\xe2\x80\x8d\xf0\x9f\xa7\x91\xf0\x9f\x8f\xbd", "people wrestling: medium-light skin tone, medium skin tone", true},
    {"\xf0\x9f\xa7\x91\xf0\x9f\x8f\xbc\xe2\x80\x8d\xf0\x9f\xab\xaf\xe2\x80\x8d\xf0\x9f\xa7\x91\xf0\x9f\x8f\xbe", "people wrestling: medium-light skin tone, medium-dark skin tone", true},
    {"\xf0\x9f\xa7\x91\xf0\x9f\x8f\xbc\xe2\x80\x8d\xf0\x9f\xab\xaf\xe2\x80\x8d\xf0\x9f\xa7\x91\xf0\x9f\x8f\xbf", "people wrestling: medium-light skin tone, dark skin tone", true},
    {"\xf0\x9f\xa7\x91\xf0\x9f\x8f\xbd\xe2\x80\x8d\xf0\x9f\xab\xaf\xe2\x80\x8d\xf0\x9f\xa7\x91\xf0\x9f\x8f\xbb", "people wrestling: medium skin tone, light skin tone", true},
    {"\xf0\x9f\xa7\x91\xf0\x9f\x8f\xbd\xe2\x80\x8d\xf0\x9f\xab\xaf\xe2\x80\x8d\xf0\x9f\xa7\x91\xf0\x9f\x8f\xbc", "people wrestling: medium skin tone, medium-light skin tone", true},
    {"\xf0\x9f\xa7\x91\xf0\x9f\x8f\xbd\xe2\x80\x8d\xf0\x9f\xab\xaf\xe2\x80\x8d\xf0\x9f\xa7\x91\xf0\x9f\x8f\xbe", "people wrestling: medium skin tone, medium-dark skin tone", true},
    {"\xf0\x9f\xa7\x91\xf0\x9f\x8f\xbd\xe2\x80\x8d\xf0\x9f\xab\xaf\xe2\x80\x8d\xf0\x9f\xa7\x91\xf0\x9f\x8f\xbf", "people wrestling: medium skin tone, dark skin tone", true},
    {"\xf0\x9f\xa7\x91\xf0\x9f\x8f\xbe\xe2\x80\x8d\xf0\x9f\xab\xaf\xe2\x80\x8d\xf0\x9f\xa7\x91\xf0\x9f\x8f\xbb", "people wrestling: medium-dark skin tone, light skin tone", true},
    {"\xf0\x9f\xa7\x91\xf0\x9f\x8f\xbe\xe2\x80\x8d\xf0\x9f\xab\xaf\xe2\x80\x8d\xf0\x9f\xa7\x91\xf0\x9f\x8f\xbc", "people wrestling: medium-dark skin tone, medium-light skin tone", true},
    {"\xf0\x9f\xa7\x91\xf0\x9f\x8f\xbe\xe2\x80\x8d\xf0\x9f\xab\xaf\xe2\x80\x8d\xf0\x9f\xa7\x91\xf0\x9f\x8f\xbd", "people wrestling: medium-dark skin tone, medium skin tone", true},
    {"\xf0\x9f\xa7\x91\xf0\x9f\x8f\xbe\xe2\x80\x8d\xf0\x9f\xab\xaf\xe2\x80\x8d\xf0\x9f\xa7\x91\xf0\x9f\x8f\xbf", "people wrestling: medium-dark skin tone, dark skin tone", true},
    {"\xf0\x9f\xa7\x91\xf0\x9f\x8f\xbf\xe2\x80\x8d\xf0\x9f\xab\xaf\xe2\x80\x8d\xf0\x9f\xa7\x91\xf0\x9f\x8f\xbb", "people wrestling: dark skin tone, light skin tone", true},
    {"\xf0\x9f\xa7\x91\xf0\x9f\x8f\xbf\xe2\x80\x8d\xf0\x9f\xab\xaf\xe2\x80\x8d\xf0\x9f\xa7\x91\xf0\x9f\x8f\xbc", "people wrestling: dark skin tone, medium-light skin tone", true},
    {"\xf0\x9f\xa7\x91\xf0\x9f\x8f\xbf\xe2\x80\x8d\xf0\x9f\xab\xaf\xe2\x80\x8d\xf0\x9f\xa7\x91\xf0\x9f\x8f\xbd", "people wrestling: dark skin tone, medium skin tone", true},
    {"\xf0\x9f\xa7\x91\xf0\x9f\x8f\xbf\xe2\x80\x8d\xf0\x9f\xab\xaf\xe2\x80\x8d\xf0\x9f\xa7\x91\xf0\x9f\x8f\xbe", "people wrestling: dark skin tone, medium-dark skin tone", true},
    {"\xf0\x9f\x91\xa8\xf0\x9f\x8f\xbb\xe2\x80\x8d\xf0\x9f\xab\xaf\xe2\x80\x8d\xf0\x9f\x91\xa8\xf0\x9f\x8f\xbc", "men wrestling: light skin tone, medium-light skin tone", true},
    {"\xf0\x9f\x91\xa8\xf0\x9f\x8f\xbb\xe2\x80\x8d\xf0\x9f\xab\xaf\xe2\x80\x8d\xf0\x9f\x91\xa8\xf0\x9f\x8f\xbd", "men wrestling: light skin tone, medium skin tone", true},
    {"\xf0\x9f\x91\xa8\xf0\x9f\x8f\xbb\xe2\x80\x8d\xf0\x9f\xab\xaf\xe2\x80\x8d\xf0\x9f\x91\xa8\xf0\x9f\x8f\xbe", "men wrestling: light skin tone, medium-dark skin tone", true},
    {"\xf0\x9f\x91\xa8\xf0\x9f\x8f\xbb\xe2\x80\x8d\xf0\x9f\xab\xaf\xe2\x80\x8d\xf0\x9f\x91\xa8\xf0\x9f\x8f\xbf", "men wrestling: light skin tone, dark skin tone", true},
    {"\xf0\x9f\x91\xa8\xf0\x9f\x8f\xbc\xe2\x80\x8d\xf0\x9f\xab\xaf\xe2\x80\x8d\xf0\x9f\x91\xa8\xf0\x9f\x8f\xbb", "men wrestling: medium-light skin tone, light skin tone", true},
    {"\xf0\x9f\x91\xa8\xf0\x9f\x8f\xbc\xe2\x80\x8d\xf0\x9f\xab\xaf\xe2\x80\x8d\xf0\x9f\x91\xa8\xf0\x9f\x8f\xbd", "men wrestling: medium-light skin tone, medium skin tone", true},
    {"\xf0\x9f\x91\xa8\xf0\x9f\x8f\xbc\xe2\x80\x8d\xf0\x9f\xab\xaf\xe2\x80\x8d\xf0\x9f\x91\xa8\xf0\x9f\x8f\xbe", "men wrestling: medium-light skin tone, medium-dark skin tone", true},
    {"\xf0\x9f\x91\xa8\xf0\x9f\x8f\xbc\xe2\x80\x8d\xf0\x9f\xab\xaf\xe2\x80\x8d\xf0\x9f\x91\xa8\xf0\x9f\x8f\xbf", "men wrestling: medium-light skin tone, dark skin tone", true},
    {"\xf0\x9f\x91\xa8\xf0\x9f\x8f\xbd\xe2\x80\x8d\xf0\x9f\xab\xaf\xe2\x80\x8d\xf0\x9f\x91\xa8\xf0\x9f\x8f\xbb", "men wrestling: medium skin tone, light skin tone", true},
    {"\xf0\x9f\x91\xa8\xf0\x9f\x8f\xbd\xe2\x80\x8d\xf0\x9f\xab\xaf\xe2\x80\x8d\xf0\x9f\x91\xa8\xf0\x9f\x8f\xbc", "men wrestling: medium skin tone, medium-light skin tone", true},
    {"\xf0\x9f\x91\xa8\xf0\x9f\x8f\xbd\xe2\x80\x8d\xf0\x9f\xab\xaf\xe2\x80\x8d\xf0\x9f\x91\xa8\xf0\x9f\x8f\xbe", "men wrestling: medium skin tone, medium-dark skin tone", true},
    {"\xf0\x9f\x91\xa8\xf0\x9f\x8f\xbd\xe2\x80\x8d\xf0\x9f\xab\xaf\xe2\x80\x8d\xf0\x9f\x91\xa8\xf0\x9f\x8f\xbf", "men wrestling: medium skin tone, dark skin tone", true},
    {"\xf0\x9f\x91\xa8\xf0\x9f\x8f\xbe\xe2\x80\x8d\xf0\x9f\xab\xaf\xe2\x80\x8d\xf0\x9f\x91\xa8\xf0\x9f\x8f\xbb", "men wrestling: medium-dark skin tone, light skin tone", true},
    {"\xf0\x9f\x91\xa8\xf0\x9f\x8f\xbe\xe2\x80\x8d\xf0\x9f\xab\xaf\xe2\x80\x8d\xf0\x9f\x91\xa8\xf0\x9f\x8f\xbc", "men wrestling: medium-dark skin tone, medium-light skin tone", true},
    {"\xf0\x9f\x91\xa8\xf0\x9f\x8f\xbe\xe2\x80\x8d\xf0\x9f\xab\xaf\xe2\x80\x8d\xf0\x9f\x91\xa8\xf0\x9f\x8f\xbd", "men wrestling: medium-dark skin tone, medium skin tone", true},
    {"\xf0\x9f\x91\xa8\xf0\x9f\x8f\xbe\xe2\x80\x8d\xf0\x9f\xab\xaf\xe2\x80\x8d\xf0\x9f\x91\xa8\xf0\x9f\x8f\xbf", "men wrestling: medium-dark skin tone, dark skin tone", true},
    {"\xf0\x9f\x91\xa8\xf0\x9f\x8f\xbf\xe2\x80\x8d\xf0\x9f\xab\xaf\xe2\x80\x8d\xf0\x9f\x91\xa8\xf0\x9f\x8f\xbb", "men wrestling: dark skin tone, light skin tone", true},
    {"\xf0\x9f\x91\xa8\xf0\x9f\x8f\xbf\xe2\x80\x8d\xf0\x9f\xab\xaf\xe2\x80\x8d\xf0\x9f\x91\xa8\xf0\x9f\x8f\xbc", "men wrestling: dark skin tone, medium-light skin tone", true},
    {"\xf0\x9f\x91\xa8\xf0\x9f\x8f\xbf\xe2\x80\x8d\xf0\x9f\xab\xaf\xe2\x80\x8d\xf0\x9f\x91\xa8\xf0\x9f\x8f\xbd", "men wrestling: dark skin tone, medium skin tone", true},
    {"\xf0\x9f\x91\xa8\xf0\x9f\x8f\xbf\xe2\x80\x8d\xf0\x9f\xab\xaf\xe2\x80\x8d\xf0\x9f\x91\xa8\xf0\x9f\x8f\xbe", "men wrestling: dark skin tone, medium-dark skin tone", true},
    {"\xf0\x9f\x91\xa9\xf0\x9f\x8f\xbb\xe2\x80\x8d\xf0\x9f\xab\xaf\xe2\x80\x8d\xf0\x9f\x91\xa9\xf0\x9f\x8f\xbc", "women wrestling: light skin tone, medium-light skin tone", true},
    {"\xf0\x9f\x91\xa9\xf0\x9f\x8f\xbb\xe2\x80\x8d\xf0\x9f\xab\xaf\xe2\x80\x8d\xf0\x9f\x91\xa9\xf0\x9f\x8f\xbd", "women wrestling: light skin tone, medium skin tone", true},
    {"\xf0\x9f\x91\xa9\xf0\x9f\x8f\xbb\xe2\x80\x8d\xf0\x9f\xab\xaf\xe2\x80\x8d\xf0\x9f\x91\xa9\xf0\x9f\x8f\xbe", "women wrestling: light skin tone, medium-dark skin tone", true},
    {"\xf0\x9f\x91\xa9\xf0\x9f\x8f\xbb\xe2\x80\x8d\xf0\x9f\xab\xaf\xe2\x80\x8d\xf0\x9f\x91\xa9\xf0\x9f\x8f\xbf", "women wrestling: light skin tone, dark skin tone", true},
    {"\xf0\x9f\x91\xa9\xf0\x9f\x8f\xbc\xe2\x80\x8d\xf0\x9f\xab\xaf\xe2\x80\x8d\xf0\x9f\x91\xa9\xf0\x9f\x8f\xbb", "women wrestling: medium-light skin tone, light skin tone", true},
    {"\xf0\x9f\x91\xa9\xf0\x9f\x8f\xbc\xe2\x80\x8d\xf0\x9f\xab\xaf\xe2\x80\x8d\xf0\x9f\x91\xa9\xf0\x9f\x8f\xbd", "women wrestling: medium-light skin tone, medium skin tone", true},
    {"\xf0\x9f\x91\xa9\xf0\x9f\x8f\xbc\xe2\x80\x8d\xf0\x9f\xab\xaf\xe2\x80\x8d\xf0\x9f\x91\xa9\xf0\x9f\x8f\xbe", "women wrestling: medium-light skin tone, medium-dark skin tone", true},
    {"\xf0\x9f\x91\xa9\xf0\x9f\x8f\xbc\xe2\x80\x8d\xf0\x9f\xab\xaf\xe2\x80\x8d\xf0\x9f\x91\xa9\xf0\x9f\x8f\xbf", "women wrestling: medium-light skin tone, dark skin tone", true},
    {"\xf0\x9f\x91\xa9\xf0\x9f\x8f\xbd\xe2\x80\x8d\xf0\x9f\xab\xaf\xe2\x80\x8d\xf0\x9f\x91\xa9\xf0\x9f\x8f\xbb", "women wrestling: medium skin tone, light skin tone", true},
    {"\xf0\x9f\x91\xa9\xf0\x9f\x8f\xbd\xe2\x80\x8d\xf0\x9f\xab\xaf\xe2\x80\x8d\xf0\x9f\x91\xa9\xf0\x9f\x8f\xbc", "women wrestling: medium skin tone, medium-light skin tone", true},
    {"\xf0\x9f\x91\xa9\xf0\x9f\x8f\xbd\xe2\x80\x8d\xf0\x9f\xab\xaf\xe2\x80\x8d\xf0\x9f\x91\xa9\xf0\x9f\x8f\xbe", "women wrestling: medium skin tone, medium-dark skin tone", true},
    {"\xf0\x9f\x91\xa9\xf0\x9f\x8f\xbd\xe2\x80\x8d\xf0\x9f\xab\xaf\xe2\x80\x8d\xf0\x9f\x91\xa9\xf0\x9f\x8f\xbf", "women wrestling: medium skin tone, dark skin tone", true},
    {"\xf0\x9f\x91\xa9\xf0\x9f\x8f\xbe\xe2\x80\x8d\xf0\x9f\xab\xaf\xe2\x80\x8d\xf0\x9f\x91\xa9\xf0\x9f\x8f\xbb", "women wrestling: medium-dark skin tone, light skin tone", true},
    {"\xf0\x9f\x91\xa9\xf0\x9f\x8f\xbe\xe2\x80\x8d\xf0\x9f\xab\xaf\xe2\x80\x8d\xf0\x9f\x91\xa9\xf0\x9f\x8f\xbc", "women wrestling: medium-dark skin tone, medium-light skin tone", true},
    {"\xf0\x9f\x91\xa9\xf0\x9f\x8f\xbe\xe2\x80\x8d\xf0\x9f\xab\xaf\xe2\x80\x8d\xf0\x9f\x91\xa9\xf0\x9f\x8f\xbd", "women wrestling: medium-dark skin tone, medium skin tone", true},
    {"\xf0\x9f\x91\xa9\xf0\x9f\x8f\xbe\xe2\x80\x8d\xf0\x9f\xab\xaf\xe2\x80\x8d\xf0\x9f\x91\xa9\xf0\x9f\x8f\xbf", "women wrestling: medium-dark skin tone, dark skin tone", true},
    {"\xf0\x9f\x91\xa9\xf0\x9f\x8f\xbf\xe2\x80\x8d\xf0\x9f\xab\xaf\xe2\x80\x8d\xf0\x9f\x91\xa9\xf0\x9f\x8f\xbb", "women wrestling: dark skin tone, light skin tone", true},
    {"\xf0\x9f\x91\xa9\xf0\x9f\x8f\xbf\xe2\x80\x8d\xf0\x9f\xab\xaf\xe2\x80\x8d\xf0\x9f\x91\xa9\xf0\x9f\x8f\xbc", "women wrestling: dark skin tone, medium-light skin tone", true},
    {"\xf0\x9f\x91\xa9\xf0\x9f\x8f\xbf\xe2\x80\x8d\xf0\x9f\xab\xaf\xe2\x80\x8d\xf0\x9f\x91\xa9\xf0\x9f\x8f\xbd", "women wrestling: dark skin tone, medium skin tone", true},
    {"\xf0\x9f\x91\xa9\xf0\x9f\x8f\xbf\xe2\x80\x8d\xf0\x9f\xab\xaf\xe2\x80\x8d\xf0\x9f\x91\xa9\xf0\x9f\x8f\xbe", "women wrestling: dark skin tone, medium-dark skin tone", true},
    {"\xf0\x9f\xa4\xbd", "person playing water polo", false},
    {"\xf0\x9f\xa4\xbd\xf0\x9f\x8f\xbb", "person playing water polo: light skin tone", true},
    {"\xf0\x9f\xa4\xbd\xf0\x9f\x8f\xbc", "person playing water polo: medium-light skin tone", true},
    {"\xf0\x9f\xa4\xbd\xf0\x9f\x8f\xbd", "person playing water polo: medium skin tone", true},
    {"\xf0\x9f\xa4\xbd\xf0\x9f\x8f\xbe", "person playing water polo: medium-dark skin tone", true},
    {"\xf0\x9f\xa4\xbd\xf0\x9f\x8f\xbf", "person playing water polo: dark skin tone", true},
    {"\xf0\x9f\xa4\xbd\xe2\x80\x8d\xe2\x99\x82\xef\xb8\x8f", "man playing water polo", false},
    {"\xf0\x9f\xa4\xbd\xf0\x9f\x8f\xbb\xe2\x80\x8d\xe2\x99\x82\xef\xb8\x8f", "man playing water polo: light skin tone", true},
    {"\xf0\x9f\xa4\xbd\xf0\x9f\x8f\xbc\xe2\x80\x8d\xe2\x99\x82\xef\xb8\x8f", "man playing water polo: medium-light skin tone", true},
    {"\xf0\x9f\xa4\xbd\xf0\x9f\x8f\xbd\xe2\x80\x8d\xe2\x99\x82\xef\xb8\x8f", "man playing water polo: medium skin tone", true},
    {"\xf0\x9f\xa4\xbd\xf0\x9f\x8f\xbe\xe2\x80\x8d\xe2\x99\x82\xef\xb8\x8f", "man playing water polo: medium-dark skin tone", true},
    {"\xf0\x9f\xa4\xbd\xf0\x9f\x8f\xbf\xe2\x80\x8d\xe2\x99\x82\xef\xb8\x8f", "man playing water polo: dark skin tone", true},
    {"\xf0\x9f\xa4\xbd\xe2\x80\x8d\xe2\x99\x80\xef\xb8\x8f", "woman playing water polo", false},
    {"\xf0\x9f\xa4\xbd\xf0\x9f\x8f\xbb\xe2\x80\x8d\xe2\x99\x80\xef\xb8\x8f", "woman playing water polo: light skin tone", true},
    {"\xf0\x9f\xa4\xbd\xf0\x9f\x8f\xbc\xe2\x80\x8d\xe2\x99\x80\xef\xb8\x8f", "woman playing water polo: medium-light skin tone", true},
    {"\xf0\x9f\xa4\xbd\xf0\x9f\x8f\xbd\xe2\x80\x8d\xe2\x99\x80\xef\xb8\x8f", "woman playing water polo: medium skin tone", true},
    {"\xf0\x9f\xa4\xbd\xf0\x9f\x8f\xbe\xe2\x80\x8d\xe2\x99\x80\xef\xb8\x8f", "woman playing water polo: medium-dark skin tone", true},
    {"\xf0\x9f\xa4\xbd\xf0\x9f\x8f\xbf\xe2\x80\x8d\xe2\x99\x80\xef\xb8\x8f", "woman playing water polo: dark skin tone", true},
    {"\xf0\x9f\xa4\xbe", "person playing handball", false},
    {"\xf0\x9f\xa4\xbe\xf0\x9f\x8f\xbb", "person playing handball: light skin tone", true},
    {"\xf0\x9f\xa4\xbe\xf0\x9f\x8f\xbc", "person playing handball: medium-light skin tone", true},
    {"\xf0\x9f\xa4\xbe\xf0\x9f\x8f\xbd", "person playing handball: medium skin tone", true},
    {"\xf0\x9f\xa4\xbe\xf0\x9f\x8f\xbe", "person playing handball: medium-dark skin tone", true},
    {"\xf0\x9f\xa4\xbe\xf0\x9f\x8f\xbf", "person playing handball: dark skin tone", true},
    {"\xf0\x9f\xa4\xbe\xe2\x80\x8d\xe2\x99\x82\xef\xb8\x8f", "man playing handball", false},
    {"\xf0\x9f\xa4\xbe\xf0\x9f\x8f\xbb\xe2\x80\x8d\xe2\x99\x82\xef\xb8\x8f", "man playing handball: light skin tone", true},
    {"\xf0\x9f\xa4\xbe\xf0\x9f\x8f\xbc\xe2\x80\x8d\xe2\x99\x82\xef\xb8\x8f", "man playing handball: medium-light skin tone", true},
    {"\xf0\x9f\xa4\xbe\xf0\x9f\x8f\xbd\xe2\x80\x8d\xe2\x99\x82\xef\xb8\x8f", "man playing handball: medium skin tone", true},
    {"\xf0\x9f\xa4\xbe\xf0\x9f\x8f\xbe\xe2\x80\x8d\xe2\x99\x82\xef\xb8\x8f", "man playing handball: medium-dark skin tone", true},
    {"\xf0\x9f\xa4\xbe\xf0\x9f\x8f\xbf\xe2\x80\x8d\xe2\x99\x82\xef\xb8\x8f", "man playing handball: dark skin tone", true},
    {"\xf0\x9f\xa4\xbe\xe2\x80\x8d\xe2\x99\x80\xef\xb8\x8f", "woman playing handball", false},
    {"\xf0\x9f\xa4\xbe\xf0\x9f\x8f\xbb\xe2\x80\x8d\xe2\x99\x80\xef\xb8\x8f", "woman playing handball: light skin tone", true},
    {"\xf0\x9f\xa4\xbe\xf0\x9f\x8f\xbc\xe2\x80\x8d\xe2\x99\x80\xef\xb8\x8f", "woman playing handball: medium-light skin tone", true},
    {"\xf0\x9f\xa4\xbe\xf0\x9f\x8f\xbd\xe2\x80\x8d\xe2\x99\x80\xef\xb8\x8f", "woman playing handball: medium skin tone", true},
    {"\xf0\x9f\xa4\xbe\xf0\x9f\x8f\xbe\xe2\x80\x8d\xe2\x99\x80\xef\xb8\x8f", "woman playing handball: medium-dark skin tone", true},
    {"\xf0\x9f\xa4\xbe\xf0\x9f\x8f\xbf\xe2\x80\x8d\xe2\x99\x80\xef\xb8\x8f", "woman playing handball: dark skin tone", true},
    {"\xf0\x9f\xa4\xb9", "person juggling", false},
    {"\xf0\x9f\xa4\xb9\xf0\x9f\x8f\xbb", "person juggling: light skin tone", true},
    {"\xf0\x9f\xa4\xb9\xf0\x9f\x8f\xbc", "person juggling: medium-light skin tone", true},
    {"\xf0\x9f\xa4\xb9\xf0\x9f\x8f\xbd", "person juggling: medium skin tone", true},
    {"\xf0\x9f\xa4\xb9\xf0\x9f\x8f\xbe", "person juggling: medium-dark skin tone", true},
    {"\xf0\x9f\xa4\xb9\xf0\x9f\x8f\xbf", "person juggling: dark skin tone", true},
    {"\xf0\x9f\xa4\xb9\xe2\x80\x8d\xe2\x99\x82\xef\xb8\x8f", "man juggling", false},
    {"\xf0\x9f\xa4\xb9\xf0\x9f\x8f\xbb\xe2\x80\x8d\xe2\x99\x82\xef\xb8\x8f", "man juggling: light skin tone", true},
    {"\xf0\x9f\xa4\xb9\xf0\x9f\x8f\xbc\xe2\x80\x8d\xe2\x99\x82\xef\xb8\x8f", "man juggling: medium-light skin tone", true},
    {"\xf0\x9f\xa4\xb9\xf0\x9f\x8f\xbd\xe2\x80\x8d\xe2\x99\x82\xef\xb8\x8f", "man juggling: medium skin tone", true},
    {"\xf0\x9f\xa4\xb9\xf0\x9f\x8f\xbe\xe2\x80\x8d\xe2\x99\x82\xef\xb8\x8f", "man juggling: medium-dark skin tone", true},
    {"\xf0\x9f\xa4\xb9\xf0\x9f\x8f\xbf\xe2\x80\x8d\xe2\x99\x82\xef\xb8\x8f", "man juggling: dark skin tone", true},
    {"\xf0\x9f\xa4\xb9\xe2\x80\x8d\xe2\x99\x80\xef\xb8\x8f", "woman juggling", false},
    {"\xf0\x9f\xa4\xb9\xf0\x9f\x8f\xbb\xe2\x80\x8d\xe2\x99\x80\xef\xb8\x8f", "woman juggling: light skin tone", true},
    {"\xf0\x9f\xa4\xb9\xf0\x9f\x8f\xbc\xe2\x80\x8d\xe2\x99\x80\xef\xb8\x8f", "woman juggling: medium-light skin tone", true},
    {"\xf0\x9f\xa4\xb9\xf0\x9f\x8f\xbd\xe2\x80\x8d\xe2\x99\x80\xef\xb8\x8f", "woman juggling: medium skin tone", true},
    {"\xf0\x9f\xa4\xb9\xf0\x9f\x8f\xbe\xe2\x80\x8d\xe2\x99\x80\xef\xb8\x8f", "woman juggling: medium-dark skin tone", true},
    {"\xf0\x9f\xa4\xb9\xf0\x9f\x8f\xbf\xe2\x80\x8d\xe2\x99\x80\xef\xb8\x8f", "woman juggling: dark skin tone", true},
    {"\xf0\x9f\xa7\x98", "person in lotus position", false},
    {"\xf0\x9f\xa7\x98\xf0\x9f\x8f\xbb", "person in lotus position: light skin tone", true},
    {"\xf0\x9f\xa7\x98\xf0\x9f\x8f\xbc", "person in lotus position: medium-light skin tone", true},
    {"\xf0\x9f\xa7\x98\xf0\x9f\x8f\xbd", "person in lotus position: medium skin tone", true},
    {"\xf0\x9f\xa7\x98\xf0\x9f\x8f\xbe", "person in lotus position: medium-dark skin tone", true},
    {"\xf0\x9f\xa7\x98\xf0\x9f\x8f\xbf", "person in lotus position: dark skin tone", true},
    {"\xf0\x9f\xa7\x98\xe2\x80\x8d\xe2\x99\x82\xef\xb8\x8f", "man in lotus position", false},
    {"\xf0\x9f\xa7\x98\xf0\x9f\x8f\xbb\xe2\x80\x8d\xe2\x99\x82\xef\xb8\x8f", "man in lotus position: light skin tone", true},
    {"\xf0\x9f\xa7\x98\xf0\x9f\x8f\xbc\xe2\x80\x8d\xe2\x99\x82\xef\xb8\x8f", "man in lotus position: medium-light skin tone", true},
    {"\xf0\x9f\xa7\x98\xf0\x9f\x8f\xbd\xe2\x80\x8d\xe2\x99\x82\xef\xb8\x8f", "man in lotus position: medium skin tone", true},
    {"\xf0\x9f\xa7\x98\xf0\x9f\x8f\xbe\xe2\x80\x8d\xe2\x99\x82\xef\xb8\x8f", "man in lotus position: medium-dark skin tone", true},
    {"\xf0\x9f\xa7\x98\xf0\x9f\x8f\xbf\xe2\x80\x8d\xe2\x99\x82\xef\xb8\x8f", "man in lotus position: dark skin tone", true},
    {"\xf0\x9f\xa7\x98\xe2\x80\x8d\xe2\x99\x80\xef\xb8\x8f", "woman in lotus position", false},
    {"\xf0\x9f\xa7\x98\xf0\x9f\x8f\xbb\xe2\x80\x8d\xe2\x99\x80\xef\xb8\x8f", "woman in lotus position: light skin tone", true},
    {"\xf0\x9f\xa7\x98\xf0\x9f\x8f\xbc\xe2\x80\x8d\xe2\x99\x80\xef\xb8\x8f", "woman in lotus position: medium-light skin tone", true},
    {"\xf0\x9f\xa7\x98\xf0\x9f\x8f\xbd\xe2\x80\x8d\xe2\x99\x80\xef\xb8\x8f", "woman in lotus position: medium skin tone", true},
    {"\xf0\x9f\xa7\x98\xf0\x9f\x8f\xbe\xe2\x80\x8d\xe2\x99\x80\xef\xb8\x8f", "woman in lotus position: medium-dark skin tone", true},
    {"\xf0\x9f\xa7\x98\xf0\x9f\x8f\xbf\xe2\x80\x8d\xe2\x99\x80\xef\xb8\x8f", "woman in lotus position: dark skin tone", true},
    {"\xf0\x9f\x9b\x80", "person taking bath", false},
    {"\xf0\x9f\x9b\x80\xf0\x9f\x8f\xbb", "person taking bath: light skin tone", true},
    {"\xf0\x9f\x9b\x80\xf0\x9f\x8f\xbc", "person taking bath: medium-light skin tone", true},
    {"\xf0\x9f\x9b\x80\xf0\x9f\x8f\xbd", "person taking bath: medium skin tone", true},
    {"\xf0\x9f\x9b\x80\xf0\x9f\x8f\xbe", "person taking bath: medium-dark skin tone", true},
    {"\xf0\x9f\x9b\x80\xf0\x9f\x8f\xbf", "person taking bath: dark skin tone", true},
    {"\xf0\x9f\x9b\x8c", "person in bed", false},
    {"\xf0\x9f\x9b\x8c\xf0\x9f\x8f\xbb", "person in bed: light skin tone", true},
    {"\xf0\x9f\x9b\x8c\xf0\x9f\x8f\xbc", "person in bed: medium-light skin tone", true},
    {"\xf0\x9f\x9b\x8c\xf0\x9f\x8f\xbd", "person in bed: medium skin tone", true},
    {"\xf0\x9f\x9b\x8c\xf0\x9f\x8f\xbe", "person in bed: medium-dark skin tone", true},
    {"\xf0\x9f\x9b\x8c\xf0\x9f\x8f\xbf", "person in bed: dark skin tone", true},
    {"\xf0\x9f\xa7\x91\xe2\x80\x8d\xf0\x9f\xa4\x9d\xe2\x80\x8d\xf0\x9f\xa7\x91", "people holding hands", false},
    {"\xf0\x9f\xa7\x91\xf0\x9f\x8f\xbb\xe2\x80\x8d\xf0\x9f\xa4\x9d\xe2\x80\x8d\xf0\x9f\xa7\x91\xf0\x9f\x8f\xbb", "people holding hands: light skin tone", true},
    {"\xf0\x9f\xa7\x91\xf0\x9f\x8f\xbb\xe2\x80\x8d\xf0\x9f\xa4\x9d\xe2\x80\x8d\xf0\x9f\xa7\x91\xf0\x9f\x8f\xbc", "people holding hands: light skin tone, medium-light skin tone", true},
    {"\xf0\x9f\xa7\x91\xf0\x9f\x8f\xbb\xe2\x80\x8d\xf0\x9f\xa4\x9d\xe2\x80\x8d\xf0\x9f\xa7\x91\xf0\x9f\x8f\xbd", "people holding hands: light skin tone, medium skin tone", true},
    {"\xf0\x9f\xa7\x91\xf0\x9f\x8f\xbb\xe2\x80\x8d\xf0\x9f\xa4\x9d\xe2\x80\x8d\xf0\x9f\xa7\x91\xf0\x9f\x8f\xbe", "people holding hands: light skin tone, medium-dark skin tone", true},
    {"\xf0\x9f\xa7\x91\xf0\x9f\x8f\xbb\xe2\x80\x8d\xf0\x9f\xa4\x9d\xe2\x80\x8d\xf0\x9f\xa7\x91\xf0\x9f\x8f\xbf", "people holding hands: light skin tone, dark skin tone", true},
    {"\xf0\x9f\xa7\x91\xf0\x9f\x8f\xbc\xe2\x80\x8d\xf0\x9f\xa4\x9d\xe2\x80\x8d\xf0\x9f\xa7\x91\xf0\x9f\x8f\xbb", "people holding hands: medium-light skin tone, light skin tone", true},
    {"\xf0\x9f\xa7\x91\xf0\x9f\x8f\xbc\xe2\x80\x8d\xf0\x9f\xa4\x9d\xe2\x80\x8d\xf0\x9f\xa7\x91\xf0\x9f\x8f\xbc", "people holding hands: medium-light skin tone", true},
    {"\xf0\x9f\xa7\x91\xf0\x9f\x8f\xbc\xe2\x80\x8d\xf0\x9f\xa4\x9d\xe2\x80\x8d\xf0\x9f\xa7\x91\xf0\x9f\x8f\xbd", "people holding hands: medium-light skin tone, medium skin tone", true},
    {"\xf0\x9f\xa7\x91\xf0\x9f\x8f\xbc\xe2\x80\x8d\xf0\x9f\xa4\x9d\xe2\x80\x8d\xf0\x9f\xa7\x91\xf0\x9f\x8f\xbe", "people holding hands: medium-light skin tone, medium-dark skin tone", true},
    {"\xf0\x9f\xa7\x91\xf0\x9f\x8f\xbc\xe2\x80\x8d\xf0\x9f\xa4\x9d\xe2\x80\x8d\xf0\x9f\xa7\x91\xf0\x9f\x8f\xbf", "people holding hands: medium-light skin tone, dark skin tone", true},
    {"\xf0\x9f\xa7\x91\xf0\x9f\x8f\xbd\xe2\x80\x8d\xf0\x9f\xa4\x9d\xe2\x80\x8d\xf0\x9f\xa7\x91\xf0\x9f\x8f\xbb", "people holding hands: medium skin tone, light skin tone", true},
    {"\xf0\x9f\xa7\x91\xf0\x9f\x8f\xbd\xe2\x80\x8d\xf0\x9f\xa4\x9d\xe2\x80\x8d\xf0\x9f\xa7\x91\xf0\x9f\x8f\xbc", "people holding hands: medium skin tone, medium-light skin tone", true},
    {"\xf0\x9f\xa7\x91\xf0\x9f\x8f\xbd\xe2\x80\x8d\xf0\x9f\xa4\x9d\xe2\x80\x8d\xf0\x9f\xa7\x91\xf0\x9f\x8f\xbd", "people holding hands: medium skin tone", true},
    {"\xf0\x9f\xa7\x91\xf0\x9f\x8f\xbd\xe2\x80\x8d\xf0\x9f\xa4\x9d\xe2\x80\x8d\xf0\x9f\xa7\x91\xf0\x9f\x8f\xbe", "people holding hands: medium skin tone, medium-dark skin tone", true},
    {"\xf0\x9f\xa7\x91\xf0\x9f\x8f\xbd\xe2\x80\x8d\xf0\x9f\xa4\x9d\xe2\x80\x8d\xf0\x9f\xa7\x91\xf0\x9f\x8f\xbf", "people holding hands: medium skin tone, dark skin tone", true},
    {"\xf0\x9f\xa7\x91\xf0\x9f\x8f\xbe\xe2\x80\x8d\xf0\x9f\xa4\x9d\xe2\x80\x8d\xf0\x9f\xa7\x91\xf0\x9f\x8f\xbb", "people holding hands: medium-dark skin tone, light skin tone", true},
    {"\xf0\x9f\xa7\x91\xf0\x9f\x8f\xbe\xe2\x80\x8d\xf0\x9f\xa4\x9d\xe2\x80\x8d\xf0\x9f\xa7\x91\xf0\x9f\x8f\xbc", "people holding hands: medium-dark skin tone, medium-light skin tone", true},
    {"\xf0\x9f\xa7\x91\xf0\x9f\x8f\xbe\xe2\x80\x8d\xf0\x9f\xa4\x9d\xe2\x80\x8d\xf0\x9f\xa7\x91\xf0\x9f\x8f\xbd", "people holding hands: medium-dark skin tone, medium skin tone", true},
    {"\xf0\x9f\xa7\x91\xf0\x9f\x8f\xbe\xe2\x80\x8d\xf0\x9f\xa4\x9d\xe2\x80\x8d\xf0\x9f\xa7\x91\xf0\x9f\x8f\xbe", "people holding hands: medium-dark skin tone", true},
    {"\xf0\x9f\xa7\x91\xf0\x9f\x8f\xbe\xe2\x80\x8d\xf0\x9f\xa4\x9d\xe2\x80\x8d\xf0\x9f\xa7\x91\xf0\x9f\x8f\xbf", "people holding hands: medium-dark skin tone, dark skin tone", true},
    {"\xf0\x9f\xa7\x91\xf0\x9f\x8f\xbf\xe2\x80\x8d\xf0\x9f\xa4\x9d\xe2\x80\x8d\xf0\x9f\xa7\x91\xf0\x9f\x8f\xbb", "people holding hands: dark skin tone, light skin tone", true},
    {"\xf0\x9f\xa7\x91\xf0\x9f\x8f\xbf\xe2\x80\x8d\xf0\x9f\xa4\x9d\xe2\x80\x8d\xf0\x9f\xa7\x91\xf0\x9f\x8f\xbc", "people holding hands: dark skin tone, medium-light skin tone", true},
    {"\xf0\x9f\xa7\x91\xf0\x9f\x8f\xbf\xe2\x80\x8d\xf0\x9f\xa4\x9d\xe2\x80\x8d\xf0\x9f\xa7\x91\xf0\x9f\x8f\xbd", "people holding hands: dark skin tone, medium skin tone", true},
    {"\xf0\x9f\xa7\x91\xf0\x9f\x8f\xbf\xe2\x80\x8d\xf0\x9f\xa4\x9d\xe2\x80\x8d\xf0\x9f\xa7\x91\xf0\x9f\x8f\xbe", "people holding hands: dark skin tone, medium-dark skin tone", true},
    {"\xf0\x9f\xa7\x91\xf0\x9f\x8f\xbf\xe2\x80\x8d\xf0\x9f\xa4\x9d\xe2\x80\x8d\xf0\x9f\xa7\x91\xf0\x9f\x8f\xbf", "people holding hands: dark skin tone", true},
    {"\xf0\x9f\x91\xad", "women holding hands", false},
    {"\xf0\x9f\x91\xad\xf0\x9f\x8f\xbb", "women holding hands: light skin tone", true},
    {"\xf0\x9f\x91\xa9\xf0\x9f\x8f\xbb\xe2\x80\x8d\xf0\x9f\xa4\x9d\xe2\x80\x8d\xf0\x9f\x91\xa9\xf0\x9f\x8f\xbc", "women holding hands: light skin tone, medium-light skin tone", true},
    {"\xf0\x9f\x91\xa9\xf0\x9f\x8f\xbb\xe2\x80\x8d\xf0\x9f\xa4\x9d\xe2\x80\x8d\xf0\x9f\x91\xa9\xf0\x9f\x8f\xbd", "women holding hands: light skin tone, medium skin tone", true},
    {"\xf0\x9f\x91\xa9\xf0\x9f\x8f\xbb\xe2\x80\x8d\xf0\x9f\xa4\x9d\xe2\x80\x8d\xf0\x9f\x91\xa9\xf0\x9f\x8f\xbe", "women holding hands: light skin tone, medium-dark skin tone", true},
    {"\xf0\x9f\x91\xa9\xf0\x9f\x8f\xbb\xe2\x80\x8d\xf0\x9f\xa4\x9d\xe2\x80\x8d\xf0\x9f\x91\xa9\xf0\x9f\x8f\xbf", "women holding hands: light skin tone, dark skin tone", true},
    {"\xf0\x9f\x91\xa9\xf0\x9f\x8f\xbc\xe2\x80\x8d\xf0\x9f\xa4\x9d\xe2\x80\x8d\xf0\x9f\x91\xa9\xf0\x9f\x8f\xbb", "women holding hands: medium-light skin tone, light skin tone", true},
    {"\xf0\x9f\x91\xad\xf0\x9f\x8f\xbc", "women holding hands: medium-light skin tone", true},
    {"\xf0\x9f\x91\xa9\xf0\x9f\x8f\xbc\xe2\x80\x8d\xf0\x9f\xa4\x9d\xe2\x80\x8d\xf0\x9f\x91\xa9\xf0\x9f\x8f\xbd", "women holding hands: medium-light skin tone, medium skin tone", true},
    {"\xf0\x9f\x91\xa9\xf0\x9f\x8f\xbc\xe2\x80\x8d\xf0\x9f\xa4\x9d\xe2\x80\x8d\xf0\x9f\x91\xa9\xf0\x9f\x8f\xbe", "women holding hands: medium-light skin tone, medium-dark skin tone", true},
    {"\xf0\x9f\x91\xa9\xf0\x9f\x8f\xbc\xe2\x80\x8d\xf0\x9f\xa4\x9d\xe2\x80\x8d\xf0\x9f\x91\xa9\xf0\x9f\x8f\xbf", "women holding hands: medium-light skin tone, dark skin tone", true},
    {"\xf0\x9f\x91\xa9\xf0\x9f\x8f\xbd\xe2\x80\x8d\xf0\x9f\xa4\x9d\xe2\x80\x8d\xf0\x9f\x91\xa9\xf0\x9f\x8f\xbb", "women holding hands: medium skin tone, light skin tone", true},
    {"\xf0\x9f\x91\xa9\xf0\x9f\x8f\xbd\xe2\x80\x8d\xf0\x9f\xa4\x9d\xe2\x80\x8d\xf0\x9f\x91\xa9\xf0\x9f\x8f\xbc", "women holding hands: medium skin tone, medium-light skin tone", true},
    {"\xf0\x9f\x91\xad\xf0\x9f\x8f\xbd", "women holding hands: medium skin tone", true},
    {"\xf0\x9f\x91\xa9\xf0\x9f\x8f\xbd\xe2\x80\x8d\xf0\x9f\xa4\x9d\xe2\x80\x8d\xf0\x9f\x91\xa9\xf0\x9f\x8f\xbe", "women holding hands: medium skin tone, medium-dark skin tone", true},
    {"\xf0\x9f\x91\xa9\xf0\x9f\x8f\xbd\xe2\x80\x8d\xf0\x9f\xa4\x9d\xe2\x80\x8d\xf0\x9f\x91\xa9\xf0\x9f\x8f\xbf", "women holding hands: medium skin tone, dark skin tone", true},
    {"\xf0\x9f\x91\xa9\xf0\x9f\x8f\xbe\xe2\x80\x8d\xf0\x9f\xa4\x9d\xe2\x80\x8d\xf0\x9f\x91\xa9\xf0\x9f\x8f\xbb", "women holding hands: medium-dark skin tone, light skin tone", true},
    {"\xf0\x9f\x91\xa9\xf0\x9f\x8f\xbe\xe2\x80\x8d\xf0\x9f\xa4\x9d\xe2\x80\x8d\xf0\x9f\x91\xa9\xf0\x9f\x8f\xbc", "women holding hands: medium-dark skin tone, medium-light skin tone", true},
    {"\xf0\x9f\x91\xa9\xf0\x9f\x8f\xbe\xe2\x80\x8d\xf0\x9f\xa4\x9d\xe2\x80\x8d\xf0\x9f\x91\xa9\xf0\x9f\x8f\xbd", "women holding hands: medium-dark skin tone, medium skin tone", true},
    {"\xf0\x9f\x91\xad\xf0\x9f\x8f\xbe", "women holding hands: medium-dark skin tone", true},
    {"\xf0\x9f\x91\xa9\xf0\x9f\x8f\xbe\xe2\x80\x8d\xf0\x9f\xa4\x9d\xe2\x80\x8d\xf0\x9f\x91\xa9\xf0\x9f\x8f\xbf", "women holding hands: medium-dark skin tone, dark skin tone", true},
    {"\xf0\x9f\x91\xa9\xf0\x9f\x8f\xbf\xe2\x80\x8d\xf0\x9f\xa4\x9d\xe2\x80\x8d\xf0\x9f\x91\xa9\xf0\x9f\x8f\xbb", "women holding hands: dark skin tone, light skin tone", true},
    {"\xf0\x9f\x91\xa9\xf0\x9f\x8f\xbf\xe2\x80\x8d\xf0\x9f\xa4\x9d\xe2\x80\x8d\xf0\x9f\x91\xa9\xf0\x9f\x8f\xbc", "women holding hands: dark skin tone, medium-light skin tone", true},
    {"\xf0\x9f\x91\xa9\xf0\x9f\x8f\xbf\xe2\x80\x8d\xf0\x9f\xa4\x9d\xe2\x80\x8d\xf0\x9f\x91\xa9\xf0\x9f\x8f\xbd", "women holding hands: dark skin tone, medium skin tone", true},
    {"\xf0\x9f\x91\xa9\xf0\x9f\x8f\xbf\xe2\x80\x8d\xf0\x9f\xa4\x9d\xe2\x80\x8d\xf0\x9f\x91\xa9\xf0\x9f\x8f\xbe", "women holding hands: dark skin tone, medium-dark skin tone", true},
    {"\xf0\x9f\x91\xad\xf0\x9f\x8f\xbf", "women holding hands: dark skin tone", true},
    {"\xf0\x9f\x91\xab", "woman and man holding hands", false},
    {"\xf0\x9f\x91\xab\xf0\x9f\x8f\xbb", "woman and man holding hands: light skin tone", true},
    {"\xf0\x9f\x91\xa9\xf0\x9f\x8f\xbb\xe2\x80\x8d\xf0\x9f\xa4\x9d\xe2\x80\x8d\xf0\x9f\x91\xa8\xf0\x9f\x8f\xbc", "woman and man holding hands: light skin tone, medium-light skin tone", true},
    {"\xf0\x9f\x91\xa9\xf0\x9f\x8f\xbb\xe2\x80\x8d\xf0\x9f\xa4\x9d\xe2\x80\x8d\xf0\x9f\x91\xa8\xf0\x9f\x8f\xbd", "woman and man holding hands: light skin tone, medium skin tone", true},
    {"\xf0\x9f\x91\xa9\xf0\x9f\x8f\xbb\xe2\x80\x8d\xf0\x9f\xa4\x9d\xe2\x80\x8d\xf0\x9f\x91\xa8\xf0\x9f\x8f\xbe", "woman and man holding hands: light skin tone, medium-dark skin tone", true},
    {"\xf0\x9f\x91\xa9\xf0\x9f\x8f\xbb\xe2\x80\x8d\xf0\x9f\xa4\x9d\xe2\x80\x8d\xf0\x9f\x91\xa8\xf0\x9f\x8f\xbf", "woman and man holding hands: light skin tone, dark skin tone", true},
    {"\xf0\x9f\x91\xa9\xf0\x9f\x8f\xbc\xe2\x80\x8d\xf0\x9f\xa4\x9d\xe2\x80\x8d\xf0\x9f\x91\xa8\xf0\x9f\x8f\xbb", "woman and man holding hands: medium-light skin tone, light skin tone", true},
    {"\xf0\x9f\x91\xab\xf0\x9f\x8f\xbc", "woman and man holding hands: medium-light skin tone", true},
    {"\xf0\x9f\x91\xa9\xf0\x9f\x8f\xbc\xe2\x80\x8d\xf0\x9f\xa4\x9d\xe2\x80\x8d\xf0\x9f\x91\xa8\xf0\x9f\x8f\xbd", "woman and man holding hands: medium-light skin tone, medium skin tone", true},
    {"\xf0\x9f\x91\xa9\xf0\x9f\x8f\xbc\xe2\x80\x8d\xf0\x9f\xa4\x9d\xe2\x80\x8d\xf0\x9f\x91\xa8\xf0\x9f\x8f\xbe", "woman and man holding hands: medium-light skin tone, medium-dark skin tone", true},
    {"\xf0\x9f\x91\xa9\xf0\x9f\x8f\xbc\xe2\x80\x8d\xf0\x9f\xa4\x9d\xe2\x80\x8d\xf0\x9f\x91\xa8\xf0\x9f\x8f\xbf", "woman and man holding hands: medium-light skin tone, dark skin tone", true},
    {"\xf0\x9f\x91\xa9\xf0\x9f\x8f\xbd\xe2\x80\x8d\xf0\x9f\xa4\x9d\xe2\x80\x8d\xf0\x9f\x91\xa8\xf0\x9f\x8f\xbb", "woman and man holding hands: medium skin tone, light skin tone", true},
    {"\xf0\x9f\x91\xa9\xf0\x9f\x8f\xbd\xe2\x80\x8d\xf0\x9f\xa4\x9d\xe2\x80\x8d\xf0\x9f\x91\xa8\xf0\x9f\x8f\xbc", "woman and man holding hands: medium skin tone, medium-light skin tone", true},
    {"\xf0\x9f\x91\xab\xf0\x9f\x8f\xbd", "woman and man holding hands: medium skin tone", true},
    {"\xf0\x9f\x91\xa9\xf0\x9f\x8f\xbd\xe2\x80\x8d\xf0\x9f\xa4\x9d\xe2\x80\x8d\xf0\x9f\x91\xa8\xf0\x9f\x8f\xbe", "woman and man holding hands: medium skin tone, medium-dark skin tone", true},
    {"\xf0\x9f\x91\xa9\xf0\x9f\x8f\xbd\xe2\x80\x8d\xf0\x9f\xa4\x9d\xe2\x80\x8d\xf0\x9f\x91\xa8\xf0\x9f\x8f\xbf", "woman and man holding hands: medium skin tone, dark skin tone", true},
    {"\xf0\x9f\x91\xa9\xf0\x9f\x8f\xbe\xe2\x80\x8d\xf0\x9f\xa4\x9d\xe2\x80\x8d\xf0\x9f\x91\xa8\xf0\x9f\x8f\xbb", "woman and man holding hands: medium-dark skin tone, light skin tone", true},
    {"\xf0\x9f\x91\xa9\xf0\x9f\x8f\xbe\xe2\x80\x8d\xf0\x9f\xa4\x9d\xe2\x80\x8d\xf0\x9f\x91\xa8\xf0\x9f\x8f\xbc", "woman and man holding hands: medium-dark skin tone, medium-light skin tone", true},
    {"\xf0\x9f\x91\xa9\xf0\x9f\x8f\xbe\xe2\x80\x8d\xf0\x9f\xa4\x9d\xe2\x80\x8d\xf0\x9f\x91\xa8\xf0\x9f\x8f\xbd", "woman and man holding hands: medium-dark skin tone, medium skin tone", true},
    {"\xf0\x9f\x91\xab\xf0\x9f\x8f\xbe", "woman and man holding hands: medium-dark skin tone", true},
    {"\xf0\x9f\x91\xa9\xf0\x9f\x8f\xbe\xe2\x80\x8d\xf0\x9f\xa4\x9d\xe2\x80\x8d\xf0\x9f\x91\xa8\xf0\x9f\x8f\xbf", "woman and man holding hands: medium-dark skin tone, dark skin tone", true},
    {"\xf0\x9f\x91\xa9\xf0\x9f\x8f\xbf\xe2\x80\x8d\xf0\x9f\xa4\x9d\xe2\x80\x8d\xf0\x9f\x91\xa8\xf0\x9f\x8f\xbb", "woman and man holding hands: dark skin tone, light skin tone", true},
    {"\xf0\x9f\x91\xa9\xf0\x9f\x8f\xbf\xe2\x80\x8d\xf0\x9f\xa4\x9d\xe2\x80\x8d\xf0\x9f\x91\xa8\xf0\x9f\x8f\xbc", "woman and man holding hands: dark skin tone, medium-light skin tone", true},
    {"\xf0\x9f\x91\xa9\xf0\x9f\x8f\xbf\xe2\x80\x8d\xf0\x9f\xa4\x9d\xe2\x80\x8d\xf0\x9f\x91\xa8\xf0\x9f\x8f\xbd", "woman and man holding hands: dark skin tone, medium skin tone", true},
    {"\xf0\x9f\x91\xa9\xf0\x9f\x8f\xbf\xe2\x80\x8d\xf0\x9f\xa4\x9d\xe2\x80\x8d\xf0\x9f\x91\xa8\xf0\x9f\x8f\xbe", "woman and man holding hands: dark skin tone, medium-dark skin tone", true},
    {"\xf0\x9f\x91\xab\xf0\x9f\x8f\xbf", "woman and man holding hands: dark skin tone", true},
    {"\xf0\x9f\x91\xac", "men holding hands", false},
    {"\xf0\x9f\x91\xac\xf0\x9f\x8f\xbb", "men holding hands: light skin tone", true},
    {"\xf0\x9f\x91\xa8\xf0\x9f\x8f\xbb\xe2\x80\x8d\xf0\x9f\xa4\x9d\xe2\x80\x8d\xf0\x9f\x91\xa8\xf0\x9f\x8f\xbc", "men holding hands: light skin tone, medium-light skin tone", true},
    {"\xf0\x9f\x91\xa8\xf0\x9f\x8f\xbb\xe2\x80\x8d\xf0\x9f\xa4\x9d\xe2\x80\x8d\xf0\x9f\x91\xa8\xf0\x9f\x8f\xbd", "men holding hands: light skin tone, medium skin tone", true},
    {"\xf0\x9f\x91\xa8\xf0\x9f\x8f\xbb\xe2\x80\x8d\xf0\x9f\xa4\x9d\xe2\x80\x8d\xf0\x9f\x91\xa8\xf0\x9f\x8f\xbe", "men holding hands: light skin tone, medium-dark skin tone", true},
    {"\xf0\x9f\x91\xa8\xf0\x9f\x8f\xbb\xe2\x80\x8d\xf0\x9f\xa4\x9d\xe2\x80\x8d\xf0\x9f\x91\xa8\xf0\x9f\x8f\xbf", "men holding hands: light skin tone, dark skin tone", true},
    {"\xf0\x9f\x91\xa8\xf0\x9f\x8f\xbc\xe2\x80\x8d\xf0\x9f\xa4\x9d\xe2\x80\x8d\xf0\x9f\x91\xa8\xf0\x9f\x8f\xbb", "men holding hands: medium-light skin tone, light skin tone", true},
    {"\xf0\x9f\x91\xac\xf0\x9f\x8f\xbc", "men holding hands: medium-light skin tone", true},
    {"\xf0\x9f\x91\xa8\xf0\x9f\x8f\xbc\xe2\x80\x8d\xf0\x9f\xa4\x9d\xe2\x80\x8d\xf0\x9f\x91\xa8\xf0\x9f\x8f\xbd", "men holding hands: medium-light skin tone, medium skin tone", true},
    {"\xf0\x9f\x91\xa8\xf0\x9f\x8f\xbc\xe2\x80\x8d\xf0\x9f\xa4\x9d\xe2\x80\x8d\xf0\x9f\x91\xa8\xf0\x9f\x8f\xbe", "men holding hands: medium-light skin tone, medium-dark skin tone", true},
    {"\xf0\x9f\x91\xa8\xf0\x9f\x8f\xbc\xe2\x80\x8d\xf0\x9f\xa4\x9d\xe2\x80\x8d\xf0\x9f\x91\xa8\xf0\x9f\x8f\xbf", "men holding hands: medium-light skin tone, dark skin tone", true},
    {"\xf0\x9f\x91\xa8\xf0\x9f\x8f\xbd\xe2\x80\x8d\xf0\x9f\xa4\x9d\xe2\x80\x8d\xf0\x9f\x91\xa8\xf0\x9f\x8f\xbb", "men holding hands: medium skin tone, light skin tone", true},
    {"\xf0\x9f\x91\xa8\xf0\x9f\x8f\xbd\xe2\x80\x8d\xf0\x9f\xa4\x9d\xe2\x80\x8d\xf0\x9f\x91\xa8\xf0\x9f\x8f\xbc", "men holding hands: medium skin tone, medium-light skin tone", true},
    {"\xf0\x9f\x91\xac\xf0\x9f\x8f\xbd", "men holding hands: medium skin tone", true},
    {"\xf0\x9f\x91\xa8\xf0\x9f\x8f\xbd\xe2\x80\x8d\xf0\x9f\xa4\x9d\xe2\x80\x8d\xf0\x9f\x91\xa8\xf0\x9f\x8f\xbe", "men holding hands: medium skin tone, medium-dark skin tone", true},
    {"\xf0\x9f\x91\xa8\xf0\x9f\x8f\xbd\xe2\x80\x8d\xf0\x9f\xa4\x9d\xe2\x80\x8d\xf0\x9f\x91\xa8\xf0\x9f\x8f\xbf", "men holding hands: medium skin tone, dark skin tone", true},
    {"\xf0\x9f\x91\xa8\xf0\x9f\x8f\xbe\xe2\x80\x8d\xf0\x9f\xa4\x9d\xe2\x80\x8d\xf0\x9f\x91\xa8\xf0\x9f\x8f\xbb", "men holding hands: medium-dark skin tone, light skin tone", true},
    {"\xf0\x9f\x91\xa8\xf0\x9f\x8f\xbe\xe2\x80\x8d\xf0\x9f\xa4\x9d\xe2\x80\x8d\xf0\x9f\x91\xa8\xf0\x9f\x8f\xbc", "men holding hands: medium-dark skin tone, medium-light skin tone", true},
    {"\xf0\x9f\x91\xa8\xf0\x9f\x8f\xbe\xe2\x80\x8d\xf0\x9f\xa4\x9d\xe2\x80\x8d\xf0\x9f\x91\xa8\xf0\x9f\x8f\xbd", "men holding hands: medium-dark skin tone, medium skin tone", true},
    {"\xf0\x9f\x91\xac\xf0\x9f\x8f\xbe", "men holding hands: medium-dark skin tone", true},
    {"\xf0\x9f\x91\xa8\xf0\x9f\x8f\xbe\xe2\x80\x8d\xf0\x9f\xa4\x9d\xe2\x80\x8d\xf0\x9f\x91\xa8\xf0\x9f\x8f\xbf", "men holding hands: medium-dark skin tone, dark skin tone", true},
    {"\xf0\x9f\x91\xa8\xf0\x9f\x8f\xbf\xe2\x80\x8d\xf0\x9f\xa4\x9d\xe2\x80\x8d\xf0\x9f\x91\xa8\xf0\x9f\x8f\xbb", "men holding hands: dark skin tone, light skin tone", true},
    {"\xf0\x9f\x91\xa8\xf0\x9f\x8f\xbf\xe2\x80\x8d\xf0\x9f\xa4\x9d\xe2\x80\x8d\xf0\x9f\x91\xa8\xf0\x9f\x8f\xbc", "men holding hands: dark skin tone, medium-light skin tone", true},
    {"\xf0\x9f\x91\xa8\xf0\x9f\x8f\xbf\xe2\x80\x8d\xf0\x9f\xa4\x9d\xe2\x80\x8d\xf0\x9f\x91\xa8\xf0\x9f\x8f\xbd", "men holding hands: dark skin tone, medium skin tone", true},
    {"\xf0\x9f\x91\xa8\xf0\x9f\x8f\xbf\xe2\x80\x8d\xf0\x9f\xa4\x9d\xe2\x80\x8d\xf0\x9f\x91\xa8\xf0\x9f\x8f\xbe", "men holding hands: dark skin tone, medium-dark skin tone", true},
    {"\xf0\x9f\x91\xac\xf0\x9f\x8f\xbf", "men holding hands: dark skin tone", true},
    {"\xf0\x9f\x92\x8f", "kiss", false},
    {"\xf0\x9f\x92\x8f\xf0\x9f\x8f\xbb", "kiss: light skin tone", true},
    {"\xf0\x9f\x92\x8f\xf0\x9f\x8f\xbc", "kiss: medium-light skin tone", true},
    {"\xf0\x9f\x92\x8f\xf0\x9f\x8f\xbd", "kiss: medium skin tone", true},
    {"\xf0\x9f\x92\x8f\xf0\x9f\x8f\xbe", "kiss: medium-dark skin tone", true},
    {"\xf0\x9f\x92\x8f\xf0\x9f\x8f\xbf", "kiss: dark skin tone", true},
    {"\xf0\x9f\xa7\x91\xf0\x9f\x8f\xbb\xe2\x80\x8d\xe2\x9d\xa4\xef\xb8\x8f\xe2\x80\x8d\xf0\x9f\x92\x8b\xe2\x80\x8d\xf0\x9f\xa7\x91\xf0\x9f\x8f\xbc", "kiss: person, person, light skin tone, medium-light skin tone", true},
    {"\xf0\x9f\xa7\x91\xf0\x9f\x8f\xbb\xe2\x80\x8d\xe2\x9d\xa4\xef\xb8\x8f\xe2\x80\x8d\xf0\x9f\x92\x8b\xe2\x80\x8d\xf0\x9f\xa7\x91\xf0\x9f\x8f\xbd", "kiss: person, person, light skin tone, medium skin tone", true},
    {"\xf0\x9f\xa7\x91\xf0\x9f\x8f\xbb\xe2\x80\x8d\xe2\x9d\xa4\xef\xb8\x8f\xe2\x80\x8d\xf0\x9f\x92\x8b\xe2\x80\x8d\xf0\x9f\xa7\x91\xf0\x9f\x8f\xbe", "kiss: person, person, light skin tone, medium-dark skin tone", true},
    {"\xf0\x9f\xa7\x91\xf0\x9f\x8f\xbb\xe2\x80\x8d\xe2\x9d\xa4\xef\xb8\x8f\xe2\x80\x8d\xf0\x9f\x92\x8b\xe2\x80\x8d\xf0\x9f\xa7\x91\xf0\x9f\x8f\xbf", "kiss: person, person, light skin tone, dark skin tone", true},
    {"\xf0\x9f\xa7\x91\xf0\x9f\x8f\xbc\xe2\x80\x8d\xe2\x9d\xa4\xef\xb8\x8f\xe2\x80\x8d\xf0\x9f\x92\x8b\xe2\x80\x8d\xf0\x9f\xa7\x91\xf0\x9f\x8f\xbb", "kiss: person, person, medium-light skin tone, light skin tone", true},
    {"\xf0\x9f\xa7\x91\xf0\x9f\x8f\xbc\xe2\x80\x8d\xe2\x9d\xa4\xef\xb8\x8f\xe2\x80\x8d\xf0\x9f\x92\x8b\xe2\x80\x8d\xf0\x9f\xa7\x91\xf0\x9f\x8f\xbd", "kiss: person, person, medium-light skin tone, medium skin tone", true},
    {"\xf0\x9f\xa7\x91\xf0\x9f\x8f\xbc\xe2\x80\x8d\xe2\x9d\xa4\xef\xb8\x8f\xe2\x80\x8d\xf0\x9f\x92\x8b\xe2\x80\x8d\xf0\x9f\xa7\x91\xf0\x9f\x8f\xbe", "kiss: person, person, medium-light skin tone, medium-dark skin tone", true},
    {"\xf0\x9f\xa7\x91\xf0\x9f\x8f\xbc\xe2\x80\x8d\xe2\x9d\xa4\xef\xb8\x8f\xe2\x80\x8d\xf0\x9f\x92\x8b\xe2\x80\x8d\xf0\x9f\xa7\x91\xf0\x9f\x8f\xbf", "kiss: person, person, medium-light skin tone, dark skin tone", true},
    {"\xf0\x9f\xa7\x91\xf0\x9f\x8f\xbd\xe2\x80\x8d\xe2\x9d\xa4\xef\xb8\x8f\xe2\x80\x8d\xf0\x9f\x92\x8b\xe2\x80\x8d\xf0\x9f\xa7\x91\xf0\x9f\x8f\xbb", "kiss: person, person, medium skin tone, light skin tone", true},
    {"\xf0\x9f\xa7\x91\xf0\x9f\x8f\xbd\xe2\x80\x8d\xe2\x9d\xa4\xef\xb8\x8f\xe2\x80\x8d\xf0\x9f\x92\x8b\xe2\x80\x8d\xf0\x9f\xa7\x91\xf0\x9f\x8f\xbc", "kiss: person, person, medium skin tone, medium-light skin tone", true},
    {"\xf0\x9f\xa7\x91\xf0\x9f\x8f\xbd\xe2\x80\x8d\xe2\x9d\xa4\xef\xb8\x8f\xe2\x80\x8d\xf0\x9f\x92\x8b\xe2\x80\x8d\xf0\x9f\xa7\x91\xf0\x9f\x8f\xbe", "kiss: person, person, medium skin tone, medium-dark skin tone", true},
    {"\xf0\x9f\xa7\x91\xf0\x9f\x8f\xbd\xe2\x80\x8d\xe2\x9d\xa4\xef\xb8\x8f\xe2\x80\x8d\xf0\x9f\x92\x8b\xe2\x80\x8d\xf0\x9f\xa7\x91\xf0\x9f\x8f\xbf", "kiss: person, person, medium skin tone, dark skin tone", true},
    {"\xf0\x9f\xa7\x91\xf0\x9f\x8f\xbe\xe2\x80\x8d\xe2\x9d\xa4\xef\xb8\x8f\xe2\x80\x8d\xf0\x9f\x92\x8b\xe2\x80\x8d\xf0\x9f\xa7\x91\xf0\x9f\x8f\xbb", "kiss: person, person, medium-dark skin tone, light skin tone", true},
    {"\xf0\x9f\xa7\x91\xf0\x9f\x8f\xbe\xe2\x80\x8d\xe2\x9d\xa4\xef\xb8\x8f\xe2\x80\x8d\xf0\x9f\x92\x8b\xe2\x80\x8d\xf0\x9f\xa7\x91\xf0\x9f\x8f\xbc", "kiss: person, person, medium-dark skin tone, medium-light skin tone", true},
    {"\xf0\x9f\xa7\x91\xf0\x9f\x8f\xbe\xe2\x80\x8d\xe2\x9d\xa4\xef\xb8\x8f\xe2\x80\x8d\xf0\x9f\x92\x8b\xe2\x80\x8d\xf0\x9f\xa7\x91\xf0\x9f\x8f\xbd", "kiss: person, person, medium-dark skin tone, medium skin tone", true},
    {"\xf0\x9f\xa7\x91\xf0\x9f\x8f\xbe\xe2\x80\x8d\xe2\x9d\xa4\xef\xb8\x8f\xe2\x80\x8d\xf0\x9f\x92\x8b\xe2\x80\x8d\xf0\x9f\xa7\x91\xf0\x9f\x8f\xbf", "kiss: person, person, medium-dark skin tone, dark skin tone", true},
    {"\xf0\x9f\xa7\x91\xf0\x9f\x8f\xbf\xe2\x80\x8d\xe2\x9d\xa4\xef\xb8\x8f\xe2\x80\x8d\xf0\x9f\x92\x8b\xe2\x80\x8d\xf0\x9f\xa7\x91\xf0\x9f\x8f\xbb", "kiss: person, person, dark skin tone, light skin tone", true},
    {"\xf0\x9f\xa7\x91\xf0\x9f\x8f\xbf\xe2\x80\x8d\xe2\x9d\xa4\xef\xb8\x8f\xe2\x80\x8d\xf0\x9f\x92\x8b\xe2\x80\x8d\xf0\x9f\xa7\x91\xf0\x9f\x8f\xbc", "kiss: person, person, dark skin tone, medium-light skin tone", true},
    {"\xf0\x9f\xa7\x91\xf0\x9f\x8f\xbf\xe2\x80\x8d\xe2\x9d\xa4\xef\xb8\x8f\xe2\x80\x8d\xf0\x9f\x92\x8b\xe2\x80\x8d\xf0\x9f\xa7\x91\xf0\x9f\x8f\xbd", "kiss: person, person, dark skin tone, medium skin tone", true},
    {"\xf0\x9f\xa7\x91\xf0\x9f\x8f\xbf\xe2\x80\x8d\xe2\x9d\xa4\xef\xb8\x8f\xe2\x80\x8d\xf0\x9f\x92\x8b\xe2\x80\x8d\xf0\x9f\xa7\x91\xf0\x9f\x8f\xbe", "kiss: person, person, dark skin tone, medium-dark skin tone", true},
    {"\xf0\x9f\x91\xa9\xe2\x80\x8d\xe2\x9d\xa4\xef\xb8\x8f\xe2\x80\x8d\xf0\x9f\x92\x8b\xe2\x80\x8d\xf0\x9f\x91\xa8", "kiss: woman, man", false},
    {"\xf0\x9f\x91\xa9\xf0\x9f\x8f\xbb\xe2\x80\x8d\xe2\x9d\xa4\xef\xb8\x8f\xe2\x80\x8d\xf0\x9f\x92\x8b\xe2\x80\x8d\xf0\x9f\x91\xa8\xf0\x9f\x8f\xbb", "kiss: woman, man, light skin tone", true},
    {"\xf0\x9f\x91\xa9\xf0\x9f\x8f\xbb\xe2\x80\x8d\xe2\x9d\xa4\xef\xb8\x8f\xe2\x80\x8d\xf0\x9f\x92\x8b\xe2\x80\x8d\xf0\x9f\x91\xa8\xf0\x9f\x8f\xbc", "kiss: woman, man, light skin tone, medium-light skin tone", true},
    {"\xf0\x9f\x91\xa9\xf0\x9f\x8f\xbb\xe2\x80\x8d\xe2\x9d\xa4\xef\xb8\x8f\xe2\x80\x8d\xf0\x9f\x92\x8b\xe2\x80\x8d\xf0\x9f\x91\xa8\xf0\x9f\x8f\xbd", "kiss: woman, man, light skin tone, medium skin tone", true},
    {"\xf0\x9f\x91\xa9\xf0\x9f\x8f\xbb\xe2\x80\x8d\xe2\x9d\xa4\xef\xb8\x8f\xe2\x80\x8d\xf0\x9f\x92\x8b\xe2\x80\x8d\xf0\x9f\x91\xa8\xf0\x9f\x8f\xbe", "kiss: woman, man, light skin tone, medium-dark skin tone", true},
    {"\xf0\x9f\x91\xa9\xf0\x9f\x8f\xbb\xe2\x80\x8d\xe2\x9d\xa4\xef\xb8\x8f\xe2\x80\x8d\xf0\x9f\x92\x8b\xe2\x80\x8d\xf0\x9f\x91\xa8\xf0\x9f\x8f\xbf", "kiss: woman, man, light skin tone, dark skin tone", true},
    {"\xf0\x9f\x91\xa9\xf0\x9f\x8f\xbc\xe2\x80\x8d\xe2\x9d\xa4\xef\xb8\x8f\xe2\x80\x8d\xf0\x9f\x92\x8b\xe2\x80\x8d\xf0\x9f\x91\xa8\xf0\x9f\x8f\xbb", "kiss: woman, man, medium-light skin tone, light skin tone", true},
    {"\xf0\x9f\x91\xa9\xf0\x9f\x8f\xbc\xe2\x80\x8d\xe2\x9d\xa4\xef\xb8\x8f\xe2\x80\x8d\xf0\x9f\x92\x8b\xe2\x80\x8d\xf0\x9f\x91\xa8\xf0\x9f\x8f\xbc", "kiss: woman, man, medium-light skin tone", true},
    {"\xf0\x9f\x91\xa9\xf0\x9f\x8f\xbc\xe2\x80\x8d\xe2\x9d\xa4\xef\xb8\x8f\xe2\x80\x8d\xf0\x9f\x92\x8b\xe2\x80\x8d\xf0\x9f\x91\xa8\xf0\x9f\x8f\xbd", "kiss: woman, man, medium-light skin tone, medium skin tone", true},
    {"\xf0\x9f\x91\xa9\xf0\x9f\x8f\xbc\xe2\x80\x8d\xe2\x9d\xa4\xef\xb8\x8f\xe2\x80\x8d\xf0\x9f\x92\x8b\xe2\x80\x8d\xf0\x9f\x91\xa8\xf0\x9f\x8f\xbe", "kiss: woman, man, medium-light skin tone, medium-dark skin tone", true},
    {"\xf0\x9f\x91\xa9\xf0\x9f\x8f\xbc\xe2\x80\x8d\xe2\x9d\xa4\xef\xb8\x8f\xe2\x80\x8d\xf0\x9f\x92\x8b\xe2\x80\x8d\xf0\x9f\x91\xa8\xf0\x9f\x8f\xbf", "kiss: woman, man, medium-light skin tone, dark skin tone", true},
    {"\xf0\x9f\x91\xa9\xf0\x9f\x8f\xbd\xe2\x80\x8d\xe2\x9d\xa4\xef\xb8\x8f\xe2\x80\x8d\xf0\x9f\x92\x8b\xe2\x80\x8d\xf0\x9f\x91\xa8\xf0\x9f\x8f\xbb", "kiss: woman, man, medium skin tone, light skin tone", true},
    {"\xf0\x9f\x91\xa9\xf0\x9f\x8f\xbd\xe2\x80\x8d\xe2\x9d\xa4\xef\xb8\x8f\xe2\x80\x8d\xf0\x9f\x92\x8b\xe2\x80\x8d\xf0\x9f\x91\xa8\xf0\x9f\x8f\xbc", "kiss: woman, man, medium skin tone, medium-light skin tone", true},
    {"\xf0\x9f\x91\xa9\xf0\x9f\x8f\xbd\xe2\x80\x8d\xe2\x9d\xa4\xef\xb8\x8f\xe2\x80\x8d\xf0\x9f\x92\x8b\xe2\x80\x8d\xf0\x9f\x91\xa8\xf0\x9f\x8f\xbd", "kiss: woman, man, medium skin tone", true},
    {"\xf0\x9f\x91\xa9\xf0\x9f\x8f\xbd\xe2\x80\x8d\xe2\x9d\xa4\xef\xb8\x8f\xe2\x80\x8d\xf0\x9f\x92\x8b\xe2\x80\x8d\xf0\x9f\x91\xa8\xf0\x9f\x8f\xbe", "kiss: woman, man, medium skin tone, medium-dark skin tone", true},
    {"\xf0\x9f\x91\xa9\xf0\x9f\x8f\xbd\xe2\x80\x8d\xe2\x9d\xa4\xef\xb8\x8f\xe2\x80\x8d\xf0\x9f\x92\x8b\xe2\x80\x8d\xf0\x9f\x91\xa8\xf0\x9f\x8f\xbf", "kiss: woman, man, medium skin tone, dark skin tone", true},
    {"\xf0\x9f\x91\xa9\xf0\x9f\x8f\xbe\xe2\x80\x8d\xe2\x9d\xa4\xef\xb8\x8f\xe2\x80\x8d\xf0\x9f\x92\x8b\xe2\x80\x8d\xf0\x9f\x91\xa8\xf0\x9f\x8f\xbb", "kiss: woman, man, medium-dark skin tone, light skin tone", true},
    {"\xf0\x9f\x91\xa9\xf0\x9f\x8f\xbe\xe2\x80\x8d\xe2\x9d\xa4\xef\xb8\x8f\xe2\x80\x8d\xf0\x9f\x92\x8b\xe2\x80\x8d\xf0\x9f\x91\xa8\xf0\x9f\x8f\xbc", "kiss: woman, man, medium-dark skin tone, medium-light skin tone", true},
    {"\xf0\x9f\x91\xa9\xf0\x9f\x8f\xbe\xe2\x80\x8d\xe2\x9d\xa4\xef\xb8\x8f\xe2\x80\x8d\xf0\x9f\x92\x8b\xe2\x80\x8d\xf0\x9f\x91\xa8\xf0\x9f\x8f\xbd", "kiss: woman, man, medium-dark skin tone, medium skin tone", true},
    {"\xf0\x9f\x91\xa9\xf0\x9f\x8f\xbe\xe2\x80\x8d\xe2\x9d\xa4\xef\xb8\x8f\xe2\x80\x8d\xf0\x9f\x92\x8b\xe2\x80\x8d\xf0\x9f\x91\xa8\xf0\x9f\x8f\xbe", "kiss: woman, man, medium-dark skin tone", true},
    {"\xf0\x9f\x91\xa9\xf0\x9f\x8f\xbe\xe2\x80\x8d\xe2\x9d\xa4\xef\xb8\x8f\xe2\x80\x8d\xf0\x9f\x92\x8b\xe2\x80\x8d\xf0\x9f\x91\xa8\xf0\x9f\x8f\xbf", "kiss: woman, man, medium-dark skin tone, dark skin tone", true},
    {"\xf0\x9f\x91\xa9\xf0\x9f\x8f\xbf\xe2\x80\x8d\xe2\x9d\xa4\xef\xb8\x8f\xe2\x80\x8d\xf0\x9f\x92\x8b\xe2\x80\x8d\xf0\x9f\x91\xa8\xf0\x9f\x8f\xbb", "kiss: woman, man, dark skin tone, light skin tone", true},
    {"\xf0\x9f\x91\xa9\xf0\x9f\x8f\xbf\xe2\x80\x8d\xe2\x9d\xa4\xef\xb8\x8f\xe2\x80\x8d\xf0\x9f\x92\x8b\xe2\x80\x8d\xf0\x9f\x91\xa8\xf0\x9f\x8f\xbc", "kiss: woman, man, dark skin tone, medium-light skin tone", true},
    {"\xf0\x9f\x91\xa9\xf0\x9f\x8f\xbf\xe2\x80\x8d\xe2\x9d\xa4\xef\xb8\x8f\xe2\x80\x8d\xf0\x9f\x92\x8b\xe2\x80\x8d\xf0\x9f\x91\xa8\xf0\x9f\x8f\xbd", "kiss: woman, man, dark skin tone, medium skin tone", true},
    {"\xf0\x9f\x91\xa9\xf0\x9f\x8f\xbf\xe2\x80\x8d\xe2\x9d\xa4\xef\xb8\x8f\xe2\x80\x8d\xf0\x9f\x92\x8b\xe2\x80\x8d\xf0\x9f\x91\xa8\xf0\x9f\x8f\xbe", "kiss: woman, man, dark skin tone, medium-dark skin tone", true},
    {"\xf0\x9f\x91\xa9\xf0\x9f\x8f\xbf\xe2\x80\x8d\xe2\x9d\xa4\xef\xb8\x8f\xe2\x80\x8d\xf0\x9f\x92\x8b\xe2\x80\x8d\xf0\x9f\x91\xa8\xf0\x9f\x8f\xbf", "kiss: woman, man, dark skin tone", true},
    {"\xf0\x9f\x91\xa8\xe2\x80\x8d\xe2\x9d\xa4\xef\xb8\x8f\xe2\x80\x8d\xf0\x9f\x92\x8b\xe2\x80\x8d\xf0\x9f\x91\xa8", "kiss: man, man", false},
    {"\xf0\x9f\x91\xa8\xf0\x9f\x8f\xbb\xe2\x80\x8d\xe2\x9d\xa4\xef\xb8\x8f\xe2\x80\x8d\xf0\x9f\x92\x8b\xe2\x80\x8d\xf0\x9f\x91\xa8\xf0\x9f\x8f\xbb", "kiss: man, man, light skin tone", true},
    {"\xf0\x9f\x91\xa8\xf0\x9f\x8f\xbb\xe2\x80\x8d\xe2\x9d\xa4\xef\xb8\x8f\xe2\x80\x8d\xf0\x9f\x92\x8b\xe2\x80\x8d\xf0\x9f\x91\xa8\xf0\x9f\x8f\xbc", "kiss: man, man, light skin tone, medium-light skin tone", true},
    {"\xf0\x9f\x91\xa8\xf0\x9f\x8f\xbb\xe2\x80\x8d\xe2\x9d\xa4\xef\xb8\x8f\xe2\x80\x8d\xf0\x9f\x92\x8b\xe2\x80\x8d\xf0\x9f\x91\xa8\xf0\x9f\x8f\xbd", "kiss: man, man, light skin tone, medium skin tone", true},
    {"\xf0\x9f\x91\xa8\xf0\x9f\x8f\xbb\xe2\x80\x8d\xe2\x9d\xa4\xef\xb8\x8f\xe2\x80\x8d\xf0\x9f\x92\x8b\xe2\x80\x8d\xf0\x9f\x91\xa8\xf0\x9f\x8f\xbe", "kiss: man, man, light skin tone, medium-dark skin tone", true},
    {"\xf0\x9f\x91\xa8\xf0\x9f\x8f\xbb\xe2\x80\x8d\xe2\x9d\xa4\xef\xb8\x8f\xe2\x80\x8d\xf0\x9f\x92\x8b\xe2\x80\x8d\xf0\x9f\x91\xa8\xf0\x9f\x8f\xbf", "kiss: man, man, light skin tone, dark skin tone", true},
    {"\xf0\x9f\x91\xa8\xf0\x9f\x8f\xbc\xe2\x80\x8d\xe2\x9d\xa4\xef\xb8\x8f\xe2\x80\x8d\xf0\x9f\x92\x8b\xe2\x80\x8d\xf0\x9f\x91\xa8\xf0\x9f\x8f\xbb", "kiss: man, man, medium-light skin tone, light skin tone", true},
    {"\xf0\x9f\x91\xa8\xf0\x9f\x8f\xbc\xe2\x80\x8d\xe2\x9d\xa4\xef\xb8\x8f\xe2\x80\x8d\xf0\x9f\x92\x8b\xe2\x80\x8d\xf0\x9f\x91\xa8\xf0\x9f\x8f\xbc", "kiss: man, man, medium-light skin tone", true},
    {"\xf0\x9f\x91\xa8\xf0\x9f\x8f\xbc\xe2\x80\x8d\xe2\x9d\xa4\xef\xb8\x8f\xe2\x80\x8d\xf0\x9f\x92\x8b\xe2\x80\x8d\xf0\x9f\x91\xa8\xf0\x9f\x8f\xbd", "kiss: man, man, medium-light skin tone, medium skin tone", true},
    {"\xf0\x9f\x91\xa8\xf0\x9f\x8f\xbc\xe2\x80\x8d\xe2\x9d\xa4\xef\xb8\x8f\xe2\x80\x8d\xf0\x9f\x92\x8b\xe2\x80\x8d\xf0\x9f\x91\xa8\xf0\x9f\x8f\xbe", "kiss: man, man, medium-light skin tone, medium-dark skin tone", true},
    {"\xf0\x9f\x91\xa8\xf0\x9f\x8f\xbc\xe2\x80\x8d\xe2\x9d\xa4\xef\xb8\x8f\xe2\x80\x8d\xf0\x9f\x92\x8b\xe2\x80\x8d\xf0\x9f\x91\xa8\xf0\x9f\x8f\xbf", "kiss: man, man, medium-light skin tone, dark skin tone", true},
    {"\xf0\x9f\x91\xa8\xf0\x9f\x8f\xbd\xe2\x80\x8d\xe2\x9d\xa4\xef\xb8\x8f\xe2\x80\x8d\xf0\x9f\x92\x8b\xe2\x80\x8d\xf0\x9f\x91\xa8\xf0\x9f\x8f\xbb", "kiss: man, man, medium skin tone, light skin tone", true},
    {"\xf0\x9f\x91\xa8\xf0\x9f\x8f\xbd\xe2\x80\x8d\xe2\x9d\xa4\xef\xb8\x8f\xe2\x80\x8d\xf0\x9f\x92\x8b\xe2\x80\x8d\xf0\x9f\x91\xa8\xf0\x9f\x8f\xbc", "kiss: man, man, medium skin tone, medium-light skin tone", true},
    {"\xf0\x9f\x91\xa8\xf0\x9f\x8f\xbd\xe2\x80\x8d\xe2\x9d\xa4\xef\xb8\x8f\xe2\x80\x8d\xf0\x9f\x92\x8b\xe2\x80\x8d\xf0\x9f\x91\xa8\xf0\x9f\x8f\xbd", "kiss: man, man, medium skin tone", true},
    {"\xf0\x9f\x91\xa8\xf0\x9f\x8f\xbd\xe2\x80\x8d\xe2\x9d\xa4\xef\xb8\x8f\xe2\x80\x8d\xf0\x9f\x92\x8b\xe2\x80\x8d\xf0\x9f\x91\xa8\xf0\x9f\x8f\xbe", "kiss: man, man, medium skin tone, medium-dark skin tone", true},
    {"\xf0\x9f\x91\xa8\xf0\x9f\x8f\xbd\xe2\x80\x8d\xe2\x9d\xa4\xef\xb8\x8f\xe2\x80\x8d\xf0\x9f\x92\x8b\xe2\x80\x8d\xf0\x9f\x91\xa8\xf0\x9f\x8f\xbf", "kiss: man, man, medium skin tone, dark skin tone", true},
    {"\xf0\x9f\x91\xa8\xf0\x9f\x8f\xbe\xe2\x80\x8d\xe2\x9d\xa4\xef\xb8\x8f\xe2\x80\x8d\xf0\x9f\x92\x8b\xe2\x80\x8d\xf0\x9f\x91\xa8\xf0\x9f\x8f\xbb", "kiss: man, man, medium-dark skin tone, light skin tone", true},
    {"\xf0\x9f\x91\xa8\xf0\x9f\x8f\xbe\xe2\x80\x8d\xe2\x9d\xa4\xef\xb8\x8f\xe2\x80\x8d\xf0\x9f\x92\x8b\xe2\x80\x8d\xf0\x9f\x91\xa8\xf0\x9f\x8f\xbc", "kiss: man, man, medium-dark skin tone, medium-light skin tone", true},
    {"\xf0\x9f\x91\xa8\xf0\x9f\x8f\xbe\xe2\x80\x8d\xe2\x9d\xa4\xef\xb8\x8f\xe2\x80\x8d\xf0\x9f\x92\x8b\xe2\x80\x8d\xf0\x9f\x91\xa8\xf0\x9f\x8f\xbd", "kiss: man, man, medium-dark skin tone, medium skin tone", true},
    {"\xf0\x9f\x91\xa8\xf0\x9f\x8f\xbe\xe2\x80\x8d\xe2\x9d\xa4\xef\xb8\x8f\xe2\x80\x8d\xf0\x9f\x92\x8b\xe2\x80\x8d\xf0\x9f\x91\xa8\xf0\x9f\x8f\xbe", "kiss: man, man, medium-dark skin tone", true},
    {"\xf0\x9f\x91\xa8\xf0\x9f\x8f\xbe\xe2\x80\x8d\xe2\x9d\xa4\xef\xb8\x8f\xe2\x80\x8d\xf0\x9f\x92\x8b\xe2\x80\x8d\xf0\x9f\x91\xa8\xf0\x9f\x8f\xbf", "kiss: man, man, medium-dark skin tone, dark skin tone", true},
    {"\xf0\x9f\x91\xa8\xf0\x9f\x8f\xbf\xe2\x80\x8d\xe2\x9d\xa4\xef\xb8\x8f\xe2\x80\x8d\xf0\x9f\x92\x8b\xe2\x80\x8d\xf0\x9f\x91\xa8\xf0\x9f\x8f\xbb", "kiss: man, man, dark skin tone, light skin tone", true},
    {"\xf0\x9f\x91\xa8\xf0\x9f\x8f\xbf\xe2\x80\x8d\xe2\x9d\xa4\xef\xb8\x8f\xe2\x80\x8d\xf0\x9f\x92\x8b\xe2\x80\x8d\xf0\x9f\x91\xa8\xf0\x9f\x8f\xbc", "kiss: man, man, dark skin tone, medium-light skin tone", true},
    {"\xf0\x9f\x91\xa8\xf0\x9f\x8f\xbf\xe2\x80\x8d\xe2\x9d\xa4\xef\xb8\x8f\xe2\x80\x8d\xf0\x9f\x92\x8b\xe2\x80\x8d\xf0\x9f\x91\xa8\xf0\x9f\x8f\xbd", "kiss: man, man, dark skin tone, medium skin tone", true},
    {"\xf0\x9f\x91\xa8\xf0\x9f\x8f\xbf\xe2\x80\x8d\xe2\x9d\xa4\xef\xb8\x8f\xe2\x80\x8d\xf0\x9f\x92\x8b\xe2\x80\x8d\xf0\x9f\x91\xa8\xf0\x9f\x8f\xbe", "kiss: man, man, dark skin tone, medium-dark skin tone", true},
    {"\xf0\x9f\x91\xa8\xf0\x9f\x8f\xbf\xe2\x80\x8d\xe2\x9d\xa4\xef\xb8\x8f\xe2\x80\x8d\xf0\x9f\x92\x8b\xe2\x80\x8d\xf0\x9f\x91\xa8\xf0\x9f\x8f\xbf", "kiss: man, man, dark skin tone", true},
    {"\xf0\x9f\x91\xa9\xe2\x80\x8d\xe2\x9d\xa4\xef\xb8\x8f\xe2\x80\x8d\xf0\x9f\x92\x8b\xe2\x80\x8d\xf0\x9f\x91\xa9", "kiss: woman, woman", false},
    {"\xf0\x9f\x91\xa9\xf0\x9f\x8f\xbb\xe2\x80\x8d\xe2\x9d\xa4\xef\xb8\x8f\xe2\x80\x8d\xf0\x9f\x92\x8b\xe2\x80\x8d\xf0\x9f\x91\xa9\xf0\x9f\x8f\xbb", "kiss: woman, woman, light skin tone", true},
    {"\xf0\x9f\x91\xa9\xf0\x9f\x8f\xbb\xe2\x80\x8d\xe2\x9d\xa4\xef\xb8\x8f\xe2\x80\x8d\xf0\x9f\x92\x8b\xe2\x80\x8d\xf0\x9f\x91\xa9\xf0\x9f\x8f\xbc", "kiss: woman, woman, light skin tone, medium-light skin tone", true},
    {"\xf0\x9f\x91\xa9\xf0\x9f\x8f\xbb\xe2\x80\x8d\xe2\x9d\xa4\xef\xb8\x8f\xe2\x80\x8d\xf0\x9f\x92\x8b\xe2\x80\x8d\xf0\x9f\x91\xa9\xf0\x9f\x8f\xbd", "kiss: woman, woman, light skin tone, medium skin tone", true},
    {"\xf0\x9f\x91\xa9\xf0\x9f\x8f\xbb\xe2\x80\x8d\xe2\x9d\xa4\xef\xb8\x8f\xe2\x80\x8d\xf0\x9f\x92\x8b\xe2\x80\x8d\xf0\x9f\x91\xa9\xf0\x9f\x8f\xbe", "kiss: woman, woman, light skin tone, medium-dark skin tone", true},
    {"\xf0\x9f\x91\xa9\xf0\x9f\x8f\xbb\xe2\x80\x8d\xe2\x9d\xa4\xef\xb8\x8f\xe2\x80\x8d\xf0\x9f\x92\x8b\xe2\x80\x8d\xf0\x9f\x91\xa9\xf0\x9f\x8f\xbf", "kiss: woman, woman, light skin tone, dark skin tone", true},
    {"\xf0\x9f\x91\xa9\xf0\x9f\x8f\xbc\xe2\x80\x8d\xe2\x9d\xa4\xef\xb8\x8f\xe2\x80\x8d\xf0\x9f\x92\x8b\xe2\x80\x8d\xf0\x9f\x91\xa9\xf0\x9f\x8f\xbb", "kiss: woman, woman, medium-light skin tone, light skin tone", true},
    {"\xf0\x9f\x91\xa9\xf0\x9f\x8f\xbc\xe2\x80\x8d\xe2\x9d\xa4\xef\xb8\x8f\xe2\x80\x8d\xf0\x9f\x92\x8b\xe2\x80\x8d\xf0\x9f\x91\xa9\xf0\x9f\x8f\xbc", "kiss: woman, woman, medium-light skin tone", true},
    {"\xf0\x9f\x91\xa9\xf0\x9f\x8f\xbc\xe2\x80\x8d\xe2\x9d\xa4\xef\xb8\x8f\xe2\x80\x8d\xf0\x9f\x92\x8b\xe2\x80\x8d\xf0\x9f\x91\xa9\xf0\x9f\x8f\xbd", "kiss: woman, woman, medium-light skin tone, medium skin tone", true},
    {"\xf0\x9f\x91\xa9\xf0\x9f\x8f\xbc\xe2\x80\x8d\xe2\x9d\xa4\xef\xb8\x8f\xe2\x80\x8d\xf0\x9f\x92\x8b\xe2\x80\x8d\xf0\x9f\x91\xa9\xf0\x9f\x8f\xbe", "kiss: woman, woman, medium-light skin tone, medium-dark skin tone", true},
    {"\xf0\x9f\x91\xa9\xf0\x9f\x8f\xbc\xe2\x80\x8d\xe2\x9d\xa4\xef\xb8\x8f\xe2\x80\x8d\xf0\x9f\x92\x8b\xe2\x80\x8d\xf0\x9f\x91\xa9\xf0\x9f\x8f\xbf", "kiss: woman, woman, medium-light skin tone, dark skin tone", true},
    {"\xf0\x9f\x91\xa9\xf0\x9f\x8f\xbd\xe2\x80\x8d\xe2\x9d\xa4\xef\xb8\x8f\xe2\x80\x8d\xf0\x9f\x92\x8b\xe2\x80\x8d\xf0\x9f\x91\xa9\xf0\x9f\x8f\xbb", "kiss: woman, woman, medium skin tone, light skin tone", true},
    {"\xf0\x9f\x91\xa9\xf0\x9f\x8f\xbd\xe2\x80\x8d\xe2\x9d\xa4\xef\xb8\x8f\xe2\x80\x8d\xf0\x9f\x92\x8b\xe2\x80\x8d\xf0\x9f\x91\xa9\xf0\x9f\x8f\xbc", "kiss: woman, woman, medium skin tone, medium-light skin tone", true},
    {"\xf0\x9f\x91\xa9\xf0\x9f\x8f\xbd\xe2\x80\x8d\xe2\x9d\xa4\xef\xb8\x8f\xe2\x80\x8d\xf0\x9f\x92\x8b\xe2\x80\x8d\xf0\x9f\x91\xa9\xf0\x9f\x8f\xbd", "kiss: woman, woman, medium skin tone", true},
    {"\xf0\x9f\x91\xa9\xf0\x9f\x8f\xbd\xe2\x80\x8d\xe2\x9d\xa4\xef\xb8\x8f\xe2\x80\x8d\xf0\x9f\x92\x8b\xe2\x80\x8d\xf0\x9f\x91\xa9\xf0\x9f\x8f\xbe", "kiss: woman, woman, medium skin tone, medium-dark skin tone", true},
    {"\xf0\x9f\x91\xa9\xf0\x9f\x8f\xbd\xe2\x80\x8d\xe2\x9d\xa4\xef\xb8\x8f\xe2\x80\x8d\xf0\x9f\x92\x8b\xe2\x80\x8d\xf0\x9f\x91\xa9\xf0\x9f\x8f\xbf", "kiss: woman, woman, medium skin tone, dark skin tone", true},
    {"\xf0\x9f\x91\xa9\xf0\x9f\x8f\xbe\xe2\x80\x8d\xe2\x9d\xa4\xef\xb8\x8f\xe2\x80\x8d\xf0\x9f\x92\x8b\xe2\x80\x8d\xf0\x9f\x91\xa9\xf0\x9f\x8f\xbb", "kiss: woman, woman, medium-dark skin tone, light skin tone", true},
    {"\xf0\x9f\x91\xa9\xf0\x9f\x8f\xbe\xe2\x80\x8d\xe2\x9d\xa4\xef\xb8\x8f\xe2\x80\x8d\xf0\x9f\x92\x8b\xe2\x80\x8d\xf0\x9f\x91\xa9\xf0\x9f\x8f\xbc", "kiss: woman, woman, medium-dark skin tone, medium-light skin tone", true},
    {"\xf0\x9f\x91\xa9\xf0\x9f\x8f\xbe\xe2\x80\x8d\xe2\x9d\xa4\xef\xb8\x8f\xe2\x80\x8d\xf0\x9f\x92\x8b\xe2\x80\x8d\xf0\x9f\x91\xa9\xf0\x9f\x8f\xbd", "kiss: woman, woman, medium-dark skin tone, medium skin tone", true},
    {"\xf0\x9f\x91\xa9\xf0\x9f\x8f\xbe\xe2\x80\x8d\xe2\x9d\xa4\xef\xb8\x8f\xe2\x80\x8d\xf0\x9f\x92\x8b\xe2\x80\x8d\xf0\x9f\x91\xa9\xf0\x9f\x8f\xbe", "kiss: woman, woman, medium-dark skin tone", true},
    {"\xf0\x9f\x91\xa9\xf0\x9f\x8f\xbe\xe2\x80\x8d\xe2\x9d\xa4\xef\xb8\x8f\xe2\x80\x8d\xf0\x9f\x92\x8b\xe2\x80\x8d\xf0\x9f\x91\xa9\xf0\x9f\x8f\xbf", "kiss: woman, woman, medium-dark skin tone, dark skin tone", true},
    {"\xf0\x9f\x91\xa9\xf0\x9f\x8f\xbf\xe2\x80\x8d\xe2\x9d\xa4\xef\xb8\x8f\xe2\x80\x8d\xf0\x9f\x92\x8b\xe2\x80\x8d\xf0\x9f\x91\xa9\xf0\x9f\x8f\xbb", "kiss: woman, woman, dark skin tone, light skin tone", true},
    {"\xf0\x9f\x91\xa9\xf0\x9f\x8f\xbf\xe2\x80\x8d\xe2\x9d\xa4\xef\xb8\x8f\xe2\x80\x8d\xf0\x9f\x92\x8b\xe2\x80\x8d\xf0\x9f\x91\xa9\xf0\x9f\x8f\xbc", "kiss: woman, woman, dark skin tone, medium-light skin tone", true},
    {"\xf0\x9f\x91\xa9\xf0\x9f\x8f\xbf\xe2\x80\x8d\xe2\x9d\xa4\xef\xb8\x8f\xe2\x80\x8d\xf0\x9f\x92\x8b\xe2\x80\x8d\xf0\x9f\x91\xa9\xf0\x9f\x8f\xbd", "kiss: woman, woman, dark skin tone, medium skin tone", true},
    {"\xf0\x9f\x91\xa9\xf0\x9f\x8f\xbf\xe2\x80\x8d\xe2\x9d\xa4\xef\xb8\x8f\xe2\x80\x8d\xf0\x9f\x92\x8b\xe2\x80\x8d\xf0\x9f\x91\xa9\xf0\x9f\x8f\xbe", "kiss: woman, woman, dark skin tone, medium-dark skin tone", true},
    {"\xf0\x9f\x91\xa9\xf0\x9f\x8f\xbf\xe2\x80\x8d\xe2\x9d\xa4\xef\xb8\x8f\xe2\x80\x8d\xf0\x9f\x92\x8b\xe2\x80\x8d\xf0\x9f\x91\xa9\xf0\x9f\x8f\xbf", "kiss: woman, woman, dark skin tone", true},
    {"\xf0\x9f\x92\x91", "couple with heart", false},
    {"\xf0\x9f\x92\x91\xf0\x9f\x8f\xbb", "couple with heart: light skin tone", true},
    {"\xf0\x9f\x92\x91\xf0\x9f\x8f\xbc", "couple with heart: medium-light skin tone", true},
    {"\xf0\x9f\x92\x91\xf0\x9f\x8f\xbd", "couple with heart: medium skin tone", true},
    {"\xf0\x9f\x92\x91\xf0\x9f\x8f\xbe", "couple with heart: medium-dark skin tone", true},
    {"\xf0\x9f\x92\x91\xf0\x9f\x8f\xbf", "couple with heart: dark skin tone", true},
    {"\xf0\x9f\xa7\x91\xf0\x9f\x8f\xbb\xe2\x80\x8d\xe2\x9d\xa4\xef\xb8\x8f\xe2\x80\x8d\xf0\x9f\xa7\x91\xf0\x9f\x8f\xbc", "couple with heart: person, person, light skin tone, medium-light skin tone", true},
    {"\xf0\x9f\xa7\x91\xf0\x9f\x8f\xbb\xe2\x80\x8d\xe2\x9d\xa4\xef\xb8\x8f\xe2\x80\x8d\xf0\x9f\xa7\x91\xf0\x9f\x8f\xbd", "couple with heart: person, person, light skin tone, medium skin tone", true},
    {"\xf0\x9f\xa7\x91\xf0\x9f\x8f\xbb\xe2\x80\x8d\xe2\x9d\xa4\xef\xb8\x8f\xe2\x80\x8d\xf0\x9f\xa7\x91\xf0\x9f\x8f\xbe", "couple with heart: person, person, light skin tone, medium-dark skin tone", true},
    {"\xf0\x9f\xa7\x91\xf0\x9f\x8f\xbb\xe2\x80\x8d\xe2\x9d\xa4\xef\xb8\x8f\xe2\x80\x8d\xf0\x9f\xa7\x91\xf0\x9f\x8f\xbf", "couple with heart: person, person, light skin tone, dark skin tone", true},
    {"\xf0\x9f\xa7\x91\xf0\x9f\x8f\xbc\xe2\x80\x8d\xe2\x9d\xa4\xef\xb8\x8f\xe2\x80\x8d\xf0\x9f\xa7\x91\xf0\x9f\x8f\xbb", "couple with heart: person, person, medium-light skin tone, light skin tone", true},
    {"\xf0\x9f\xa7\x91\xf0\x9f\x8f\xbc\xe2\x80\x8d\xe2\x9d\xa4\xef\xb8\x8f\xe2\x80\x8d\xf0\x9f\xa7\x91\xf0\x9f\x8f\xbd", "couple with heart: person, person, medium-light skin tone, medium skin tone", true},
    {"\xf0\x9f\xa7\x91\xf0\x9f\x8f\xbc\xe2\x80\x8d\xe2\x9d\xa4\xef\xb8\x8f\xe2\x80\x8d\xf0\x9f\xa7\x91\xf0\x9f\x8f\xbe", "couple with heart: person, person, medium-light skin tone, medium-dark skin tone", true},
    {"\xf0\x9f\xa7\x91\xf0\x9f\x8f\xbc\xe2\x80\x8d\xe2\x9d\xa4\xef\xb8\x8f\xe2\x80\x8d\xf0\x9f\xa7\x91\xf0\x9f\x8f\xbf", "couple with heart: person, person, medium-light skin tone, dark skin tone", true},
    {"\xf0\x9f\xa7\x91\xf0\x9f\x8f\xbd\xe2\x80\x8d\xe2\x9d\xa4\xef\xb8\x8f\xe2\x80\x8d\xf0\x9f\xa7\x91\xf0\x9f\x8f\xbb", "couple with heart: person, person, medium skin tone, light skin tone", true},
    {"\xf0\x9f\xa7\x91\xf0\x9f\x8f\xbd\xe2\x80\x8d\xe2\x9d\xa4\xef\xb8\x8f\xe2\x80\x8d\xf0\x9f\xa7\x91\xf0\x9f\x8f\xbc", "couple with heart: person, person, medium skin tone, medium-light skin tone", true},
    {"\xf0\x9f\xa7\x91\xf0\x9f\x8f\xbd\xe2\x80\x8d\xe2\x9d\xa4\xef\xb8\x8f\xe2\x80\x8d\xf0\x9f\xa7\x91\xf0\x9f\x8f\xbe", "couple with heart: person, person, medium skin tone, medium-dark skin tone", true},
    {"\xf0\x9f\xa7\x91\xf0\x9f\x8f\xbd\xe2\x80\x8d\xe2\x9d\xa4\xef\xb8\x8f\xe2\x80\x8d\xf0\x9f\xa7\x91\xf0\x9f\x8f\xbf", "couple with heart: person, person, medium skin tone, dark skin tone", true},
    {"\xf0\x9f\xa7\x91\xf0\x9f\x8f\xbe\xe2\x80\x8d\xe2\x9d\xa4\xef\xb8\x8f\xe2\x80\x8d\xf0\x9f\xa7\x91\xf0\x9f\x8f\xbb", "couple with heart: person, person, medium-dark skin tone, light skin tone", true},
    {"\xf0\x9f\xa7\x91\xf0\x9f\x8f\xbe\xe2\x80\x8d\xe2\x9d\xa4\xef\xb8\x8f\xe2\x80\x8d\xf0\x9f\xa7\x91\xf0\x9f\x8f\xbc", "couple with heart: person, person, medium-dark skin tone, medium-light skin tone", true},
    {"\xf0\x9f\xa7\x91\xf0\x9f\x8f\xbe\xe2\x80\x8d\xe2\x9d\xa4\xef\xb8\x8f\xe2\x80\x8d\xf0\x9f\xa7\x91\xf0\x9f\x8f\xbd", "couple with heart: person, person, medium-dark skin tone, medium skin tone", true},
    {"\xf0\x9f\xa7\x91\xf0\x9f\x8f\xbe\xe2\x80\x8d\xe2\x9d\xa4\xef\xb8\x8f\xe2\x80\x8d\xf0\x9f\xa7\x91\xf0\x9f\x8f\xbf", "couple with heart: person, person, medium-dark skin tone, dark skin tone", true},
    {"\xf0\x9f\xa7\x91\xf0\x9f\x8f\xbf\xe2\x80\x8d\xe2\x9d\xa4\xef\xb8\x8f\xe2\x80\x8d\xf0\x9f\xa7\x91\xf0\x9f\x8f\xbb", "couple with heart: person, person, dark skin tone, light skin tone", true},
    {"\xf0\x9f\xa7\x91\xf0\x9f\x8f\xbf\xe2\x80\x8d\xe2\x9d\xa4\xef\xb8\x8f\xe2\x80\x8d\xf0\x9f\xa7\x91\xf0\x9f\x8f\xbc", "couple with heart: person, person, dark skin tone, medium-light skin tone", true},
    {"\xf0\x9f\xa7\x91\xf0\x9f\x8f\xbf\xe2\x80\x8d\xe2\x9d\xa4\xef\xb8\x8f\xe2\x80\x8d\xf0\x9f\xa7\x91\xf0\x9f\x8f\xbd", "couple with heart: person, person, dark skin tone, medium skin tone", true},
    {"\xf0\x9f\xa7\x91\xf0\x9f\x8f\xbf\xe2\x80\x8d\xe2\x9d\xa4\xef\xb8\x8f\xe2\x80\x8d\xf0\x9f\xa7\x91\xf0\x9f\x8f\xbe", "couple with heart: person, person, dark skin tone, medium-dark skin tone", true},
    {"\xf0\x9f\x91\xa9\xe2\x80\x8d\xe2\x9d\xa4\xef\xb8\x8f\xe2\x80\x8d\xf0\x9f\x91\xa8", "couple with heart: woman, man", false},
    {"\xf0\x9f\x91\xa9\xf0\x9f\x8f\xbb\xe2\x80\x8d\xe2\x9d\xa4\xef\xb8\x8f\xe2\x80\x8d\xf0\x9f\x91\xa8\xf0\x9f\x8f\xbb", "couple with heart: woman, man, light skin tone", true},
    {"\xf0\x9f\x91\xa9\xf0\x9f\x8f\xbb\xe2\x80\x8d\xe2\x9d\xa4\xef\xb8\x8f\xe2\x80\x8d\xf0\x9f\x91\xa8\xf0\x9f\x8f\xbc", "couple with heart: woman, man, light skin tone, medium-light skin tone", true},
    {"\xf0\x9f\x91\xa9\xf0\x9f\x8f\xbb\xe2\x80\x8d\xe2\x9d\xa4\xef\xb8\x8f\xe2\x80\x8d\xf0\x9f\x91\xa8\xf0\x9f\x8f\xbd", "couple with heart: woman, man, light skin tone, medium skin tone", true},
    {"\xf0\x9f\x91\xa9\xf0\x9f\x8f\xbb\xe2\x80\x8d\xe2\x9d\xa4\xef\xb8\x8f\xe2\x80\x8d\xf0\x9f\x91\xa8\xf0\x9f\x8f\xbe", "couple with heart: woman, man, light skin tone, medium-dark skin tone", true},
    {"\xf0\x9f\x91\xa9\xf0\x9f\x8f\xbb\xe2\x80\x8d\xe2\x9d\xa4\xef\xb8\x8f\xe2\x80\x8d\xf0\x9f\x91\xa8\xf0\x9f\x8f\xbf", "couple with heart: woman, man, light skin tone, dark skin tone", true},
    {"\xf0\x9f\x91\xa9\xf0\x9f\x8f\xbc\xe2\x80\x8d\xe2\x9d\xa4\xef\xb8\x8f\xe2\x80\x8d\xf0\x9f\x91\xa8\xf0\x9f\x8f\xbb", "couple with heart: woman, man, medium-light skin tone, light skin tone", true},
    {"\xf0\x9f\x91\xa9\xf0\x9f\x8f\xbc\xe2\x80\x8d\xe2\x9d\xa4\xef\xb8\x8f\xe2\x80\x8d\xf0\x9f\x91\xa8\xf0\x9f\x8f\xbc", "couple with heart: woman, man, medium-light skin tone", true},
    {"\xf0\x9f\x91\xa9\xf0\x9f\x8f\xbc\xe2\x80\x8d\xe2\x9d\xa4\xef\xb8\x8f\xe2\x80\x8d\xf0\x9f\x91\xa8\xf0\x9f\x8f\xbd", "couple with heart: woman, man, medium-light skin tone, medium skin tone", true},
    {"\xf0\x9f\x91\xa9\xf0\x9f\x8f\xbc\xe2\x80\x8d\xe2\x9d\xa4\xef\xb8\x8f\xe2\x80\x8d\xf0\x9f\x91\xa8\xf0\x9f\x8f\xbe", "couple with heart: woman, man, medium-light skin tone, medium-dark skin tone", true},
    {"\xf0\x9f\x91\xa9\xf0\x9f\x8f\xbc\xe2\x80\x8d\xe2\x9d\xa4\xef\xb8\x8f\xe2\x80\x8d\xf0\x9f\x91\xa8\xf0\x9f\x8f\xbf", "couple with heart: woman, man, medium-light skin tone, dark skin tone", true},
    {"\xf0\x9f\x91\xa9\xf0\x9f\x8f\xbd\xe2\x80\x8d\xe2\x9d\xa4\xef\xb8\x8f\xe2\x80\x8d\xf0\x9f\x91\xa8\xf0\x9f\x8f\xbb", "couple with heart: woman, man, medium skin tone, light skin tone", true},
    {"\xf0\x9f\x91\xa9\xf0\x9f\x8f\xbd\xe2\x80\x8d\xe2\x9d\xa4\xef\xb8\x8f\xe2\x80\x8d\xf0\x9f\x91\xa8\xf0\x9f\x8f\xbc", "couple with heart: woman, man, medium skin tone, medium-light skin tone", true},
    {"\xf0\x9f\x91\xa9\xf0\x9f\x8f\xbd\xe2\x80\x8d\xe2\x9d\xa4\xef\xb8\x8f\xe2\x80\x8d\xf0\x9f\x91\xa8\xf0\x9f\x8f\xbd", "couple with heart: woman, man, medium skin tone", true},
    {"\xf0\x9f\x91\xa9\xf0\x9f\x8f\xbd\xe2\x80\x8d\xe2\x9d\xa4\xef\xb8\x8f\xe2\x80\x8d\xf0\x9f\x91\xa8\xf0\x9f\x8f\xbe", "couple with heart: woman, man, medium skin tone, medium-dark skin tone", true},
    {"\xf0\x9f\x91\xa9\xf0\x9f\x8f\xbd\xe2\x80\x8d\xe2\x9d\xa4\xef\xb8\x8f\xe2\x80\x8d\xf0\x9f\x91\xa8\xf0\x9f\x8f\xbf", "couple with heart: woman, man, medium skin tone, dark skin tone", true},
    {"\xf0\x9f\x91\xa9\xf0\x9f\x8f\xbe\xe2\x80\x8d\xe2\x9d\xa4\xef\xb8\x8f\xe2\x80\x8d\xf0\x9f\x91\xa8\xf0\x9f\x8f\xbb", "couple with heart: woman, man, medium-dark skin tone, light skin tone", true},
    {"\xf0\x9f\x91\xa9\xf0\x9f\x8f\xbe\xe2\x80\x8d\xe2\x9d\xa4\xef\xb8\x8f\xe2\x80\x8d\xf0\x9f\x91\xa8\xf0\x9f\x8f\xbc", "couple with heart: woman, man, medium-dark skin tone, medium-light skin tone", true},
    {"\xf0\x9f\x91\xa9\xf0\x9f\x8f\xbe\xe2\x80\x8d\xe2\x9d\xa4\xef\xb8\x8f\xe2\x80\x8d\xf0\x9f\x91\xa8\xf0\x9f\x8f\xbd", "couple with heart: woman, man, medium-dark skin tone, medium skin tone", true},
    {"\xf0\x9f\x91\xa9\xf0\x9f\x8f\xbe\xe2\x80\x8d\xe2\x9d\xa4\xef\xb8\x8f\xe2\x80\x8d\xf0\x9f\x91\xa8\xf0\x9f\x8f\xbe", "couple with heart: woman, man, medium-dark skin tone", true},
    {"\xf0\x9f\x91\xa9\xf0\x9f\x8f\xbe\xe2\x80\x8d\xe2\x9d\xa4\xef\xb8\x8f\xe2\x80\x8d\xf0\x9f\x91\xa8\xf0\x9f\x8f\xbf", "couple with heart: woman, man, medium-dark skin tone, dark skin tone", true},
    {"\xf0\x9f\x91\xa9\xf0\x9f\x8f\xbf\xe2\x80\x8d\xe2\x9d\xa4\xef\xb8\x8f\xe2\x80\x8d\xf0\x9f\x91\xa8\xf0\x9f\x8f\xbb", "couple with heart: woman, man, dark skin tone, light skin tone", true},
    {"\xf0\x9f\x91\xa9\xf0\x9f\x8f\xbf\xe2\x80\x8d\xe2\x9d\xa4\xef\xb8\x8f\xe2\x80\x8d\xf0\x9f\x91\xa8\xf0\x9f\x8f\xbc", "couple with heart: woman, man, dark skin tone, medium-light skin tone", true},
    {"\xf0\x9f\x91\xa9\xf0\x9f\x8f\xbf\xe2\x80\x8d\xe2\x9d\xa4\xef\xb8\x8f\xe2\x80\x8d\xf0\x9f\x91\xa8\xf0\x9f\x8f\xbd", "couple with heart: woman, man, dark skin tone, medium skin tone", true},
    {"\xf0\x9f\x91\xa9\xf0\x9f\x8f\xbf\xe2\x80\x8d\xe2\x9d\xa4\xef\xb8\x8f\xe2\x80\x8d\xf0\x9f\x91\xa8\xf0\x9f\x8f\xbe", "couple with heart: woman, man, dark skin tone, medium-dark skin tone", true},
    {"\xf0\x9f\x91\xa9\xf0\x9f\x8f\xbf\xe2\x80\x8d\xe2\x9d\xa4\xef\xb8\x8f\xe2\x80\x8d\xf0\x9f\x91\xa8\xf0\x9f\x8f\xbf", "couple with heart: woman, man, dark skin tone", true},
    {"\xf0\x9f\x91\xa8\xe2\x80\x8d\xe2\x9d\xa4\xef\xb8\x8f\xe2\x80\x8d\xf0\x9f\x91\xa8", "couple with heart: man, man", false},
    {"\xf0\x9f\x91\xa8\xf0\x9f\x8f\xbb\xe2\x80\x8d\xe2\x9d\xa4\xef\xb8\x8f\xe2\x80\x8d\xf0\x9f\x91\xa8\xf0\x9f\x8f\xbb", "couple with heart: man, man, light skin tone", true},
    {"\xf0\x9f\x91\xa8\xf0\x9f\x8f\xbb\xe2\x80\x8d\xe2\x9d\xa4\xef\xb8\x8f\xe2\x80\x8d\xf0\x9f\x91\xa8\xf0\x9f\x8f\xbc", "couple with heart: man, man, light skin tone, medium-light skin tone", true},
    {"\xf0\x9f\x91\xa8\xf0\x9f\x8f\xbb\xe2\x80\x8d\xe2\x9d\xa4\xef\xb8\x8f\xe2\x80\x8d\xf0\x9f\x91\xa8\xf0\x9f\x8f\xbd", "couple with heart: man, man, light skin tone, medium skin tone", true},
    {"\xf0\x9f\x91\xa8\xf0\x9f\x8f\xbb\xe2\x80\x8d\xe2\x9d\xa4\xef\xb8\x8f\xe2\x80\x8d\xf0\x9f\x91\xa8\xf0\x9f\x8f\xbe", "couple with heart: man, man, light skin tone, medium-dark skin tone", true},
    {"\xf0\x9f\x91\xa8\xf0\x9f\x8f\xbb\xe2\x80\x8d\xe2\x9d\xa4\xef\xb8\x8f\xe2\x80\x8d\xf0\x9f\x91\xa8\xf0\x9f\x8f\xbf", "couple with heart: man, man, light skin tone, dark skin tone", true},
    {"\xf0\x9f\x91\xa8\xf0\x9f\x8f\xbc\xe2\x80\x8d\xe2\x9d\xa4\xef\xb8\x8f\xe2\x80\x8d\xf0\x9f\x91\xa8\xf0\x9f\x8f\xbb", "couple with heart: man, man, medium-light skin tone, light skin tone", true},
    {"\xf0\x9f\x91\xa8\xf0\x9f\x8f\xbc\xe2\x80\x8d\xe2\x9d\xa4\xef\xb8\x8f\xe2\x80\x8d\xf0\x9f\x91\xa8\xf0\x9f\x8f\xbc", "couple with heart: man, man, medium-light skin tone", true},
    {"\xf0\x9f\x91\xa8\xf0\x9f\x8f\xbc\xe2\x80\x8d\xe2\x9d\xa4\xef\xb8\x8f\xe2\x80\x8d\xf0\x9f\x91\xa8\xf0\x9f\x8f\xbd", "couple with heart: man, man, medium-light skin tone, medium skin tone", true},
    {"\xf0\x9f\x91\xa8\xf0\x9f\x8f\xbc\xe2\x80\x8d\xe2\x9d\xa4\xef\xb8\x8f\xe2\x80\x8d\xf0\x9f\x91\xa8\xf0\x9f\x8f\xbe", "couple with heart: man, man, medium-light skin tone, medium-dark skin tone", true},
    {"\xf0\x9f\x91\xa8\xf0\x9f\x8f\xbc\xe2\x80\x8d\xe2\x9d\xa4\xef\xb8\x8f\xe2\x80\x8d\xf0\x9f\x91\xa8\xf0\x9f\x8f\xbf", "couple with heart: man, man, medium-light skin tone, dark skin tone", true},
    {"\xf0\x9f\x91\xa8\xf0\x9f\x8f\xbd\xe2\x80\x8d\xe2\x9d\xa4\xef\xb8\x8f\xe2\x80\x8d\xf0\x9f\x91\xa8\xf0\x9f\x8f\xbb", "couple with heart: man, man, medium skin tone, light skin tone", true},
    {"\xf0\x9f\x91\xa8\xf0\x9f\x8f\xbd\xe2\x80\x8d\xe2\x9d\xa4\xef\xb8\x8f\xe2\x80\x8d\xf0\x9f\x91\xa8\xf0\x9f\x8f\xbc", "couple with heart: man, man, medium skin tone, medium-light skin tone", true},
    {"\xf0\x9f\x91\xa8\xf0\x9f\x8f\xbd\xe2\x80\x8d\xe2\x9d\xa4\xef\xb8\x8f\xe2\x80\x8d\xf0\x9f\x91\xa8\xf0\x9f\x8f\xbd", "couple with heart: man, man, medium skin tone", true},
    {"\xf0\x9f\x91\xa8\xf0\x9f\x8f\xbd\xe2\x80\x8d\xe2\x9d\xa4\xef\xb8\x8f\xe2\x80\x8d\xf0\x9f\x91\xa8\xf0\x9f\x8f\xbe", "couple with heart: man, man, medium skin tone, medium-dark skin tone", true},
    {"\xf0\x9f\x91\xa8\xf0\x9f\x8f\xbd\xe2\x80\x8d\xe2\x9d\xa4\xef\xb8\x8f\xe2\x80\x8d\xf0\x9f\x91\xa8\xf0\x9f\x8f\xbf", "couple with heart: man, man, medium skin tone, dark skin tone", true},
    {"\xf0\x9f\x91\xa8\xf0\x9f\x8f\xbe\xe2\x80\x8d\xe2\x9d\xa4\xef\xb8\x8f\xe2\x80\x8d\xf0\x9f\x91\xa8\xf0\x9f\x8f\xbb", "couple with heart: man, man, medium-dark skin tone, light skin tone", true},
    {"\xf0\x9f\x91\xa8\xf0\x9f\x8f\xbe\xe2\x80\x8d\xe2\x9d\xa4\xef\xb8\x8f\xe2\x80\x8d\xf0\x9f\x91\xa8\xf0\x9f\x8f\xbc", "couple with heart: man, man, medium-dark skin tone, medium-light skin tone", true},
    {"\xf0\x9f\x91\xa8\xf0\x9f\x8f\xbe\xe2\x80\x8d\xe2\x9d\xa4\xef\xb8\x8f\xe2\x80\x8d\xf0\x9f\x91\xa8\xf0\x9f\x8f\xbd", "couple with heart: man, man, medium-dark skin tone, medium skin tone", true},
    {"\xf0\x9f\x91\xa8\xf0\x9f\x8f\xbe\xe2\x80\x8d\xe2\x9d\xa4\xef\xb8\x8f\xe2\x80\x8d\xf0\x9f\x91\xa8\xf0\x9f\x8f\xbe", "couple with heart: man, man, medium-dark skin tone", true},
    {"\xf0\x9f\x91\xa8\xf0\x9f\x8f\xbe\xe2\x80\x8d\xe2\x9d\xa4\xef\xb8\x8f\xe2\x80\x8d\xf0\x9f\x91\xa8\xf0\x9f\x8f\xbf", "couple with heart: man, man, medium-dark skin tone, dark skin tone", true},
    {"\xf0\x9f\x91\xa8\xf0\x9f\x8f\xbf\xe2\x80\x8d\xe2\x9d\xa4\xef\xb8\x8f\xe2\x80\x8d\xf0\x9f\x91\xa8\xf0\x9f\x8f\xbb", "couple with heart: man, man, dark skin tone, light skin tone", true},
    {"\xf0\x9f\x91\xa8\xf0\x9f\x8f\xbf\xe2\x80\x8d\xe2\x9d\xa4\xef\xb8\x8f\xe2\x80\x8d\xf0\x9f\x91\xa8\xf0\x9f\x8f\xbc", "couple with heart: man, man, dark skin tone, medium-light skin tone", true},
    {"\xf0\x9f\x91\xa8\xf0\x9f\x8f\xbf\xe2\x80\x8d\xe2\x9d\xa4\xef\xb8\x8f\xe2\x80\x8d\xf0\x9f\x91\xa8\xf0\x9f\x8f\xbd", "couple with heart: man, man, dark skin tone, medium skin tone", true},
    {"\xf0\x9f\x91\xa8\xf0\x9f\x8f\xbf\xe2\x80\x8d\xe2\x9d\xa4\xef\xb8\x8f\xe2\x80\x8d\xf0\x9f\x91\xa8\xf0\x9f\x8f\xbe", "couple with heart: man, man, dark skin tone, medium-dark skin tone", true},
    {"\xf0\x9f\x91\xa8\xf0\x9f\x8f\xbf\xe2\x80\x8d\xe2\x9d\xa4\xef\xb8\x8f\xe2\x80\x8d\xf0\x9f\x91\xa8\xf0\x9f\x8f\xbf", "couple with heart: man, man, dark skin tone", true},
    {"\xf0\x9f\x91\xa9\xe2\x80\x8d\xe2\x9d\xa4\xef\xb8\x8f\xe2\x80\x8d\xf0\x9f\x91\xa9", "couple with heart: woman, woman", false},
    {"\xf0\x9f\x91\xa9\xf0\x9f\x8f\xbb\xe2\x80\x8d\xe2\x9d\xa4\xef\xb8\x8f\xe2\x80\x8d\xf0\x9f\x91\xa9\xf0\x9f\x8f\xbb", "couple with heart: woman, woman, light skin tone", true},
    {"\xf0\x9f\x91\xa9\xf0\x9f\x8f\xbb\xe2\x80\x8d\xe2\x9d\xa4\xef\xb8\x8f\xe2\x80\x8d\xf0\x9f\x91\xa9\xf0\x9f\x8f\xbc", "couple with heart: woman, woman, light skin tone, medium-light skin tone", true},
    {"\xf0\x9f\x91\xa9\xf0\x9f\x8f\xbb\xe2\x80\x8d\xe2\x9d\xa4\xef\xb8\x8f\xe2\x80\x8d\xf0\x9f\x91\xa9\xf0\x9f\x8f\xbd", "couple with heart: woman, woman, light skin tone, medium skin tone", true},
    {"\xf0\x9f\x91\xa9\xf0\x9f\x8f\xbb\xe2\x80\x8d\xe2\x9d\xa4\xef\xb8\x8f\xe2\x80\x8d\xf0\x9f\x91\xa9\xf0\x9f\x8f\xbe", "couple with heart: woman, woman, light skin tone, medium-dark skin tone", true},
    {"\xf0\x9f\x91\xa9\xf0\x9f\x8f\xbb\xe2\x80\x8d\xe2\x9d\xa4\xef\xb8\x8f\xe2\x80\x8d\xf0\x9f\x91\xa9\xf0\x9f\x8f\xbf", "couple with heart: woman, woman, light skin tone, dark skin tone", true},
    {"\xf0\x9f\x91\xa9\xf0\x9f\x8f\xbc\xe2\x80\x8d\xe2\x9d\xa4\xef\xb8\x8f\xe2\x80\x8d\xf0\x9f\x91\xa9\xf0\x9f\x8f\xbb", "couple with heart: woman, woman, medium-light skin tone, light skin tone", true},
    {"\xf0\x9f\x91\xa9\xf0\x9f\x8f\xbc\xe2\x80\x8d\xe2\x9d\xa4\xef\xb8\x8f\xe2\x80\x8d\xf0\x9f\x91\xa9\xf0\x9f\x8f\xbc", "couple with heart: woman, woman, medium-light skin tone", true},
    {"\xf0\x9f\x91\xa9\xf0\x9f\x8f\xbc\xe2\x80\x8d\xe2\x9d\xa4\xef\xb8\x8f\xe2\x80\x8d\xf0\x9f\x91\xa9\xf0\x9f\x8f\xbd", "couple with heart: woman, woman, medium-light skin tone, medium skin tone", true},
    {"\xf0\x9f\x91\xa9\xf0\x9f\x8f\xbc\xe2\x80\x8d\xe2\x9d\xa4\xef\xb8\x8f\xe2\x80\x8d\xf0\x9f\x91\xa9\xf0\x9f\x8f\xbe", "couple with heart: woman, woman, medium-light skin tone, medium-dark skin tone", true},
    {"\xf0\x9f\x91\xa9\xf0\x9f\x8f\xbc\xe2\x80\x8d\xe2\x9d\xa4\xef\xb8\x8f\xe2\x80\x8d\xf0\x9f\x91\xa9\xf0\x9f\x8f\xbf", "couple with heart: woman, woman, medium-light skin tone, dark skin tone", true},
    {"\xf0\x9f\x91\xa9\xf0\x9f\x8f\xbd\xe2\x80\x8d\xe2\x9d\xa4\xef\xb8\x8f\xe2\x80\x8d\xf0\x9f\x91\xa9\xf0\x9f\x8f\xbb", "couple with heart: woman, woman, medium skin tone, light skin tone", true},
    {"\xf0\x9f\x91\xa9\xf0\x9f\x8f\xbd\xe2\x80\x8d\xe2\x9d\xa4\xef\xb8\x8f\xe2\x80\x8d\xf0\x9f\x91\xa9\xf0\x9f\x8f\xbc", "couple with heart: woman, woman, medium skin tone, medium-light skin tone", true},
    {"\xf0\x9f\x91\xa9\xf0\x9f\x8f\xbd\xe2\x80\x8d\xe2\x9d\xa4\xef\xb8\x8f\xe2\x80\x8d\xf0\x9f\x91\xa9\xf0\x9f\x8f\xbd", "couple with heart: woman, woman, medium skin tone", true},
    {"\xf0\x9f\x91\xa9\xf0\x9f\x8f\xbd\xe2\x80\x8d\xe2\x9d\xa4\xef\xb8\x8f\xe2\x80\x8d\xf0\x9f\x91\xa9\xf0\x9f\x8f\xbe", "couple with heart: woman, woman, medium skin tone, medium-dark skin tone", true},
    {"\xf0\x9f\x91\xa9\xf0\x9f\x8f\xbd\xe2\x80\x8d\xe2\x9d\xa4\xef\xb8\x8f\xe2\x80\x8d\xf0\x9f\x91\xa9\xf0\x9f\x8f\xbf", "couple with heart: woman, woman, medium skin tone, dark skin tone", true},
    {"\xf0\x9f\x91\xa9\xf0\x9f\x8f\xbe\xe2\x80\x8d\xe2\x9d\xa4\xef\xb8\x8f\xe2\x80\x8d\xf0\x9f\x91\xa9\xf0\x9f\x8f\xbb", "couple with heart: woman, woman, medium-dark skin tone, light skin tone", true},
    {"\xf0\x9f\x91\xa9\xf0\x9f\x8f\xbe\xe2\x80\x8d\xe2\x9d\xa4\xef\xb8\x8f\xe2\x80\x8d\xf0\x9f\x91\xa9\xf0\x9f\x8f\xbc", "couple with heart: woman, woman, medium-dark skin tone, medium-light skin tone", true},
    {"\xf0\x9f\x91\xa9\xf0\x9f\x8f\xbe\xe2\x80\x8d\xe2\x9d\xa4\xef\xb8\x8f\xe2\x80\x8d\xf0\x9f\x91\xa9\xf0\x9f\x8f\xbd", "couple with heart: woman, woman, medium-dark skin tone, medium skin tone", true},
    {"\xf0\x9f\x91\xa9\xf0\x9f\x8f\xbe\xe2\x80\x8d\xe2\x9d\xa4\xef\xb8\x8f\xe2\x80\x8d\xf0\x9f\x91\xa9\xf0\x9f\x8f\xbe", "couple with heart: woman, woman, medium-dark skin tone", true},
    {"\xf0\x9f\x91\xa9\xf0\x9f\x8f\xbe\xe2\x80\x8d\xe2\x9d\xa4\xef\xb8\x8f\xe2\x80\x8d\xf0\x9f\x91\xa9\xf0\x9f\x8f\xbf", "couple with heart: woman, woman, medium-dark skin tone, dark skin tone", true},
    {"\xf0\x9f\x91\xa9\xf0\x9f\x8f\xbf\xe2\x80\x8d\xe2\x9d\xa4\xef\xb8\x8f\xe2\x80\x8d\xf0\x9f\x91\xa9\xf0\x9f\x8f\xbb", "couple with heart: woman, woman, dark skin tone, light skin tone", true},
    {"\xf0\x9f\x91\xa9\xf0\x9f\x8f\xbf\xe2\x80\x8d\xe2\x9d\xa4\xef\xb8\x8f\xe2\x80\x8d\xf0\x9f\x91\xa9\xf0\x9f\x8f\xbc", "couple with heart: woman, woman, dark skin tone, medium-light skin tone", true},
    {"\xf0\x9f\x91\xa9\xf0\x9f\x8f\xbf\xe2\x80\x8d\xe2\x9d\xa4\xef\xb8\x8f\xe2\x80\x8d\xf0\x9f\x91\xa9\xf0\x9f\x8f\xbd", "couple with heart: woman, woman, dark skin tone, medium skin tone", true},
    {"\xf0\x9f\x91\xa9\xf0\x9f\x8f\xbf\xe2\x80\x8d\xe2\x9d\xa4\xef\xb8\x8f\xe2\x80\x8d\xf0\x9f\x91\xa9\xf0\x9f\x8f\xbe", "couple with heart: woman, woman, dark skin tone, medium-dark skin tone", true},
    {"\xf0\x9f\x91\xa9\xf0\x9f\x8f\xbf\xe2\x80\x8d\xe2\x9d\xa4\xef\xb8\x8f\xe2\x80\x8d\xf0\x9f\x91\xa9\xf0\x9f\x8f\xbf", "couple with heart: woman, woman, dark skin tone", true},
    {"\xf0\x9f\x91\xa8\xe2\x80\x8d\xf0\x9f\x91\xa9\xe2\x80\x8d\xf0\x9f\x91\xa6", "family: man, woman, boy", false},
    {"\xf0\x9f\x91\xa8\xe2\x80\x8d\xf0\x9f\x91\xa9\xe2\x80\x8d\xf0\x9f\x91\xa7", "family: man, woman, girl", false},
    {"\xf0\x9f\x91\xa8\xe2\x80\x8d\xf0\x9f\x91\xa9\xe2\x80\x8d\xf0\x9f\x91\xa7\xe2\x80\x8d\xf0\x9f\x91\xa6", "family: man, woman, girl, boy", false},
    {"\xf0\x9f\x91\xa8\xe2\x80\x8d\xf0\x9f\x91\xa9\xe2\x80\x8d\xf0\x9f\x91\xa6\xe2\x80\x8d\xf0\x9f\x91\xa6", "family: man, woman, boy, boy", false},
    {"\xf0\x9f\x91\xa8\xe2\x80\x8d\xf0\x9f\x91\xa9\xe2\x80\x8d\xf0\x9f\x91\xa7\xe2\x80\x8d\xf0\x9f\x91\xa7", "family: man, woman, girl, girl", false},
    {"\xf0\x9f\x91\xa8\xe2\x80\x8d\xf0\x9f\x91\xa8\xe2\x80\x8d\xf0\x9f\x91\xa6", "family: man, man, boy", false},
    {"\xf0\x9f\x91\xa8\xe2\x80\x8d\xf0\x9f\x91\xa8\xe2\x80\x8d\xf0\x9f\x91\xa7", "family: man, man, girl", false},
    {"\xf0\x9f\x91\xa8\xe2\x80\x8d\xf0\x9f\x91\xa8\xe2\x80\x8d\xf0\x9f\x91\xa7\xe2\x80\x8d\xf0\x9f\x91\xa6", "family: man, man, girl, boy", false},
    {"\xf0\x9f\x91\xa8\xe2\x80\x8d\xf0\x9f\x91\xa8\xe2\x80\x8d\xf0\x9f\x91\xa6\xe2\x80\x8d\xf0\x9f\x91\xa6", "family: man, man, boy, boy", false},
    {"\xf0\x9f\x91\xa8\xe2\x80\x8d\xf0\x9f\x91\xa8\xe2\x80\x8d\xf0\x9f\x91\xa7\xe2\x80\x8d\xf0\x9f\x91\xa7", "family: man, man, girl, girl", false},
    {"\xf0\x9f\x91\xa9\xe2\x80\x8d\xf0\x9f\x91\xa9\xe2\x80\x8d\xf0\x9f\x91\xa6", "family: woman, woman, boy", false},
    {"\xf0\x9f\x91\xa9\xe2\x80\x8d\xf0\x9f\x91\xa9\xe2\x80\x8d\xf0\x9f\x91\xa7", "family: woman, woman, girl", false},
    {"\xf0\x9f\x91\xa9\xe2\x80\x8d\xf0\x9f\x91\xa9\xe2\x80\x8d\xf0\x9f\x91\xa7\xe2\x80\x8d\xf0\x9f\x91\xa6", "family: woman, woman, girl, boy", false},
    {"\xf0\x9f\x91\xa9\xe2\x80\x8d\xf0\x9f\x91\xa9\xe2\x80\x8d\xf0\x9f\x91\xa6\xe2\x80\x8d\xf0\x9f\x91\xa6", "family: woman, woman, boy, boy", false},
    {"\xf0\x9f\x91\xa9\xe2\x80\x8d\xf0\x9f\x91\xa9\xe2\x80\x8d\xf0\x9f\x91\xa7\xe2\x80\x8d\xf0\x9f\x91\xa7", "family: woman, woman, girl, girl", false},
    {"\xf0\x9f\x91\xa8\xe2\x80\x8d\xf0\x9f\x91\xa6", "family: man, boy", false},
    {"\xf0\x9f\x91\xa8\xe2\x80\x8d\xf0\x9f\x91\xa6\xe2\x80\x8d\xf0\x9f\x91\xa6", "family: man, boy, boy", false},
    {"\xf0\x9f\x91\xa8\xe2\x80\x8d\xf0\x9f\x91\xa7", "family: man, girl", false},
    {"\xf0\x9f\x91\xa8\xe2\x80\x8d\xf0\x9f\x91\xa7\xe2\x80\x8d\xf0\x9f\x91\xa6", "family: man, girl, boy", false},
    {"\xf0\x9f\x91\xa8\xe2\x80\x8d\xf0\x9f\x91\xa7\xe2\x80\x8d\xf0\x9f\x91\xa7", "family: man, girl, girl", false},
    {"\xf0\x9f\x91\xa9\xe2\x80\x8d\xf0\x9f\x91\xa6", "family: woman, boy", false},
    {"\xf0\x9f\x91\xa9\xe2\x80\x8d\xf0\x9f\x91\xa6\xe2\x80\x8d\xf0\x9f\x91\xa6", "family: woman, boy, boy", false},
    {"\xf0\x9f\x91\xa9\xe2\x80\x8d\xf0\x9f\x91\xa7", "family: woman, girl", false},
    {"\xf0\x9f\x91\xa9\xe2\x80\x8d\xf0\x9f\x91\xa7\xe2\x80\x8d\xf0\x9f\x91\xa6", "family: woman, girl, boy", false},
    {"\xf0\x9f\x91\xa9\xe2\x80\x8d\xf0\x9f\x91\xa7\xe2\x80\x8d\xf0\x9f\x91\xa7", "family: woman, girl, girl", false},
    {"\xf0\x9f\x97\xa3\xef\xb8\x8f", "speaking head", false},
    {"\xf0\x9f\x91\xa4", "bust in silhouette", false},
    {"\xf0\x9f\x91\xa5", "busts in silhouette", false},
    {"\xf0\x9f\xab\x82", "people hugging", false},
    {"\xf0\x9f\x91\xaa", "family", false},
    {"\xf0\x9f\xa7\x91\xe2\x80\x8d\xf0\x9f\xa7\x91\xe2\x80\x8d\xf0\x9f\xa7\x92", "family: adult, adult, child", false},
    {"\xf0\x9f\xa7\x91\xe2\x80\x8d\xf0\x9f\xa7\x91\xe2\x80\x8d\xf0\x9f\xa7\x92\xe2\x80\x8d\xf0\x9f\xa7\x92", "family: adult, adult, child, child", false},
    {"\xf0\x9f\xa7\x91\xe2\x80\x8d\xf0\x9f\xa7\x92", "family: adult, child", false},
    {"\xf0\x9f\xa7\x91\xe2\x80\x8d\xf0\x9f\xa7\x92\xe2\x80\x8d\xf0\x9f\xa7\x92", "family: adult, child, child", false},
    {"\xf0\x9f\x91\xa3", "footprints", false},
    {"\xf0\x9f\xab\x86", "fingerprint", false},
};
inline constexpr emoji_entry emoji_group_2[] = {
    {"\xf0\x9f\x90\xb5", "monkey face", false},
    {"\xf0\x9f\x90\x92", "monkey", false},
    {"\xf0\x9f\xa6\x8d", "gorilla", false},
    {"\xf0\x9f\xa6\xa7", "orangutan", false},
    {"\xf0\x9f\x90\xb6", "dog face", false},
    {"\xf0\x9f\x90\x95", "dog", false},
    {"\xf0\x9f\xa6\xae", "guide dog", false},
    {"\xf0\x9f\x90\x95\xe2\x80\x8d\xf0\x9f\xa6\xba", "service dog", false},
    {"\xf0\x9f\x90\xa9", "poodle", false},
    {"\xf0\x9f\x90\xba", "wolf", false},
    {"\xf0\x9f\xa6\x8a", "fox", false},
    {"\xf0\x9f\xa6\x9d", "raccoon", false},
    {"\xf0\x9f\x90\xb1", "cat face", false},
    {"\xf0\x9f\x90\x88", "cat", false},
    {"\xf0\x9f\x90\x88\xe2\x80\x8d\xe2\xac\x9b", "black cat", false},
    {"\xf0\x9f\xa6\x81", "lion", false},
    {"\xf0\x9f\x90\xaf", "tiger face", false},
    {"\xf0\x9f\x90\x85", "tiger", false},
    {"\xf0\x9f\x90\x86", "leopard", false},
    {"\xf0\x9f\x90\xb4", "horse face", false},
    {"\xf0\x9f\xab\x8e", "moose", false},
    {"\xf0\x9f\xab\x8f", "donkey", false},
    {"\xf0\x9f\x90\x8e", "horse", false},
    {"\xf0\x9f\xa6\x84", "unicorn", false},
    {"\xf0\x9f\xa6\x93", "zebra", false},
    {"\xf0\x9f\xa6\x8c", "deer", false},
    {"\xf0\x9f\xa6\xac", "bison", false},
    {"\xf0\x9f\x90\xae", "cow face", false},
    {"\xf0\x9f\x90\x82", "ox", false},
    {"\xf0\x9f\x90\x83", "water buffalo", false},
    {"\xf0\x9f\x90\x84", "cow", false},
    {"\xf0\x9f\x90\xb7", "pig face", false},
    {"\xf0\x9f\x90\x96", "pig", false},
    {"\xf0\x9f\x90\x97", "boar", false},
    {"\xf0\x9f\x90\xbd", "pig nose", false},
    {"\xf0\x9f\x90\x8f", "ram", false},
    {"\xf0\x9f\x90\x91", "ewe", false},
    {"\xf0\x9f\x90\x90", "goat", false},
    {"\xf0\x9f\x90\xaa", "camel", false},
    {"\xf0\x9f\x90\xab", "two-hump camel", false},
    {"\xf0\x9f\xa6\x99", "llama", false},
    {"\xf0\x9f\xa6\x92", "giraffe", false},
    {"\xf0\x9f\x90\x98", "elephant", false},
    {"\xf0\x9f\xa6\xa3", "mammoth", false},
    {"\xf0\x9f\xa6\x8f", "rhinoceros", false},
    {"\xf0\x9f\xa6\x9b", "hippopotamus", false},
    {"\xf0\x9f\x90\xad", "mouse face", false},
    {"\xf0\x9f\x90\x81", "mouse", false},
    {"\xf0\x9f\x90\x80", "rat", false},
    {"\xf0\x9f\x90\xb9", "hamster", false},
    {"\xf0\x9f\x90\xb0", "rabbit face", false},
    {"\xf0\x9f\x90\x87", "rabbit", false},
    {"\xf0\x9f\x90\xbf\xef\xb8\x8f", "chipmunk", false},
    {"\xf0\x9f\xa6\xab", "beaver", false},
    {"\xf0\x9f\xa6\x94", "hedgehog", false},
    {"\xf0\x9f\xa6\x87", "bat", false},
    {"\xf0\x9f\x90\xbb", "bear", false},
    {"\xf0\x9f\x90\xbb\xe2\x80\x8d\xe2\x9d\x84\xef\xb8\x8f", "polar bear", false},
    {"\xf0\x9f\x90\xa8", "koala", false},
    {"\xf0\x9f\x90\xbc", "panda", false},
    {"\xf0\x9f\xa6\xa5", "sloth", false},
    {"\xf0\x9f\xa6\xa6", "otter", false},
    {"\xf0\x9f\xa6\xa8", "skunk", false},
    {"\xf0\x9f\xa6\x98", "kangaroo", false},
    {"\xf0\x9f\xa6\xa1", "badger", false},
    {"\xf0\x9f\x90\xbe", "paw prints", false},
    {"\xf0\x9f\xa6\x83", "turkey", false},
    {"\xf0\x9f\x90\x94", "chicken", false},
    {"\xf0\x9f\x90\x93", "rooster", false},
    {"\xf0\x9f\x90\xa3", "hatching chick", false},
    {"\xf0\x9f\x90\xa4", "baby chick", false},
    {"\xf0\x9f\x90\xa5", "front-facing baby chick", false},
    {"\xf0\x9f\x90\xa6", "bird", false},
    {"\xf0\x9f\x90\xa7", "penguin", false},
    {"\xf0\x9f\x95\x8a\xef\xb8\x8f", "dove", false},
    {"\xf0\x9f\xa6\x85", "eagle", false},
    {"\xf0\x9f\xa6\x86", "duck", false},
    {"\xf0\x9f\xa6\xa2", "swan", false},
    {"\xf0\x9f\xa6\x89", "owl", false},
    {"\xf0\x9f\xa6\xa4", "dodo", false},
    {"\xf0\x9f\xaa\xb6", "feather", false},
    {"\xf0\x9f\xa6\xa9", "flamingo", false},
    {"\xf0\x9f\xa6\x9a", "peacock", false},
    {"\xf0\x9f\xa6\x9c", "parrot", false},
    {"\xf0\x9f\xaa\xbd", "wing", false},
    {"\xf0\x9f\x90\xa6\xe2\x80\x8d\xe2\xac\x9b", "black bird", false},
    {"\xf0\x9f\xaa\xbf", "goose", false},
    {"\xf0\x9f\x90\xa6\xe2\x80\x8d\xf0\x9f\x94\xa5", "phoenix", false},
    {"\xf0\x9f\x90\xb8", "frog", false},
    {"\xf0\x9f\x90\x8a", "crocodile", false},
    {"\xf0\x9f\x90\xa2", "turtle", false},
    {"\xf0\x9f\xa6\x8e", "lizard", false},
    {"\xf0\x9f\x90\x8d", "snake", false},
    {"\xf0\x9f\x90\xb2", "dragon face", false},
    {"\xf0\x9f\x90\x89", "dragon", false},
    {"\xf0\x9f\xa6\x95", "sauropod", false},
    {"\xf0\x9f\xa6\x96", "T-Rex", false},
    {"\xf0\x9f\x90\xb3", "spouting whale", false},
    {"\xf0\x9f\x90\x8b", "whale", false},
    {"\xf0\x9f\x90\xac", "dolphin", false},
    {"\xf0\x9f\xab\x8d", "orca", false},
    {"\xf0\x9f\xa6\xad", "seal", false},
    {"\xf0\x9f\x90\x9f", "fish", false},
    {"\xf0\x9f\x90\xa0", "tropical fish", false},
    {"\xf0\x9f\x90\xa1", "blowfish", false},
    {"\xf0\x9f\xa6\x88", "shark", false},
    {"\xf0\x9f\x90\x99", "octopus", false},
    {"\xf0\x9f\x90\x9a", "spiral shell", false},
    {"\xf0\x9f\xaa\xb8", "coral", false},
    {"\xf0\x9f\xaa\xbc", "jellyfish", false},
    {"\xf0\x9f\xa6\x80", "crab", false},
    {"\xf0\x9f\xa6\x9e", "lobster", false},
    {"\xf0\x9f\xa6\x90", "shrimp", false},
    {"\xf0\x9f\xa6\x91", "squid", false},
    {"\xf0\x9f\xa6\xaa", "oyster", false},
    {"\xf0\x9f\x90\x8c", "snail", false},
    {"\xf0\x9f\xa6\x8b", "butterfly", false},
    {"\xf0\x9f\xab\x8c", "monarch butterfly", false},
    {"\xf0\x9f\x90\x9b", "bug", false},
    {"\xf0\x9f\x90\x9c", "ant", false},
    {"\xf0\x9f\x90\x9d", "honeybee", false},
    {"\xf0\x9f\xaa\xb2", "beetle", false},
    {"\xf0\x9f\x90\x9e", "lady beetle", false},
    {"\xf0\x9f\xa6\x97", "cricket", false},
    {"\xf0\x9f\xaa\xb3", "cockroach", false},
    {"\xf0\x9f\x95\xb7\xef\xb8\x8f", "spider", false},
    {"\xf0\x9f\x95\xb8\xef\xb8\x8f", "spider web", false},
    {"\xf0\x9f\xa6\x82", "scorpion", false},
    {"\xf0\x9f\xa6\x9f", "mosquito", false},
    {"\xf0\x9f\xaa\xb0", "fly", false},
    {"\xf0\x9f\xaa\xb1", "worm", false},
    {"\xf0\x9f\xa6\xa0", "microbe", false},
    {"\xf0\x9f\x92\x90", "bouquet", false},
    {"\xf0\x9f\x8c\xb8", "cherry blossom", false},
    {"\xf0\x9f\x92\xae", "white flower", false},
    {"\xf0\x9f\xaa\xb7", "lotus", false},
    {"\xf0\x9f\x8f\xb5\xef\xb8\x8f", "rosette", false},
    {"\xf0\x9f\x8c\xb9", "rose", false},
    {"\xf0\x9f\xa5\x80", "wilted flower", false},
    {"\xf0\x9f\x8c\xba", "hibiscus", false},
    {"\xf0\x9f\x8c\xbb", "sunflower", false},
    {"\xf0\x9f\x8c\xbc", "blossom", false},
    {"\xf0\x9f\x8c\xb7", "tulip", false},
    {"\xf0\x9f\xaa\xbb", "hyacinth", false},
    {"\xf0\x9f\x8c\xb1", "seedling", false},
    {"\xf0\x9f\xaa\xb4", "potted plant", false},
    {"\xf0\x9f\x8c\xb2", "evergreen tree", false},
    {"\xf0\x9f\x8c\xb3", "deciduous tree", false},
    {"\xf0\x9f\x8c\xb4", "palm tree", false},
    {"\xf0\x9f\x8c\xb5", "cactus", false},
    {"\xf0\x9f\x8c\xbe", "sheaf of rice", false},
    {"\xf0\x9f\x8c\xbf", "herb", false},
    {"\xe2\x98\x98\xef\xb8\x8f", "shamrock", false},
    {"\xf0\x9f\x8d\x80", "four leaf clover", false},
    {"\xf0\x9f\x8d\x81", "maple leaf", false},
    {"\xf0\x9f\x8d\x82", "fallen leaf", false},
    {"\xf0\x9f\x8d\x83", "leaf fluttering in wind", false},
    {"\xf0\x9f\xaa\xb9", "empty nest", false},
    {"\xf0\x9f\xaa\xba", "nest with eggs", false},
    {"\xf0\x9f\x8d\x84", "mushroom", false},
    {"\xf0\x9f\xaa\xbe", "leafless tree", false},
};
inline constexpr emoji_entry emoji_group_3[] = {
    {"\xf0\x9f\x8d\x87", "grapes", false},
    {"\xf0\x9f\x8d\x88", "melon", false},
    {"\xf0\x9f\x8d\x89", "watermelon", false},
    {"\xf0\x9f\x8d\x8a", "tangerine", false},
    {"\xf0\x9f\x8d\x8b", "lemon", false},
    {"\xf0\x9f\x8d\x8b\xe2\x80\x8d\xf0\x9f\x9f\xa9", "lime", false},
    {"\xf0\x9f\x8d\x8c", "banana", false},
    {"\xf0\x9f\x8d\x8d", "pineapple", false},
    {"\xf0\x9f\xa5\xad", "mango", false},
    {"\xf0\x9f\x8d\x8e", "red apple", false},
    {"\xf0\x9f\x8d\x8f", "green apple", false},
    {"\xf0\x9f\x8d\x90", "pear", false},
    {"\xf0\x9f\x8d\x91", "peach", false},
    {"\xf0\x9f\x8d\x92", "cherries", false},
    {"\xf0\x9f\x8d\x93", "strawberry", false},
    {"\xf0\x9f\xab\x90", "blueberries", false},
    {"\xf0\x9f\xa5\x9d", "kiwi fruit", false},
    {"\xf0\x9f\x8d\x85", "tomato", false},
    {"\xf0\x9f\xab\x92", "olive", false},
    {"\xf0\x9f\xa5\xa5", "coconut", false},
    {"\xf0\x9f\xa5\x91", "avocado", false},
    {"\xf0\x9f\x8d\x86", "eggplant", false},
    {"\xf0\x9f\xa5\x94", "potato", false},
    {"\xf0\x9f\xa5\x95", "carrot", false},
    {"\xf0\x9f\x8c\xbd", "ear of corn", false},
    {"\xf0\x9f\x8c\xb6\xef\xb8\x8f", "hot pepper", false},
    {"\xf0\x9f\xab\x91", "bell pepper", false},
    {"\xf0\x9f\xa5\x92", "cucumber", false},
    {"\xf0\x9f\xab\x9d", "pickle", false},
    {"\xf0\x9f\xa5\xac", "leafy green", false},
    {"\xf0\x9f\xa5\xa6", "broccoli", false},
    {"\xf0\x9f\xa7\x84", "garlic", false},
    {"\xf0\x9f\xa7\x85", "onion", false},
    {"\xf0\x9f\xa5\x9c", "peanuts", false},
    {"\xf0\x9f\xab\x98", "beans", false},
    {"\xf0\x9f\x8c\xb0", "chestnut", false},
    {"\xf0\x9f\xab\x9a", "ginger root", false},
    {"\xf0\x9f\xab\x9b", "pea pod", false},
    {"\xf0\x9f\x8d\x84\xe2\x80\x8d\xf0\x9f\x9f\xab", "brown mushroom", false},
    {"\xf0\x9f\xab\x9c", "root vegetable", false},
    {"\xf0\x9f\x8d\x9e", "bread", false},
    {"\xf0\x9f\xa5\x90", "croissant", false},
    {"\xf0\x9f\xa5\x96", "baguette bread", false},
    {"\xf0\x9f\xab\x93", "flatbread", false},
    {"\xf0\x9f\xa5\xa8", "pretzel", false},
    {"\xf0\x9f\xa5\xaf", "bagel", false},
    {"\xf0\x9f\xa5\x9e", "pancakes", false},
    {"\xf0\x9f\xa7\x87", "waffle", false},
    {"\xf0\x9f\xa7\x80", "cheese wedge", false},
    {"\xf0\x9f\x8d\x96", "meat on bone", false},
    {"\xf0\x9f\x8d\x97", "poultry leg", false},
    {"\xf0\x9f\xa5\xa9", "cut of meat", false},
    {"\xf0\x9f\xa5\x93", "bacon", false},
    {"\xf0\x9f\x8d\x94", "hamburger", false},
    {"\xf0\x9f\x8d\x9f", "french fries", false},
    {"\xf0\x9f\x8d\x95", "pizza", false},
    {"\xf0\x9f\x8c\xad", "hot dog", false},
    {"\xf0\x9f\xa5\xaa", "sandwich", false},
    {"\xf0\x9f\x8c\xae", "taco", false},
    {"\xf0\x9f\x8c\xaf", "burrito", false},
    {"\xf0\x9f\xab\x94", "tamale", false},
    {"\xf0\x9f\xa5\x99", "stuffed flatbread", false},
    {"\xf0\x9f\xa7\x86", "falafel", false},
    {"\xf0\x9f\xa5\x9a", "egg", false},
    {"\xf0\x9f\x8d\xb3", "cooking", false},
    {"\xf0\x9f\xa5\x98", "shallow pan of food", false},
    {"\xf0\x9f\x8d\xb2", "pot of food", false},
    {"\xf0\x9f\xab\x95", "fondue", false},
    {"\xf0\x9f\xa5\xa3", "bowl with spoon", false},
    {"\xf0\x9f\xa5\x97", "green salad", false},
    {"\xf0\x9f\x8d\xbf", "popcorn", false},
    {"\xf0\x9f\xa7\x88", "butter", false},
    {"\xf0\x9f\xa7\x82", "salt", false},
    {"\xf0\x9f\xa5\xab", "canned food", false},
    {"\xf0\x9f\x8d\xb1", "bento box", false},
    {"\xf0\x9f\x8d\x98", "rice cracker", false},
    {"\xf0\x9f\x8d\x99", "rice ball", false},
    {"\xf0\x9f\x8d\x9a", "cooked rice", false},
    {"\xf0\x9f\x8d\x9b", "curry rice", false},
    {"\xf0\x9f\x8d\x9c", "steaming bowl", false},
    {"\xf0\x9f\x8d\x9d", "spaghetti", false},
    {"\xf0\x9f\x8d\xa0", "roasted sweet potato", false},
    {"\xf0\x9f\x8d\xa2", "oden", false},
    {"\xf0\x9f\x8d\xa3", "sushi", false},
    {"\xf0\x9f\x8d\xa4", "fried shrimp", false},
    {"\xf0\x9f\x8d\xa5", "fish cake with swirl", false},
    {"\xf0\x9f\xa5\xae", "moon cake", false},
    {"\xf0\x9f\x8d\xa1", "dango", false},
    {"\xf0\x9f\xa5\x9f", "dumpling", false},
    {"\xf0\x9f\xa5\xa0", "fortune cookie", false},
    {"\xf0\x9f\xa5\xa1", "takeout box", false},
    {"\xf0\x9f\x8d\xa6", "soft ice cream", false},
    {"\xf0\x9f\x8d\xa7", "shaved ice", false},
    {"\xf0\x9f\x8d\xa8", "ice cream", false},
    {"\xf0\x9f\x8d\xa9", "doughnut", false},
    {"\xf0\x9f\x8d\xaa", "cookie", false},
    {"\xf0\x9f\x8e\x82", "birthday cake", false},
    {"\xf0\x9f\x8d\xb0", "shortcake", false},
    {"\xf0\x9f\xa7\x81", "cupcake", false},
    {"\xf0\x9f\xa5\xa7", "pie", false},
    {"\xf0\x9f\x8d\xab", "chocolate bar", false},
    {"\xf0\x9f\x8d\xac", "candy", false},
    {"\xf0\x9f\x8d\xad", "lollipop", false},
    {"\xf0\x9f\x8d\xae", "custard", false},
    {"\xf0\x9f\x8d\xaf", "honey pot", false},
    {"\xf0\x9f\x8d\xbc", "baby bottle", false},
    {"\xf0\x9f\xa5\x9b", "glass of milk", false},
    {"\xe2\x98\x95", "hot beverage", false},
    {"\xf0\x9f\xab\x96", "teapot", false},
    {"\xf0\x9f\x8d\xb5", "teacup without handle", false},
    {"\xf0\x9f\x8d\xb6", "sake", false},
    {"\xf0\x9f\x8d\xbe", "bottle with popping cork", false},
    {"\xf0\x9f\x8d\xb7", "wine glass", false},
    {"\xf0\x9f\x8d\xb8", "cocktail glass", false},
    {"\xf0\x9f\x8d\xb9", "tropical drink", false},
    {"\xf0\x9f\x8d\xba", "beer mug", false},
    {"\xf0\x9f\x8d\xbb", "clinking beer mugs", false},
    {"\xf0\x9f\xa5\x82", "clinking glasses", false},
    {"\xf0\x9f\xa5\x83", "tumbler glass", false},
    {"\xf0\x9f\xab\x97", "pouring liquid", false},
    {"\xf0\x9f\xa5\xa4", "cup with straw", false},
    {"\xf0\x9f\xa7\x8b", "bubble tea", false},
    {"\xf0\x9f\xa7\x83", "beverage box", false},
    {"\xf0\x9f\xa7\x89", "mate", false},
    {"\xf0\x9f\xa7\x8a", "ice", false},
    {"\xf0\x9f\xa5\xa2", "chopsticks", false},
    {"\xf0\x9f\x8d\xbd\xef\xb8\x8f", "fork and knife with plate", false},
    {"\xf0\x9f\x8d\xb4", "fork and knife", false},
    {"\xf0\x9f\xa5\x84", "spoon", false},
    {"\xf0\x9f\x94\xaa", "kitchen knife", false},
    {"\xf0\x9f\xab\x99", "jar", false},
    {"\xf0\x9f\x8f\xba", "amphora", false},
};
inline constexpr emoji_entry emoji_group_4[] = {
    {"\xf0\x9f\x8c\x8d", "globe showing Europe-Africa", false},
    {"\xf0\x9f\x8c\x8e", "globe showing Americas", false},
    {"\xf0\x9f\x8c\x8f", "globe showing Asia-Australia", false},
    {"\xf0\x9f\x8c\x90", "globe with meridians", false},
    {"\xf0\x9f\x97\xba\xef\xb8\x8f", "world map", false},
    {"\xf0\x9f\x97\xbe", "map of Japan", false},
    {"\xf0\x9f\xa7\xad", "compass", false},
    {"\xf0\x9f\x8f\x94\xef\xb8\x8f", "snow-capped mountain", false},
    {"\xe2\x9b\xb0\xef\xb8\x8f", "mountain", false},
    {"\xf0\x9f\x9b\x98", "landslide", false},
    {"\xf0\x9f\x8c\x8b", "volcano", false},
    {"\xf0\x9f\x97\xbb", "mount fuji", false},
    {"\xf0\x9f\x8f\x95\xef\xb8\x8f", "camping", false},
    {"\xf0\x9f\x8f\x96\xef\xb8\x8f", "beach with umbrella", false},
    {"\xf0\x9f\x8f\x9c\xef\xb8\x8f", "desert", false},
    {"\xf0\x9f\x8f\x9d\xef\xb8\x8f", "desert island", false},
    {"\xf0\x9f\x8f\x9e\xef\xb8\x8f", "national park", false},
    {"\xf0\x9f\x8f\x9f\xef\xb8\x8f", "stadium", false},
    {"\xf0\x9f\x8f\x9b\xef\xb8\x8f", "classical building", false},
    {"\xf0\x9f\x8f\x97\xef\xb8\x8f", "building construction", false},
    {"\xf0\x9f\xa7\xb1", "brick", false},
    {"\xf0\x9f\xaa\xa8", "rock", false},
    {"\xf0\x9f\xaa\xb5", "wood", false},
    {"\xf0\x9f\x9b\x96", "hut", false},
    {"\xf0\x9f\x8f\x98\xef\xb8\x8f", "houses", false},
    {"\xf0\x9f\x8f\x9a\xef\xb8\x8f", "derelict house", false},
    {"\xf0\x9f\x8f\xa0", "house", false},
    {"\xf0\x9f\x8f\xa1", "house with garden", false},
    {"\xf0\x9f\x8f\xa2", "office building", false},
    {"\xf0\x9f\x8f\xa3", "Japanese post office", false},
    {"\xf0\x9f\x8f\xa4", "post office", false},
    {"\xf0\x9f\x8f\xa5", "hospital", false},
    {"\xf0\x9f\x8f\xa6", "bank", false},
    {"\xf0\x9f\x8f\xa8", "hotel", false},
    {"\xf0\x9f\x8f\xa9", "love hotel", false},
    {"\xf0\x9f\x8f\xaa", "convenience store", false},
    {"\xf0\x9f\x8f\xab", "school", false},
    {"\xf0\x9f\x8f\xac", "department store", false},
    {"\xf0\x9f\x8f\xad", "factory", false},
    {"\xf0\x9f\x8f\xaf", "Japanese castle", false},
    {"\xf0\x9f\x8f\xb0", "castle", false},
    {"\xf0\x9f\x92\x92", "wedding", false},
    {"\xf0\x9f\x97\xbc", "Tokyo tower", false},
    {"\xf0\x9f\x97\xbd", "Statue of Liberty", false},
    {"\xe2\x9b\xaa", "church", false},
    {"\xf0\x9f\x95\x8c", "mosque", false},
    {"\xf0\x9f\x9b\x95", "hindu temple", false},
    {"\xf0\x9f\x95\x8d", "synagogue", false},
    {"\xe2\x9b\xa9\xef\xb8\x8f", "shinto shrine", false},
    {"\xf0\x9f\x95\x8b", "kaaba", false},
    {"\xe2\x9b\xb2", "fountain", false},
    {"\xe2\x9b\xba", "tent", false},
    {"\xf0\x9f\x8c\x81", "foggy", false},
    {"\xf0\x9f\x8c\x83", "night with stars", false},
    {"\xf0\x9f\x8f\x99\xef\xb8\x8f", "cityscape", false},
    {"\xf0\x9f\x8c\x84", "sunrise over mountains", false},
    {"\xf0\x9f\x8c\x85", "sunrise", false},
    {"\xf0\x9f\x8c\x86", "cityscape at dusk", false},
    {"\xf0\x9f\x8c\x87", "sunset", false},
    {"\xf0\x9f\x8c\x89", "bridge at night", false},
    {"\xe2\x99\xa8\xef\xb8\x8f", "hot springs", false},
    {"\xf0\x9f\x8e\xa0", "carousel horse", false},
    {"\xf0\x9f\x9b\x9d", "playground slide", false},
    {"\xf0\x9f\x8e\xa1", "ferris wheel", false},
    {"\xf0\x9f\x8e\xa2", "roller coaster", false},
    {"\xf0\x9f\x92\x88", "barber pole", false},
    {"\xf0\x9f\x8e\xaa", "circus tent", false},
    {"\xf0\x9f\x9a\x82", "locomotive", false},
    {"\xf0\x9f\x9a\x83", "railway car", false},
    {"\xf0\x9f\x9a\x84", "high-speed train", false},
    {"\xf0\x9f\x9a\x85", "bullet train", false},
    {"\xf0\x9f\x9a\x86", "train", false},
    {"\xf0\x9f\x9a\x87", "metro", false},
    {"\xf0\x9f\x9a\x88", "light rail", false},
    {"\xf0\x9f\x9a\x89", "station", false},
    {"\xf0\x9f\x9a\x8a", "tram", false},
    {"\xf0\x9f\x9a\x9d", "monorail", false},
    {"\xf0\x9f\x9a\x9e", "mountain railway", false},
    {"\xf0\x9f\x9a\x8b", "tram car", false},
    {"\xf0\x9f\x9a\x8c", "bus", false},
    {"\xf0\x9f\x9a\x8d", "oncoming bus", false},
    {"\xf0\x9f\x9a\x8e", "trolleybus", false},
    {"\xf0\x9f\x9a\x90", "minibus", false},
    {"\xf0\x9f\x9a\x91", "ambulance", false},
    {"\xf0\x9f\x9a\x92", "fire engine", false},
    {"\xf0\x9f\x9a\x93", "police car", false},
    {"\xf0\x9f\x9a\x94", "oncoming police car", false},
    {"\xf0\x9f\x9a\x95", "taxi", false},
    {"\xf0\x9f\x9a\x96", "oncoming taxi", false},
    {"\xf0\x9f\x9a\x97", "automobile", false},
    {"\xf0\x9f\x9a\x98", "oncoming automobile", false},
    {"\xf0\x9f\x9a\x99", "sport utility vehicle", false},
    {"\xf0\x9f\x9b\xbb", "pickup truck", false},
    {"\xf0\x9f\x9a\x9a", "delivery truck", false},
    {"\xf0\x9f\x9a\x9b", "articulated lorry", false},
    {"\xf0\x9f\x9a\x9c", "tractor", false},
    {"\xf0\x9f\x8f\x8e\xef\xb8\x8f", "racing car", false},
    {"\xf0\x9f\x8f\x8d\xef\xb8\x8f", "motorcycle", false},
    {"\xf0\x9f\x9b\xb5", "motor scooter", false},
    {"\xf0\x9f\xa6\xbd", "manual wheelchair", false},
    {"\xf0\x9f\xa6\xbc", "motorized wheelchair", false},
    {"\xf0\x9f\x9b\xba", "auto rickshaw", false},
    {"\xf0\x9f\x9a\xb2", "bicycle", false},
    {"\xf0\x9f\x9b\xb4", "kick scooter", false},
    {"\xf0\x9f\x9b\xb9", "skateboard", false},
    {"\xf0\x9f\x9b\xbc", "roller skate", false},
    {"\xf0\x9f\x9a\x8f", "bus stop", false},
    {"\xf0\x9f\x9b\xa3\xef\xb8\x8f", "motorway", false},
    {"\xf0\x9f\x9b\xa4\xef\xb8\x8f", "railway track", false},
    {"\xf0\x9f\x9b\xa2\xef\xb8\x8f", "oil drum", false},
    {"\xe2\x9b\xbd", "fuel pump", false},
    {"\xf0\x9f\x9b\x9e", "wheel", false},
    {"\xf0\x9f\x9a\xa8", "police car light", false},
    {"\xf0\x9f\x9a\xa5", "horizontal traffic light", false},
    {"\xf0\x9f\x9a\xa6", "vertical traffic light", false},
    {"\xf0\x9f\x9b\x91", "stop sign", false},
    {"\xf0\x9f\x9a\xa7", "construction", false},
    {"\xf0\x9f\x9b\x99", "lighthouse", false},
    {"\xe2\x9a\x93", "anchor", false},
    {"\xf0\x9f\x9b\x9f", "ring buoy", false},
    {"\xe2\x9b\xb5", "sailboat", false},
    {"\xf0\x9f\x9b\xb6", "canoe", false},
    {"\xf0\x9f\x9a\xa4", "speedboat", false},
    {"\xf0\x9f\x9b\xb3\xef\xb8\x8f", "passenger ship", false},
    {"\xe2\x9b\xb4\xef\xb8\x8f", "ferry", false},
    {"\xf0\x9f\x9b\xa5\xef\xb8\x8f", "motor boat", false},
    {"\xf0\x9f\x9a\xa2", "ship", false},
    {"\xe2\x9c\x88\xef\xb8\x8f", "airplane", false},
    {"\xf0\x9f\x9b\xa9\xef\xb8\x8f", "small airplane", false},
    {"\xf0\x9f\x9b\xab", "airplane departure", false},
    {"\xf0\x9f\x9b\xac", "airplane arrival", false},
    {"\xf0\x9f\xaa\x82", "parachute", false},
    {"\xf0\x9f\x92\xba", "seat", false},
    {"\xf0\x9f\x9a\x81", "helicopter", false},
    {"\xf0\x9f\x9a\x9f", "suspension railway", false},
    {"\xf0\x9f\x9a\xa0", "mountain cableway", false},
    {"\xf0\x9f\x9a\xa1", "aerial tramway", false},
    {"\xf0\x9f\x9b\xb0\xef\xb8\x8f", "satellite", false},
    {"\xf0\x9f\x9a\x80", "rocket", false},
    {"\xf0\x9f\x9b\xb8", "flying saucer", false},
    {"\xf0\x9f\x9b\x8e\xef\xb8\x8f", "bellhop bell", false},
    {"\xf0\x9f\xa7\xb3", "luggage", false},
    {"\xe2\x8c\x9b", "hourglass done", false},
    {"\xe2\x8f\xb3", "hourglass not done", false},
    {"\xe2\x8c\x9a", "watch", false},
    {"\xe2\x8f\xb0", "alarm clock", false},
    {"\xe2\x8f\xb1\xef\xb8\x8f", "stopwatch", false},
    {"\xe2\x8f\xb2\xef\xb8\x8f", "timer clock", false},
    {"\xf0\x9f\x95\xb0\xef\xb8\x8f", "mantelpiece clock", false},
    {"\xf0\x9f\x95\x9b", "twelve o’clock", false},
    {"\xf0\x9f\x95\xa7", "twelve-thirty", false},
    {"\xf0\x9f\x95\x90", "one o’clock", false},
    {"\xf0\x9f\x95\x9c", "one-thirty", false},
    {"\xf0\x9f\x95\x91", "two o’clock", false},
    {"\xf0\x9f\x95\x9d", "two-thirty", false},
    {"\xf0\x9f\x95\x92", "three o’clock", false},
    {"\xf0\x9f\x95\x9e", "three-thirty", false},
    {"\xf0\x9f\x95\x93", "four o’clock", false},
    {"\xf0\x9f\x95\x9f", "four-thirty", false},
    {"\xf0\x9f\x95\x94", "five o’clock", false},
    {"\xf0\x9f\x95\xa0", "five-thirty", false},
    {"\xf0\x9f\x95\x95", "six o’clock", false},
    {"\xf0\x9f\x95\xa1", "six-thirty", false},
    {"\xf0\x9f\x95\x96", "seven o’clock", false},
    {"\xf0\x9f\x95\xa2", "seven-thirty", false},
    {"\xf0\x9f\x95\x97", "eight o’clock", false},
    {"\xf0\x9f\x95\xa3", "eight-thirty", false},
    {"\xf0\x9f\x95\x98", "nine o’clock", false},
    {"\xf0\x9f\x95\xa4", "nine-thirty", false},
    {"\xf0\x9f\x95\x99", "ten o’clock", false},
    {"\xf0\x9f\x95\xa5", "ten-thirty", false},
    {"\xf0\x9f\x95\x9a", "eleven o’clock", false},
    {"\xf0\x9f\x95\xa6", "eleven-thirty", false},
    {"\xf0\x9f\x8c\x91", "new moon", false},
    {"\xf0\x9f\x8c\x92", "waxing crescent moon", false},
    {"\xf0\x9f\x8c\x93", "first quarter moon", false},
    {"\xf0\x9f\x8c\x94", "waxing gibbous moon", false},
    {"\xf0\x9f\x8c\x95", "full moon", false},
    {"\xf0\x9f\x8c\x96", "waning gibbous moon", false},
    {"\xf0\x9f\x8c\x97", "last quarter moon", false},
    {"\xf0\x9f\x8c\x98", "waning crescent moon", false},
    {"\xf0\x9f\x8c\x99", "crescent moon", false},
    {"\xf0\x9f\x8c\x9a", "new moon face", false},
    {"\xf0\x9f\x8c\x9b", "first quarter moon face", false},
    {"\xf0\x9f\x8c\x9c", "last quarter moon face", false},
    {"\xf0\x9f\x8c\xa1\xef\xb8\x8f", "thermometer", false},
    {"\xe2\x98\x80\xef\xb8\x8f", "sun", false},
    {"\xf0\x9f\x8c\x9d", "full moon face", false},
    {"\xf0\x9f\x8c\x9e", "sun with face", false},
    {"\xf0\x9f\xaa\x90", "ringed planet", false},
    {"\xe2\xad\x90", "star", false},
    {"\xf0\x9f\x8c\x9f", "glowing star", false},
    {"\xf0\x9f\x8c\xa0", "shooting star", false},
    {"\xf0\x9f\x8c\x8c", "milky way", false},
    {"\xe2\x98\x81\xef\xb8\x8f", "cloud", false},
    {"\xe2\x9b\x85", "sun behind cloud", false},
    {"\xe2\x9b\x88\xef\xb8\x8f", "cloud with lightning and rain", false},
    {"\xf0\x9f\x8c\xa4\xef\xb8\x8f", "sun behind small cloud", false},
    {"\xf0\x9f\x8c\xa5\xef\xb8\x8f", "sun behind large cloud", false},
    {"\xf0\x9f\x8c\xa6\xef\xb8\x8f", "sun behind rain cloud", false},
    {"\xf0\x9f\x8c\xa7\xef\xb8\x8f", "cloud with rain", false},
    {"\xf0\x9f\x8c\xa8\xef\xb8\x8f", "cloud with snow", false},
    {"\xf0\x9f\x8c\xa9\xef\xb8\x8f", "cloud with lightning", false},
    {"\xf0\x9f\x8c\xaa\xef\xb8\x8f", "tornado", false},
    {"\xf0\x9f\x8c\xab\xef\xb8\x8f", "fog", false},
    {"\xf0\x9f\x8c\xac\xef\xb8\x8f", "wind face", false},
    {"\xf0\x9f\x8c\x80", "cyclone", false},
    {"\xf0\x9f\x8c\x88", "rainbow", false},
    {"\xf0\x9f\x8c\x82", "closed umbrella", false},
    {"\xe2\x98\x82\xef\xb8\x8f", "umbrella", false},
    {"\xe2\x98\x94", "umbrella with rain drops", false},
    {"\xe2\x9b\xb1\xef\xb8\x8f", "umbrella on ground", false},
    {"\xe2\x9a\xa1", "high voltage", false},
    {"\xe2\x9d\x84\xef\xb8\x8f", "snowflake", false},
    {"\xe2\x98\x83\xef\xb8\x8f", "snowman", false},
    {"\xe2\x9b\x84", "snowman without snow", false},
    {"\xe2\x98\x84\xef\xb8\x8f", "comet", false},
    {"\xf0\x9f\xaa\x8b", "meteor", false},
    {"\xf0\x9f\x94\xa5", "fire", false},
    {"\xf0\x9f\x92\xa7", "droplet", false},
    {"\xf0\x9f\x8c\x8a", "water wave", false},
};
inline constexpr emoji_entry emoji_group_5[] = {
    {"\xf0\x9f\x8e\x83", "jack-o-lantern", false},
    {"\xf0\x9f\x8e\x84", "Christmas tree", false},
    {"\xf0\x9f\x8e\x86", "fireworks", false},
    {"\xf0\x9f\x8e\x87", "sparkler", false},
    {"\xf0\x9f\xa7\xa8", "firecracker", false},
    {"\xe2\x9c\xa8", "sparkles", false},
    {"\xf0\x9f\x8e\x88", "balloon", false},
    {"\xf0\x9f\x8e\x89", "party popper", false},
    {"\xf0\x9f\x8e\x8a", "confetti ball", false},
    {"\xf0\x9f\x8e\x8b", "tanabata tree", false},
    {"\xf0\x9f\x8e\x8d", "pine decoration", false},
    {"\xf0\x9f\x8e\x8e", "Japanese dolls", false},
    {"\xf0\x9f\x8e\x8f", "carp streamer", false},
    {"\xf0\x9f\x8e\x90", "wind chime", false},
    {"\xf0\x9f\x8e\x91", "moon viewing ceremony", false},
    {"\xf0\x9f\xa7\xa7", "red envelope", false},
    {"\xf0\x9f\x8e\x80", "ribbon", false},
    {"\xf0\x9f\x8e\x81", "wrapped gift", false},
    {"\xf0\x9f\x8e\x97\xef\xb8\x8f", "reminder ribbon", false},
    {"\xf0\x9f\x8e\x9f\xef\xb8\x8f", "admission tickets", false},
    {"\xf0\x9f\x8e\xab", "ticket", false},
    {"\xf0\x9f\x8e\x96\xef\xb8\x8f", "military medal", false},
    {"\xf0\x9f\x8f\x86", "trophy", false},
    {"\xf0\x9f\x8f\x85", "sports medal", false},
    {"\xf0\x9f\xa5\x87", "1st place medal", false},
    {"\xf0\x9f\xa5\x88", "2nd place medal", false},
    {"\xf0\x9f\xa5\x89", "3rd place medal", false},
    {"\xe2\x9a\xbd", "soccer ball", false},
    {"\xe2\x9a\xbe", "baseball", false},
    {"\xf0\x9f\xa5\x8e", "softball", false},
    {"\xf0\x9f\x8f\x80", "basketball", false},
    {"\xf0\x9f\x8f\x90", "volleyball", false},
    {"\xf0\x9f\x8f\x88", "american football", false},
    {"\xf0\x9f\x8f\x89", "rugby football", false},
    {"\xf0\x9f\x8e\xbe", "tennis", false},
    {"\xf0\x9f\xa5\x8f", "flying disc", false},
    {"\xf0\x9f\x8e\xb3", "bowling", false},
    {"\xf0\x9f\x8f\x8f", "cricket game", false},
    {"\xf0\x9f\x8f\x91", "field hockey", false},
    {"\xf0\x9f\x8f\x92", "ice hockey", false},
    {"\xf0\x9f\xa5\x8d", "lacrosse", false},
    {"\xf0\x9f\x8f\x93", "ping pong", false},
    {"\xf0\x9f\x8f\xb8", "badminton", false},
    {"\xf0\x9f\xa5\x8a", "boxing glove", false},
    {"\xf0\x9f\xa5\x8b", "martial arts uniform", false},
    {"\xf0\x9f\xa5\x85", "goal net", false},
    {"\xe2\x9b\xb3", "flag in hole", false},
    {"\xe2\x9b\xb8\xef\xb8\x8f", "ice skate", false},
    {"\xf0\x9f\x8e\xa3", "fishing pole", false},
    {"\xf0\x9f\xa4\xbf", "diving mask", false},
    {"\xf0\x9f\x8e\xbd", "running shirt", false},
    {"\xf0\x9f\x8e\xbf", "skis", false},
    {"\xf0\x9f\x9b\xb7", "sled", false},
    {"\xf0\x9f\xa5\x8c", "curling stone", false},
    {"\xf0\x9f\x8e\xaf", "bullseye", false},
    {"\xf0\x9f\xaa\x80", "yo-yo", false},
    {"\xf0\x9f\xaa\x81", "kite", false},
    {"\xf0\x9f\x94\xab", "water pistol", false},
    {"\xf0\x9f\x8e\xb1", "pool 8 ball", false},
    {"\xf0\x9f\x94\xae", "crystal ball", false},
    {"\xf0\x9f\xaa\x84", "magic wand", false},
    {"\xf0\x9f\x8e\xae", "video game", false},
    {"\xf0\x9f\x95\xb9\xef\xb8\x8f", "joystick", false},
    {"\xf0\x9f\x8e\xb0", "slot machine", false},
    {"\xf0\x9f\x8e\xb2", "game die", false},
    {"\xf0\x9f\xa7\xa9", "puzzle piece", false},
    {"\xf0\x9f\xa7\xb8", "teddy bear", false},
    {"\xf0\x9f\xaa\x85", "piñata", false},
    {"\xf0\x9f\xaa\xa9", "mirror ball", false},
    {"\xf0\x9f\xaa\x86", "nesting dolls", false},
    {"\xe2\x99\xa0\xef\xb8\x8f", "spade suit", false},
    {"\xe2\x99\xa5\xef\xb8\x8f", "heart suit", false},
    {"\xe2\x99\xa6\xef\xb8\x8f", "diamond suit", false},
    {"\xe2\x99\xa3\xef\xb8\x8f", "club suit", false},
    {"\xe2\x99\x9f\xef\xb8\x8f", "chess pawn", false},
    {"\xf0\x9f\x83\x8f", "joker", false},
    {"\xf0\x9f\x80\x84", "mahjong red dragon", false},
    {"\xf0\x9f\x8e\xb4", "flower playing cards", false},
    {"\xf0\x9f\x8e\xad", "performing arts", false},
    {"\xf0\x9f\x96\xbc\xef\xb8\x8f", "framed picture", false},
    {"\xf0\x9f\x8e\xa8", "artist palette", false},
    {"\xf0\x9f\xa7\xb5", "thread", false},
    {"\xf0\x9f\xaa\xa1", "sewing needle", false},
    {"\xf0\x9f\xa7\xb6", "yarn", false},
    {"\xf0\x9f\xaa\xa2", "knot", false},
};
inline constexpr emoji_entry emoji_group_6[] = {
    {"\xf0\x9f\x91\x93", "glasses", false},
    {"\xf0\x9f\x95\xb6\xef\xb8\x8f", "sunglasses", false},
    {"\xf0\x9f\xa5\xbd", "goggles", false},
    {"\xf0\x9f\xa5\xbc", "lab coat", false},
    {"\xf0\x9f\xa6\xba", "safety vest", false},
    {"\xf0\x9f\x91\x94", "necktie", false},
    {"\xf0\x9f\x91\x95", "t-shirt", false},
    {"\xf0\x9f\x91\x96", "jeans", false},
    {"\xf0\x9f\xa7\xa3", "scarf", false},
    {"\xf0\x9f\xa7\xa4", "gloves", false},
    {"\xf0\x9f\xa7\xa5", "coat", false},
    {"\xf0\x9f\xa7\xa6", "socks", false},
    {"\xf0\x9f\x91\x97", "dress", false},
    {"\xf0\x9f\x91\x98", "kimono", false},
    {"\xf0\x9f\xa5\xbb", "sari", false},
    {"\xf0\x9f\xa9\xb1", "one-piece swimsuit", false},
    {"\xf0\x9f\xa9\xb2", "briefs", false},
    {"\xf0\x9f\xa9\xb3", "shorts", false},
    {"\xf0\x9f\x91\x99", "bikini", false},
    {"\xf0\x9f\x91\x9a", "woman’s clothes", false},
    {"\xf0\x9f\xaa\xad", "folding hand fan", false},
    {"\xf0\x9f\x91\x9b", "purse", false},
    {"\xf0\x9f\x91\x9c", "handbag", false},
    {"\xf0\x9f\x91\x9d", "clutch bag", false},
    {"\xf0\x9f\x9b\x8d\xef\xb8\x8f", "shopping bags", false},
    {"\xf0\x9f\x8e\x92", "backpack", false},
    {"\xf0\x9f\xa9\xb4", "thong sandal", false},
    {"\xf0\x9f\x91\x9e", "man’s shoe", false},
    {"\xf0\x9f\x91\x9f", "running shoe", false},
    {"\xf0\x9f\xa5\xbe", "hiking boot", false},
    {"\xf0\x9f\xa5\xbf", "flat shoe", false},
    {"\xf0\x9f\x91\xa0", "high-heeled shoe", false},
    {"\xf0\x9f\x91\xa1", "woman’s sandal", false},
    {"\xf0\x9f\xa9\xb0", "ballet shoes", false},
    {"\xf0\x9f\x91\xa2", "woman’s boot", false},
    {"\xf0\x9f\xaa\xae", "hair pick", false},
    {"\xf0\x9f\x91\x91", "crown", false},
    {"\xf0\x9f\x91\x92", "woman’s hat", false},
    {"\xf0\x9f\x8e\xa9", "top hat", false},
    {"\xf0\x9f\x8e\x93", "graduation cap", false},
    {"\xf0\x9f\xa7\xa2", "billed cap", false},
    {"\xf0\x9f\xaa\x96", "military helmet", false},
    {"\xe2\x9b\x91\xef\xb8\x8f", "rescue worker’s helmet", false},
    {"\xf0\x9f\x93\xbf", "prayer beads", false},
    {"\xf0\x9f\x92\x84", "lipstick", false},
    {"\xf0\x9f\x92\x8d", "ring", false},
    {"\xf0\x9f\x92\x8e", "gem stone", false},
    {"\xf0\x9f\x94\x87", "muted speaker", false},
    {"\xf0\x9f\x94\x88", "speaker low volume", false},
    {"\xf0\x9f\x94\x89", "speaker medium volume", false},
    {"\xf0\x9f\x94\x8a", "speaker high volume", false},
    {"\xf0\x9f\x93\xa2", "loudspeaker", false},
    {"\xf0\x9f\x93\xa3", "megaphone", false},
    {"\xf0\x9f\x93\xaf", "postal horn", false},
    {"\xf0\x9f\x94\x94", "bell", false},
    {"\xf0\x9f\x94\x95", "bell with slash", false},
    {"\xf0\x9f\x8e\xbc", "musical score", false},
    {"\xf0\x9f\x8e\xb5", "musical note", false},
    {"\xf0\x9f\x8e\xb6", "musical notes", false},
    {"\xf0\x9f\x8e\x99\xef\xb8\x8f", "studio microphone", false},
    {"\xf0\x9f\x8e\x9a\xef\xb8\x8f", "level slider", false},
    {"\xf0\x9f\x8e\x9b\xef\xb8\x8f", "control knobs", false},
    {"\xf0\x9f\x8e\xa4", "microphone", false},
    {"\xf0\x9f\x8e\xa7", "headphone", false},
    {"\xf0\x9f\x93\xbb", "radio", false},
    {"\xf0\x9f\x8e\xb7", "saxophone", false},
    {"\xf0\x9f\x8e\xba", "trumpet", false},
    {"\xf0\x9f\xaa\x8a", "trombone", false},
    {"\xf0\x9f\xaa\x97", "accordion", false},
    {"\xf0\x9f\x8e\xb8", "guitar", false},
    {"\xf0\x9f\x8e\xb9", "musical keyboard", false},
    {"\xf0\x9f\x8e\xbb", "violin", false},
    {"\xf0\x9f\xaa\x95", "banjo", false},
    {"\xf0\x9f\xa5\x81", "drum", false},
    {"\xf0\x9f\xaa\x98", "long drum", false},
    {"\xf0\x9f\xaa\x87", "maracas", false},
    {"\xf0\x9f\xaa\x88", "flute", false},
    {"\xf0\x9f\xaa\x89", "harp", false},
    {"\xf0\x9f\x93\xb1", "mobile phone", false},
    {"\xf0\x9f\x93\xb2", "mobile phone with arrow", false},
    {"\xe2\x98\x8e\xef\xb8\x8f", "telephone", false},
    {"\xf0\x9f\x93\x9e", "telephone receiver", false},
    {"\xf0\x9f\x93\x9f", "pager", false},
    {"\xf0\x9f\x93\xa0", "fax machine", false},
    {"\xf0\x9f\x94\x8b", "battery", false},
    {"\xf0\x9f\xaa\xab", "low battery", false},
    {"\xf0\x9f\x94\x8c", "electric plug", false},
    {"\xf0\x9f\x92\xbb", "laptop", false},
    {"\xf0\x9f\x96\xa5\xef\xb8\x8f", "desktop computer", false},
    {"\xf0\x9f\x96\xa8\xef\xb8\x8f", "printer", false},
    {"\xe2\x8c\xa8\xef\xb8\x8f", "keyboard", false},
    {"\xf0\x9f\x96\xb1\xef\xb8\x8f", "computer mouse", false},
    {"\xf0\x9f\x96\xb2\xef\xb8\x8f", "trackball", false},
    {"\xf0\x9f\x92\xbd", "computer disk", false},
    {"\xf0\x9f\x92\xbe", "floppy disk", false},
    {"\xf0\x9f\x92\xbf", "optical disk", false},
    {"\xf0\x9f\x93\x80", "dvd", false},
    {"\xf0\x9f\xa7\xae", "abacus", false},
    {"\xf0\x9f\x8e\xa5", "movie camera", false},
    {"\xf0\x9f\x8e\x9e\xef\xb8\x8f", "film frames", false},
    {"\xf0\x9f\x93\xbd\xef\xb8\x8f", "film projector", false},
    {"\xf0\x9f\x8e\xac", "clapper board", false},
    {"\xf0\x9f\x93\xba", "television", false},
    {"\xf0\x9f\x93\xb7", "camera", false},
    {"\xf0\x9f\x93\xb8", "camera with flash", false},
    {"\xf0\x9f\x93\xb9", "video camera", false},
    {"\xf0\x9f\x93\xbc", "videocassette", false},
    {"\xf0\x9f\x94\x8d", "magnifying glass tilted left", false},
    {"\xf0\x9f\x94\x8e", "magnifying glass tilted right", false},
    {"\xf0\x9f\x95\xaf\xef\xb8\x8f", "candle", false},
    {"\xf0\x9f\x92\xa1", "light bulb", false},
    {"\xf0\x9f\x94\xa6", "flashlight", false},
    {"\xf0\x9f\x8f\xae", "red paper lantern", false},
    {"\xf0\x9f\xaa\x94", "diya lamp", false},
    {"\xf0\x9f\x93\x94", "notebook with decorative cover", false},
    {"\xf0\x9f\x93\x95", "closed book", false},
    {"\xf0\x9f\x93\x96", "open book", false},
    {"\xf0\x9f\x93\x97", "green book", false},
    {"\xf0\x9f\x93\x98", "blue book", false},
    {"\xf0\x9f\x93\x99", "orange book", false},
    {"\xf0\x9f\x93\x9a", "books", false},
    {"\xf0\x9f\x93\x93", "notebook", false},
    {"\xf0\x9f\x93\x92", "ledger", false},
    {"\xf0\x9f\x93\x83", "page with curl", false},
    {"\xf0\x9f\x93\x9c", "scroll", false},
    {"\xf0\x9f\x93\x84", "page facing up", false},
    {"\xf0\x9f\x93\xb0", "newspaper", false},
    {"\xf0\x9f\x97\x9e\xef\xb8\x8f", "rolled-up newspaper", false},
    {"\xf0\x9f\x93\x91", "bookmark tabs", false},
    {"\xf0\x9f\x94\x96", "bookmark", false},
    {"\xf0\x9f\x8f\xb7\xef\xb8\x8f", "label", false},
    {"\xf0\x9f\xaa\x99", "coin", false},
    {"\xf0\x9f\x92\xb0", "money bag", false},
    {"\xf0\x9f\xaa\x8e", "treasure chest", false},
    {"\xf0\x9f\x92\xb4", "yen banknote", false},
    {"\xf0\x9f\x92\xb5", "dollar banknote", false},
    {"\xf0\x9f\x92\xb6", "euro banknote", false},
    {"\xf0\x9f\x92\xb7", "pound banknote", false},
    {"\xf0\x9f\x92\xb8", "money with wings", false},
    {"\xf0\x9f\x92\xb3", "credit card", false},
    {"\xf0\x9f\xa7\xbe", "receipt", false},
    {"\xf0\x9f\x92\xb9", "chart increasing with yen", false},
    {"\xe2\x9c\x89\xef\xb8\x8f", "envelope", false},
    {"\xf0\x9f\x93\xa7", "e-mail", false},
    {"\xf0\x9f\x93\xa8", "incoming envelope", false},
    {"\xf0\x9f\x93\xa9", "envelope with arrow", false},
    {"\xf0\x9f\x93\xa4", "outbox tray", false},
    {"\xf0\x9f\x93\xa5", "inbox tray", false},
    {"\xf0\x9f\x93\xa6", "package", false},
    {"\xf0\x9f\x93\xab", "closed mailbox with raised flag", false},
    {"\xf0\x9f\x93\xaa", "closed mailbox with lowered flag", false},
    {"\xf0\x9f\x93\xac", "open mailbox with raised flag", false},
    {"\xf0\x9f\x93\xad", "open mailbox with lowered flag", false},
    {"\xf0\x9f\x93\xae", "postbox", false},
    {"\xf0\x9f\x97\xb3\xef\xb8\x8f", "ballot box with ballot", false},
    {"\xe2\x9c\x8f\xef\xb8\x8f", "pencil", false},
    {"\xe2\x9c\x92\xef\xb8\x8f", "black nib", false},
    {"\xf0\x9f\x96\x8b\xef\xb8\x8f", "fountain pen", false},
    {"\xf0\x9f\x96\x8a\xef\xb8\x8f", "pen", false},
    {"\xf0\x9f\x96\x8c\xef\xb8\x8f", "paintbrush", false},
    {"\xf0\x9f\x96\x8d\xef\xb8\x8f", "crayon", false},
    {"\xf0\x9f\x93\x9d", "memo", false},
    {"\xf0\x9f\xaa\x8c", "eraser", false},
    {"\xf0\x9f\x92\xbc", "briefcase", false},
    {"\xf0\x9f\x93\x81", "file folder", false},
    {"\xf0\x9f\x93\x82", "open file folder", false},
    {"\xf0\x9f\x97\x82\xef\xb8\x8f", "card index dividers", false},
    {"\xf0\x9f\x93\x85", "calendar", false},
    {"\xf0\x9f\x93\x86", "tear-off calendar", false},
    {"\xf0\x9f\x97\x92\xef\xb8\x8f", "spiral notepad", false},
    {"\xf0\x9f\x97\x93\xef\xb8\x8f", "spiral calendar", false},
    {"\xf0\x9f\x93\x87", "card index", false},
    {"\xf0\x9f\x93\x88", "chart increasing", false},
    {"\xf0\x9f\x93\x89", "chart decreasing", false},
    {"\xf0\x9f\x93\x8a", "bar chart", false},
    {"\xf0\x9f\x93\x8b", "clipboard", false},
    {"\xf0\x9f\x93\x8c", "pushpin", false},
    {"\xf0\x9f\x93\x8d", "round pushpin", false},
    {"\xf0\x9f\x93\x8e", "paperclip", false},
    {"\xf0\x9f\x96\x87\xef\xb8\x8f", "linked paperclips", false},
    {"\xf0\x9f\x93\x8f", "straight ruler", false},
    {"\xf0\x9f\x93\x90", "triangular ruler", false},
    {"\xe2\x9c\x82\xef\xb8\x8f", "scissors", false},
    {"\xf0\x9f\x97\x83\xef\xb8\x8f", "card file box", false},
    {"\xf0\x9f\x97\x84\xef\xb8\x8f", "file cabinet", false},
    {"\xf0\x9f\x97\x91\xef\xb8\x8f", "wastebasket", false},
    {"\xf0\x9f\x94\x92", "locked", false},
    {"\xf0\x9f\x94\x93", "unlocked", false},
    {"\xf0\x9f\x94\x8f", "locked with pen", false},
    {"\xf0\x9f\x94\x90", "locked with key", false},
    {"\xf0\x9f\x94\x91", "key", false},
    {"\xf0\x9f\x97\x9d\xef\xb8\x8f", "old key", false},
    {"\xf0\x9f\xaa\x8d", "net with handle", false},
    {"\xf0\x9f\x94\xa8", "hammer", false},
    {"\xf0\x9f\xaa\x93", "axe", false},
    {"\xe2\x9b\x8f\xef\xb8\x8f", "pick", false},
    {"\xe2\x9a\x92\xef\xb8\x8f", "hammer and pick", false},
    {"\xf0\x9f\x9b\xa0\xef\xb8\x8f", "hammer and wrench", false},
    {"\xf0\x9f\x97\xa1\xef\xb8\x8f", "dagger", false},
    {"\xe2\x9a\x94\xef\xb8\x8f", "crossed swords", false},
    {"\xf0\x9f\x92\xa3", "bomb", false},
    {"\xf0\x9f\xaa\x83", "boomerang", false},
    {"\xf0\x9f\x8f\xb9", "bow and arrow", false},
    {"\xf0\x9f\x9b\xa1\xef\xb8\x8f", "shield", false},
    {"\xf0\x9f\xaa\x9a", "carpentry saw", false},
    {"\xf0\x9f\x94\xa7", "wrench", false},
    {"\xf0\x9f\xaa\x9b", "screwdriver", false},
    {"\xf0\x9f\x94\xa9", "nut and bolt", false},
    {"\xe2\x9a\x99\xef\xb8\x8f", "gear", false},
    {"\xf0\x9f\x97\x9c\xef\xb8\x8f", "clamp", false},
    {"\xe2\x9a\x96\xef\xb8\x8f", "balance scale", false},
    {"\xf0\x9f\xa6\xaf", "white cane", false},
    {"\xf0\x9f\x94\x97", "link", false},
    {"\xe2\x9b\x93\xef\xb8\x8f\xe2\x80\x8d\xf0\x9f\x92\xa5", "broken chain", false},
    {"\xe2\x9b\x93\xef\xb8\x8f", "chains", false},
    {"\xf0\x9f\xaa\x9d", "hook", false},
    {"\xf0\x9f\xa7\xb0", "toolbox", false},
    {"\xf0\x9f\xa7\xb2", "magnet", false},
    {"\xf0\x9f\xaa\x9c", "ladder", false},
    {"\xf0\x9f\xaa\x8f", "shovel", false},
    {"\xe2\x9a\x97\xef\xb8\x8f", "alembic", false},
    {"\xf0\x9f\xa7\xaa", "test tube", false},
    {"\xf0\x9f\xa7\xab", "petri dish", false},
    {"\xf0\x9f\xa7\xac", "dna", false},
    {"\xf0\x9f\x94\xac", "microscope", false},
    {"\xf0\x9f\x94\xad", "telescope", false},
    {"\xf0\x9f\x93\xa1", "satellite antenna", false},
    {"\xf0\x9f\x92\x89", "syringe", false},
    {"\xf0\x9f\xa9\xb8", "drop of blood", false},
    {"\xf0\x9f\x92\x8a", "pill", false},
    {"\xf0\x9f\xa9\xb9", "adhesive bandage", false},
    {"\xf0\x9f\xa9\xbc", "crutch", false},
    {"\xf0\x9f\xa9\xba", "stethoscope", false},
    {"\xf0\x9f\xa9\xbb", "x-ray", false},
    {"\xf0\x9f\x9a\xaa", "door", false},
    {"\xf0\x9f\x9b\x97", "elevator", false},
    {"\xf0\x9f\xaa\x9e", "mirror", false},
    {"\xf0\x9f\xaa\x9f", "window", false},
    {"\xf0\x9f\x9b\x8f\xef\xb8\x8f", "bed", false},
    {"\xf0\x9f\x9b\x8b\xef\xb8\x8f", "couch and lamp", false},
    {"\xf0\x9f\xaa\x91", "chair", false},
    {"\xf0\x9f\x9a\xbd", "toilet", false},
    {"\xf0\x9f\xaa\xa0", "plunger", false},
    {"\xf0\x9f\x9a\xbf", "shower", false},
    {"\xf0\x9f\x9b\x81", "bathtub", false},
    {"\xf0\x9f\xaa\xa4", "mouse trap", false},
    {"\xf0\x9f\xaa\x92", "razor", false},
    {"\xf0\x9f\xa7\xb4", "lotion bottle", false},
    {"\xf0\x9f\xa7\xb7", "safety pin", false},
    {"\xf0\x9f\xa7\xb9", "broom", false},
    {"\xf0\x9f\xa7\xba", "basket", false},
    {"\xf0\x9f\xa7\xbb", "roll of paper", false},
    {"\xf0\x9f\xaa\xa3", "bucket", false},
    {"\xf0\x9f\xa7\xbc", "soap", false},
    {"\xf0\x9f\xab\xa7", "bubbles", false},
    {"\xf0\x9f\xaa\xa5", "toothbrush", false},
    {"\xf0\x9f\xa7\xbd", "sponge", false},
    {"\xf0\x9f\xa7\xaf", "fire extinguisher", false},
    {"\xf0\x9f\x9b\x92", "shopping cart", false},
    {"\xf0\x9f\x9a\xac", "cigarette", false},
    {"\xe2\x9a\xb0\xef\xb8\x8f", "coffin", false},
    {"\xf0\x9f\xaa\xa6", "headstone", false},
    {"\xe2\x9a\xb1\xef\xb8\x8f", "funeral urn", false},
    {"\xf0\x9f\xa7\xbf", "nazar amulet", false},
    {"\xf0\x9f\xaa\xac", "hamsa", false},
    {"\xf0\x9f\x97\xbf", "moai", false},
    {"\xf0\x9f\xaa\xa7", "placard", false},
    {"\xf0\x9f\xaa\xaa", "identification card", false},
};
inline constexpr emoji_entry emoji_group_7[] = {
    {"\xf0\x9f\x8f\xa7", "ATM sign", false},
    {"\xf0\x9f\x9a\xae", "litter in bin sign", false},
    {"\xf0\x9f\x9a\xb0", "potable water", false},
    {"\xe2\x99\xbf", "wheelchair symbol", false},
    {"\xf0\x9f\x9a\xb9", "men’s room", false},
    {"\xf0\x9f\x9a\xba", "women’s room", false},
    {"\xf0\x9f\x9a\xbb", "restroom", false},
    {"\xf0\x9f\x9a\xbc", "baby symbol", false},
    {"\xf0\x9f\x9a\xbe", "water closet", false},
    {"\xf0\x9f\x9b\x82", "passport control", false},
    {"\xf0\x9f\x9b\x83", "customs", false},
    {"\xf0\x9f\x9b\x84", "baggage claim", false},
    {"\xf0\x9f\x9b\x85", "left luggage", false},
    {"\xe2\x9a\xa0\xef\xb8\x8f", "warning", false},
    {"\xf0\x9f\x9a\xb8", "children crossing", false},
    {"\xe2\x9b\x94", "no entry", false},
    {"\xf0\x9f\x9a\xab", "prohibited", false},
    {"\xf0\x9f\x9a\xb3", "no bicycles", false},
    {"\xf0\x9f\x9a\xad", "no smoking", false},
    {"\xf0\x9f\x9a\xaf", "no littering", false},
    {"\xf0\x9f\x9a\xb1", "non-potable water", false},
    {"\xf0\x9f\x9a\xb7", "no pedestrians", false},
    {"\xf0\x9f\x93\xb5", "no mobile phones", false},
    {"\xf0\x9f\x94\x9e", "no one under eighteen", false},
    {"\xe2\x98\xa2\xef\xb8\x8f", "radioactive", false},
    {"\xe2\x98\xa3\xef\xb8\x8f", "biohazard", false},
    {"\xe2\xac\x86\xef\xb8\x8f", "up arrow", false},
    {"\xe2\x86\x97\xef\xb8\x8f", "up-right arrow", false},
    {"\xe2\x9e\xa1\xef\xb8\x8f", "right arrow", false},
    {"\xe2\x86\x98\xef\xb8\x8f", "down-right arrow", false},
    {"\xe2\xac\x87\xef\xb8\x8f", "down arrow", false},
    {"\xe2\x86\x99\xef\xb8\x8f", "down-left arrow", false},
    {"\xe2\xac\x85\xef\xb8\x8f", "left arrow", false},
    {"\xe2\x86\x96\xef\xb8\x8f", "up-left arrow", false},
    {"\xe2\x86\x95\xef\xb8\x8f", "up-down arrow", false},
    {"\xe2\x86\x94\xef\xb8\x8f", "left-right arrow", false},
    {"\xe2\x86\xa9\xef\xb8\x8f", "right arrow curving left", false},
    {"\xe2\x86\xaa\xef\xb8\x8f", "left arrow curving right", false},
    {"\xe2\xa4\xb4\xef\xb8\x8f", "right arrow curving up", false},
    {"\xe2\xa4\xb5\xef\xb8\x8f", "right arrow curving down", false},
    {"\xf0\x9f\x94\x83", "clockwise vertical arrows", false},
    {"\xf0\x9f\x94\x84", "counterclockwise arrows button", false},
    {"\xf0\x9f\x94\x99", "BACK arrow", false},
    {"\xf0\x9f\x94\x9a", "END arrow", false},
    {"\xf0\x9f\x94\x9b", "ON! arrow", false},
    {"\xf0\x9f\x94\x9c", "SOON arrow", false},
    {"\xf0\x9f\x94\x9d", "TOP arrow", false},
    {"\xf0\x9f\x9b\x90", "place of worship", false},
    {"\xe2\x9a\x9b\xef\xb8\x8f", "atom symbol", false},
    {"\xf0\x9f\x95\x89\xef\xb8\x8f", "om", false},
    {"\xe2\x9c\xa1\xef\xb8\x8f", "star of David", false},
    {"\xe2\x98\xb8\xef\xb8\x8f", "wheel of dharma", false},
    {"\xe2\x98\xaf\xef\xb8\x8f", "yin yang", false},
    {"\xe2\x9c\x9d\xef\xb8\x8f", "latin cross", false},
    {"\xe2\x98\xa6\xef\xb8\x8f", "orthodox cross", false},
    {"\xe2\x98\xaa\xef\xb8\x8f", "star and crescent", false},
    {"\xe2\x98\xae\xef\xb8\x8f", "peace symbol", false},
    {"\xf0\x9f\x95\x8e", "menorah", false},
    {"\xf0\x9f\x94\xaf", "dotted six-pointed star", false},
    {"\xf0\x9f\xaa\xaf", "khanda", false},
    {"\xe2\x99\x88", "Aries", false},
    {"\xe2\x99\x89", "Taurus", false},
    {"\xe2\x99\x8a", "Gemini", false},
    {"\xe2\x99\x8b", "Cancer", false},
    {"\xe2\x99\x8c", "Leo", false},
    {"\xe2\x99\x8d", "Virgo", false},
    {"\xe2\x99\x8e", "Libra", false},
    {"\xe2\x99\x8f", "Scorpio", false},
    {"\xe2\x99\x90", "Sagittarius", false},
    {"\xe2\x99\x91", "Capricorn", false},
    {"\xe2\x99\x92", "Aquarius", false},
    {"\xe2\x99\x93", "Pisces", false},
    {"\xe2\x9b\x8e", "Ophiuchus", false},
    {"\xf0\x9f\x94\x80", "shuffle tracks button", false},
    {"\xf0\x9f\x94\x81", "repeat button", false},
    {"\xf0\x9f\x94\x82", "repeat single button", false},
    {"\xe2\x96\xb6\xef\xb8\x8f", "play button", false},
    {"\xe2\x8f\xa9", "fast-forward button", false},
    {"\xe2\x8f\xad\xef\xb8\x8f", "next track button", false},
    {"\xe2\x8f\xaf\xef\xb8\x8f", "play or pause button", false},
    {"\xe2\x97\x80\xef\xb8\x8f", "reverse button", false},
    {"\xe2\x8f\xaa", "fast reverse button", false},
    {"\xe2\x8f\xae\xef\xb8\x8f", "last track button", false},
    {"\xf0\x9f\x94\xbc", "upwards button", false},
    {"\xe2\x8f\xab", "fast up button", false},
    {"\xf0\x9f\x94\xbd", "downwards button", false},
    {"\xe2\x8f\xac", "fast down button", false},
    {"\xe2\x8f\xb8\xef\xb8\x8f", "pause button", false},
    {"\xe2\x8f\xb9\xef\xb8\x8f", "stop button", false},
    {"\xe2\x8f\xba\xef\xb8\x8f", "record button", false},
    {"\xe2\x8f\x8f\xef\xb8\x8f", "eject button", false},
    {"\xf0\x9f\x8e\xa6", "cinema", false},
    {"\xf0\x9f\x94\x85", "dim button", false},
    {"\xf0\x9f\x94\x86", "bright button", false},
    {"\xf0\x9f\x93\xb6", "antenna bars", false},
    {"\xf0\x9f\x9b\x9c", "wireless", false},
    {"\xf0\x9f\x93\xb3", "vibration mode", false},
    {"\xf0\x9f\x93\xb4", "mobile phone off", false},
    {"\xe2\x99\x80\xef\xb8\x8f", "female sign", false},
    {"\xe2\x99\x82\xef\xb8\x8f", "male sign", false},
    {"\xe2\x9a\xa7\xef\xb8\x8f", "transgender symbol", false},
    {"\xe2\x9c\x96\xef\xb8\x8f", "multiply", false},
    {"\xe2\x9e\x95", "plus", false},
    {"\xe2\x9e\x96", "minus", false},
    {"\xe2\x9e\x97", "divide", false},
    {"\xf0\x9f\x9f\xb0", "heavy equals sign", false},
    {"\xe2\x99\xbe\xef\xb8\x8f", "infinity", false},
    {"\xe2\x80\xbc\xef\xb8\x8f", "double exclamation mark", false},
    {"\xe2\x81\x89\xef\xb8\x8f", "exclamation question mark", false},
    {"\xe2\x9d\x93", "red question mark", false},
    {"\xe2\x9d\x94", "white question mark", false},
    {"\xe2\x9d\x95", "white exclamation mark", false},
    {"\xe2\x9d\x97", "red exclamation mark", false},
    {"\xe3\x80\xb0\xef\xb8\x8f", "wavy dash", false},
    {"\xf0\x9f\x92\xb1", "currency exchange", false},
    {"\xf0\x9f\x92\xb2", "heavy dollar sign", false},
    {"\xe2\x9a\x95\xef\xb8\x8f", "medical symbol", false},
    {"\xe2\x99\xbb\xef\xb8\x8f", "recycling symbol", false},
    {"\xe2\x9a\x9c\xef\xb8\x8f", "fleur-de-lis", false},
    {"\xf0\x9f\x94\xb1", "trident emblem", false},
    {"\xf0\x9f\x93\x9b", "name badge", false},
    {"\xf0\x9f\x94\xb0", "Japanese symbol for beginner", false},
    {"\xe2\xad\x95", "hollow red circle", false},
    {"\xe2\x9c\x85", "check mark button", false},
    {"\xe2\x98\x91\xef\xb8\x8f", "check box with check", false},
    {"\xe2\x9c\x94\xef\xb8\x8f", "check mark", false},
    {"\xe2\x9d\x8c", "cross mark", false},
    {"\xe2\x9d\x8e", "cross mark button", false},
    {"\xe2\x9e\xb0", "curly loop", false},
    {"\xe2\x9e\xbf", "double curly loop", false},
    {"\xe3\x80\xbd\xef\xb8\x8f", "part alternation mark", false},
    {"\xe2\x9c\xb3\xef\xb8\x8f", "eight-spoked asterisk", false},
    {"\xe2\x9c\xb4\xef\xb8\x8f", "eight-pointed star", false},
    {"\xe2\x9d\x87\xef\xb8\x8f", "sparkle", false},
    {"\xc2\xa9\xef\xb8\x8f", "copyright", false},
    {"\xc2\xae\xef\xb8\x8f", "registered", false},
    {"\xe2\x84\xa2\xef\xb8\x8f", "trade mark", false},
    {"\xf0\x9f\xab\x9f", "splatter", false},
    {"\x23\xef\xb8\x8f\xe2\x83\xa3", "keycap: #", false},
    {"\x2a\xef\xb8\x8f\xe2\x83\xa3", "keycap: *", false},
    {"\x30\xef\xb8\x8f\xe2\x83\xa3", "keycap: 0", false},
    {"\x31\xef\xb8\x8f\xe2\x83\xa3", "keycap: 1", false},
    {"\x32\xef\xb8\x8f\xe2\x83\xa3", "keycap: 2", false},
    {"\x33\xef\xb8\x8f\xe2\x83\xa3", "keycap: 3", false},
    {"\x34\xef\xb8\x8f\xe2\x83\xa3", "keycap: 4", false},
    {"\x35\xef\xb8\x8f\xe2\x83\xa3", "keycap: 5", false},
    {"\x36\xef\xb8\x8f\xe2\x83\xa3", "keycap: 6", false},
    {"\x37\xef\xb8\x8f\xe2\x83\xa3", "keycap: 7", false},
    {"\x38\xef\xb8\x8f\xe2\x83\xa3", "keycap: 8", false},
    {"\x39\xef\xb8\x8f\xe2\x83\xa3", "keycap: 9", false},
    {"\xf0\x9f\x94\x9f", "keycap: 10", false},
    {"\xf0\x9f\x94\xa0", "input latin uppercase", false},
    {"\xf0\x9f\x94\xa1", "input latin lowercase", false},
    {"\xf0\x9f\x94\xa2", "input numbers", false},
    {"\xf0\x9f\x94\xa3", "input symbols", false},
    {"\xf0\x9f\x94\xa4", "input latin letters", false},
    {"\xf0\x9f\x85\xb0\xef\xb8\x8f", "A button (blood type)", false},
    {"\xf0\x9f\x86\x8e", "AB button (blood type)", false},
    {"\xf0\x9f\x85\xb1\xef\xb8\x8f", "B button (blood type)", false},
    {"\xf0\x9f\x86\x91", "CL button", false},
    {"\xf0\x9f\x86\x92", "COOL button", false},
    {"\xf0\x9f\x86\x93", "FREE button", false},
    {"\xe2\x84\xb9\xef\xb8\x8f", "information", false},
    {"\xf0\x9f\x86\x94", "ID button", false},
    {"\xe2\x93\x82\xef\xb8\x8f", "circled M", false},
    {"\xf0\x9f\x86\x95", "NEW button", false},
    {"\xf0\x9f\x86\x96", "NG button", false},
    {"\xf0\x9f\x85\xbe\xef\xb8\x8f", "O button (blood type)", false},
    {"\xf0\x9f\x86\x97", "OK button", false},
    {"\xf0\x9f\x85\xbf\xef\xb8\x8f", "P button", false},
    {"\xf0\x9f\x86\x98", "SOS button", false},
    {"\xf0\x9f\x86\x99", "UP! button", false},
    {"\xf0\x9f\x86\x9a", "VS button", false},
    {"\xf0\x9f\x88\x81", "Japanese “here” button", false},
    {"\xf0\x9f\x88\x82\xef\xb8\x8f", "Japanese “service charge” button", false},
    {"\xf0\x9f\x88\xb7\xef\xb8\x8f", "Japanese “monthly amount” button", false},
    {"\xf0\x9f\x88\xb6", "Japanese “not free of charge” button", false},
    {"\xf0\x9f\x88\xaf", "Japanese “reserved” button", false},
    {"\xf0\x9f\x89\x90", "Japanese “bargain” button", false},
    {"\xf0\x9f\x88\xb9", "Japanese “discount” button", false},
    {"\xf0\x9f\x88\x9a", "Japanese “free of charge” button", false},
    {"\xf0\x9f\x88\xb2", "Japanese “prohibited” button", false},
    {"\xf0\x9f\x89\x91", "Japanese “acceptable” button", false},
    {"\xf0\x9f\x88\xb8", "Japanese “application” button", false},
    {"\xf0\x9f\x88\xb4", "Japanese “passing grade” button", false},
    {"\xf0\x9f\x88\xb3", "Japanese “vacancy” button", false},
    {"\xe3\x8a\x97\xef\xb8\x8f", "Japanese “congratulations” button", false},
    {"\xe3\x8a\x99\xef\xb8\x8f", "Japanese “secret” button", false},
    {"\xf0\x9f\x88\xba", "Japanese “open for business” button", false},
    {"\xf0\x9f\x88\xb5", "Japanese “no vacancy” button", false},
    {"\xf0\x9f\x94\xb4", "red circle", false},
    {"\xf0\x9f\x9f\xa0", "orange circle", false},
    {"\xf0\x9f\x9f\xa1", "yellow circle", false},
    {"\xf0\x9f\x9f\xa2", "green circle", false},
    {"\xf0\x9f\x94\xb5", "blue circle", false},
    {"\xf0\x9f\x9f\xa3", "purple circle", false},
    {"\xf0\x9f\x9f\xa4", "brown circle", false},
    {"\xe2\x9a\xab", "black circle", false},
    {"\xe2\x9a\xaa", "white circle", false},
    {"\xf0\x9f\x9f\xa5", "red square", false},
    {"\xf0\x9f\x9f\xa7", "orange square", false},
    {"\xf0\x9f\x9f\xa8", "yellow square", false},
    {"\xf0\x9f\x9f\xa9", "green square", false},
    {"\xf0\x9f\x9f\xa6", "blue square", false},
    {"\xf0\x9f\x9f\xaa", "purple square", false},
    {"\xf0\x9f\x9f\xab", "brown square", false},
    {"\xe2\xac\x9b", "black large square", false},
    {"\xe2\xac\x9c", "white large square", false},
    {"\xe2\x97\xbc\xef\xb8\x8f", "black medium square", false},
    {"\xe2\x97\xbb\xef\xb8\x8f", "white medium square", false},
    {"\xe2\x97\xbe", "black medium-small square", false},
    {"\xe2\x97\xbd", "white medium-small square", false},
    {"\xe2\x96\xaa\xef\xb8\x8f", "black small square", false},
    {"\xe2\x96\xab\xef\xb8\x8f", "white small square", false},
    {"\xf0\x9f\x94\xb6", "large orange diamond", false},
    {"\xf0\x9f\x94\xb7", "large blue diamond", false},
    {"\xf0\x9f\x94\xb8", "small orange diamond", false},
    {"\xf0\x9f\x94\xb9", "small blue diamond", false},
    {"\xf0\x9f\x94\xba", "red triangle pointed up", false},
    {"\xf0\x9f\x94\xbb", "red triangle pointed down", false},
    {"\xf0\x9f\x92\xa0", "diamond with a dot", false},
    {"\xf0\x9f\x94\x98", "radio button", false},
    {"\xf0\x9f\x94\xb3", "white square button", false},
    {"\xf0\x9f\x94\xb2", "black square button", false},
};
inline constexpr emoji_entry emoji_group_8[] = {
    {"\xf0\x9f\x8f\x81", "chequered flag", false},
    {"\xf0\x9f\x9a\xa9", "triangular flag", false},
    {"\xf0\x9f\x8e\x8c", "crossed flags", false},
    {"\xf0\x9f\x8f\xb4", "black flag", false},
    {"\xf0\x9f\x8f\xb3\xef\xb8\x8f", "white flag", false},
    {"\xf0\x9f\x8f\xb3\xef\xb8\x8f\xe2\x80\x8d\xf0\x9f\x8c\x88", "rainbow flag", false},
    {"\xf0\x9f\x8f\xb3\xef\xb8\x8f\xe2\x80\x8d\xe2\x9a\xa7\xef\xb8\x8f", "transgender flag", false},
    {"\xf0\x9f\x8f\xb4\xe2\x80\x8d\xe2\x98\xa0\xef\xb8\x8f", "pirate flag", false},
    {"\xf0\x9f\x87\xa6\xf0\x9f\x87\xa8", "flag: Ascension Island", false},
    {"\xf0\x9f\x87\xa6\xf0\x9f\x87\xa9", "flag: Andorra", false},
    {"\xf0\x9f\x87\xa6\xf0\x9f\x87\xaa", "flag: United Arab Emirates", false},
    {"\xf0\x9f\x87\xa6\xf0\x9f\x87\xab", "flag: Afghanistan", false},
    {"\xf0\x9f\x87\xa6\xf0\x9f\x87\xac", "flag: Antigua & Barbuda", false},
    {"\xf0\x9f\x87\xa6\xf0\x9f\x87\xae", "flag: Anguilla", false},
    {"\xf0\x9f\x87\xa6\xf0\x9f\x87\xb1", "flag: Albania", false},
    {"\xf0\x9f\x87\xa6\xf0\x9f\x87\xb2", "flag: Armenia", false},
    {"\xf0\x9f\x87\xa6\xf0\x9f\x87\xb4", "flag: Angola", false},
    {"\xf0\x9f\x87\xa6\xf0\x9f\x87\xb6", "flag: Antarctica", false},
    {"\xf0\x9f\x87\xa6\xf0\x9f\x87\xb7", "flag: Argentina", false},
    {"\xf0\x9f\x87\xa6\xf0\x9f\x87\xb8", "flag: American Samoa", false},
    {"\xf0\x9f\x87\xa6\xf0\x9f\x87\xb9", "flag: Austria", false},
    {"\xf0\x9f\x87\xa6\xf0\x9f\x87\xba", "flag: Australia", false},
    {"\xf0\x9f\x87\xa6\xf0\x9f\x87\xbc", "flag: Aruba", false},
    {"\xf0\x9f\x87\xa6\xf0\x9f\x87\xbd", "flag: Åland Islands", false},
    {"\xf0\x9f\x87\xa6\xf0\x9f\x87\xbf", "flag: Azerbaijan", false},
    {"\xf0\x9f\x87\xa7\xf0\x9f\x87\xa6", "flag: Bosnia & Herzegovina", false},
    {"\xf0\x9f\x87\xa7\xf0\x9f\x87\xa7", "flag: Barbados", false},
    {"\xf0\x9f\x87\xa7\xf0\x9f\x87\xa9", "flag: Bangladesh", false},
    {"\xf0\x9f\x87\xa7\xf0\x9f\x87\xaa", "flag: Belgium", false},
    {"\xf0\x9f\x87\xa7\xf0\x9f\x87\xab", "flag: Burkina Faso", false},
    {"\xf0\x9f\x87\xa7\xf0\x9f\x87\xac", "flag: Bulgaria", false},
    {"\xf0\x9f\x87\xa7\xf0\x9f\x87\xad", "flag: Bahrain", false},
    {"\xf0\x9f\x87\xa7\xf0\x9f\x87\xae", "flag: Burundi", false},
    {"\xf0\x9f\x87\xa7\xf0\x9f\x87\xaf", "flag: Benin", false},
    {"\xf0\x9f\x87\xa7\xf0\x9f\x87\xb1", "flag: St. Barthélemy", false},
    {"\xf0\x9f\x87\xa7\xf0\x9f\x87\xb2", "flag: Bermuda", false},
    {"\xf0\x9f\x87\xa7\xf0\x9f\x87\xb3", "flag: Brunei", false},
    {"\xf0\x9f\x87\xa7\xf0\x9f\x87\xb4", "flag: Bolivia", false},
    {"\xf0\x9f\x87\xa7\xf0\x9f\x87\xb6", "flag: Caribbean Netherlands", false},
    {"\xf0\x9f\x87\xa7\xf0\x9f\x87\xb7", "flag: Brazil", false},
    {"\xf0\x9f\x87\xa7\xf0\x9f\x87\xb8", "flag: Bahamas", false},
    {"\xf0\x9f\x87\xa7\xf0\x9f\x87\xb9", "flag: Bhutan", false},
    {"\xf0\x9f\x87\xa7\xf0\x9f\x87\xbb", "flag: Bouvet Island", false},
    {"\xf0\x9f\x87\xa7\xf0\x9f\x87\xbc", "flag: Botswana", false},
    {"\xf0\x9f\x87\xa7\xf0\x9f\x87\xbe", "flag: Belarus", false},
    {"\xf0\x9f\x87\xa7\xf0\x9f\x87\xbf", "flag: Belize", false},
    {"\xf0\x9f\x87\xa8\xf0\x9f\x87\xa6", "flag: Canada", false},
    {"\xf0\x9f\x87\xa8\xf0\x9f\x87\xa8", "flag: Cocos (Keeling) Islands", false},
    {"\xf0\x9f\x87\xa8\xf0\x9f\x87\xa9", "flag: Congo - Kinshasa", false},
    {"\xf0\x9f\x87\xa8\xf0\x9f\x87\xab", "flag: Central African Republic", false},
    {"\xf0\x9f\x87\xa8\xf0\x9f\x87\xac", "flag: Congo - Brazzaville", false},
    {"\xf0\x9f\x87\xa8\xf0\x9f\x87\xad", "flag: Switzerland", false},
    {"\xf0\x9f\x87\xa8\xf0\x9f\x87\xae", "flag: Côte d’Ivoire", false},
    {"\xf0\x9f\x87\xa8\xf0\x9f\x87\xb0", "flag: Cook Islands", false},
    {"\xf0\x9f\x87\xa8\xf0\x9f\x87\xb1", "flag: Chile", false},
    {"\xf0\x9f\x87\xa8\xf0\x9f\x87\xb2", "flag: Cameroon", false},
    {"\xf0\x9f\x87\xa8\xf0\x9f\x87\xb3", "flag: China", false},
    {"\xf0\x9f\x87\xa8\xf0\x9f\x87\xb4", "flag: Colombia", false},
    {"\xf0\x9f\x87\xa8\xf0\x9f\x87\xb5", "flag: Clipperton Island", false},
    {"\xf0\x9f\x87\xa8\xf0\x9f\x87\xb6", "flag: Sark", false},
    {"\xf0\x9f\x87\xa8\xf0\x9f\x87\xb7", "flag: Costa Rica", false},
    {"\xf0\x9f\x87\xa8\xf0\x9f\x87\xba", "flag: Cuba", false},
    {"\xf0\x9f\x87\xa8\xf0\x9f\x87\xbb", "flag: Cape Verde", false},
    {"\xf0\x9f\x87\xa8\xf0\x9f\x87\xbc", "flag: Curaçao", false},
    {"\xf0\x9f\x87\xa8\xf0\x9f\x87\xbd", "flag: Christmas Island", false},
    {"\xf0\x9f\x87\xa8\xf0\x9f\x87\xbe", "flag: Cyprus", false},
    {"\xf0\x9f\x87\xa8\xf0\x9f\x87\xbf", "flag: Czechia", false},
    {"\xf0\x9f\x87\xa9\xf0\x9f\x87\xaa", "flag: Germany", false},
    {"\xf0\x9f\x87\xa9\xf0\x9f\x87\xac", "flag: Diego Garcia", false},
    {"\xf0\x9f\x87\xa9\xf0\x9f\x87\xaf", "flag: Djibouti", false},
    {"\xf0\x9f\x87\xa9\xf0\x9f\x87\xb0", "flag: Denmark", false},
    {"\xf0\x9f\x87\xa9\xf0\x9f\x87\xb2", "flag: Dominica", false},
    {"\xf0\x9f\x87\xa9\xf0\x9f\x87\xb4", "flag: Dominican Republic", false},
    {"\xf0\x9f\x87\xa9\xf0\x9f\x87\xbf", "flag: Algeria", false},
    {"\xf0\x9f\x87\xaa\xf0\x9f\x87\xa6", "flag: Ceuta & Melilla", false},
    {"\xf0\x9f\x87\xaa\xf0\x9f\x87\xa8", "flag: Ecuador", false},
    {"\xf0\x9f\x87\xaa\xf0\x9f\x87\xaa", "flag: Estonia", false},
    {"\xf0\x9f\x87\xaa\xf0\x9f\x87\xac", "flag: Egypt", false},
    {"\xf0\x9f\x87\xaa\xf0\x9f\x87\xad", "flag: Western Sahara", false},
    {"\xf0\x9f\x87\xaa\xf0\x9f\x87\xb7", "flag: Eritrea", false},
    {"\xf0\x9f\x87\xaa\xf0\x9f\x87\xb8", "flag: Spain", false},
    {"\xf0\x9f\x87\xaa\xf0\x9f\x87\xb9", "flag: Ethiopia", false},
    {"\xf0\x9f\x87\xaa\xf0\x9f\x87\xba", "flag: European Union", false},
    {"\xf0\x9f\x87\xab\xf0\x9f\x87\xae", "flag: Finland", false},
    {"\xf0\x9f\x87\xab\xf0\x9f\x87\xaf", "flag: Fiji", false},
    {"\xf0\x9f\x87\xab\xf0\x9f\x87\xb0", "flag: Falkland Islands", false},
    {"\xf0\x9f\x87\xab\xf0\x9f\x87\xb2", "flag: Micronesia", false},
    {"\xf0\x9f\x87\xab\xf0\x9f\x87\xb4", "flag: Faroe Islands", false},
    {"\xf0\x9f\x87\xab\xf0\x9f\x87\xb7", "flag: France", false},
    {"\xf0\x9f\x87\xac\xf0\x9f\x87\xa6", "flag: Gabon", false},
    {"\xf0\x9f\x87\xac\xf0\x9f\x87\xa7", "flag: United Kingdom", false},
    {"\xf0\x9f\x87\xac\xf0\x9f\x87\xa9", "flag: Grenada", false},
    {"\xf0\x9f\x87\xac\xf0\x9f\x87\xaa", "flag: Georgia", false},
    {"\xf0\x9f\x87\xac\xf0\x9f\x87\xab", "flag: French Guiana", false},
    {"\xf0\x9f\x87\xac\xf0\x9f\x87\xac", "flag: Guernsey", false},
    {"\xf0\x9f\x87\xac\xf0\x9f\x87\xad", "flag: Ghana", false},
    {"\xf0\x9f\x87\xac\xf0\x9f\x87\xae", "flag: Gibraltar", false},
    {"\xf0\x9f\x87\xac\xf0\x9f\x87\xb1", "flag: Greenland", false},
    {"\xf0\x9f\x87\xac\xf0\x9f\x87\xb2", "flag: Gambia", false},
    {"\xf0\x9f\x87\xac\xf0\x9f\x87\xb3", "flag: Guinea", false},
    {"\xf0\x9f\x87\xac\xf0\x9f\x87\xb5", "flag: Guadeloupe", false},
    {"\xf0\x9f\x87\xac\xf0\x9f\x87\xb6", "flag: Equatorial Guinea", false},
    {"\xf0\x9f\x87\xac\xf0\x9f\x87\xb7", "flag: Greece", false},
    {"\xf0\x9f\x87\xac\xf0\x9f\x87\xb8", "flag: South Georgia & South Sandwich Islands", false},
    {"\xf0\x9f\x87\xac\xf0\x9f\x87\xb9", "flag: Guatemala", false},
    {"\xf0\x9f\x87\xac\xf0\x9f\x87\xba", "flag: Guam", false},
    {"\xf0\x9f\x87\xac\xf0\x9f\x87\xbc", "flag: Guinea-Bissau", false},
    {"\xf0\x9f\x87\xac\xf0\x9f\x87\xbe", "flag: Guyana", false},
    {"\xf0\x9f\x87\xad\xf0\x9f\x87\xb0", "flag: Hong Kong SAR China", false},
    {"\xf0\x9f\x87\xad\xf0\x9f\x87\xb2", "flag: Heard Island & McDonald Islands", false},
    {"\xf0\x9f\x87\xad\xf0\x9f\x87\xb3", "flag: Honduras", false},
    {"\xf0\x9f\x87\xad\xf0\x9f\x87\xb7", "flag: Croatia", false},
    {"\xf0\x9f\x87\xad\xf0\x9f\x87\xb9", "flag: Haiti", false},
    {"\xf0\x9f\x87\xad\xf0\x9f\x87\xba", "flag: Hungary", false},
    {"\xf0\x9f\x87\xae\xf0\x9f\x87\xa8", "flag: Canary Islands", false},
    {"\xf0\x9f\x87\xae\xf0\x9f\x87\xa9", "flag: Indonesia", false},
    {"\xf0\x9f\x87\xae\xf0\x9f\x87\xaa", "flag: Ireland", false},
    {"\xf0\x9f\x87\xae\xf0\x9f\x87\xb1", "flag: Israel", false},
    {"\xf0\x9f\x87\xae\xf0\x9f\x87\xb2", "flag: Isle of Man", false},
    {"\xf0\x9f\x87\xae\xf0\x9f\x87\xb3", "flag: India", false},
    {"\xf0\x9f\x87\xae\xf0\x9f\x87\xb4", "flag: British Indian Ocean Territory", false},
    {"\xf0\x9f\x87\xae\xf0\x9f\x87\xb6", "flag: Iraq", false},
    {"\xf0\x9f\x87\xae\xf0\x9f\x87\xb7", "flag: Iran", false},
    {"\xf0\x9f\x87\xae\xf0\x9f\x87\xb8", "flag: Iceland", false},
    {"\xf0\x9f\x87\xae\xf0\x9f\x87\xb9", "flag: Italy", false},
    {"\xf0\x9f\x87\xaf\xf0\x9f\x87\xaa", "flag: Jersey", false},
    {"\xf0\x9f\x87\xaf\xf0\x9f\x87\xb2", "flag: Jamaica", false},
    {"\xf0\x9f\x87\xaf\xf0\x9f\x87\xb4", "flag: Jordan", false},
    {"\xf0\x9f\x87\xaf\xf0\x9f\x87\xb5", "flag: Japan", false},
    {"\xf0\x9f\x87\xb0\xf0\x9f\x87\xaa", "flag: Kenya", false},
    {"\xf0\x9f\x87\xb0\xf0\x9f\x87\xac", "flag: Kyrgyzstan", false},
    {"\xf0\x9f\x87\xb0\xf0\x9f\x87\xad", "flag: Cambodia", false},
    {"\xf0\x9f\x87\xb0\xf0\x9f\x87\xae", "flag: Kiribati", false},
    {"\xf0\x9f\x87\xb0\xf0\x9f\x87\xb2", "flag: Comoros", false},
    {"\xf0\x9f\x87\xb0\xf0\x9f\x87\xb3", "flag: St. Kitts & Nevis", false},
    {"\xf0\x9f\x87\xb0\xf0\x9f\x87\xb5", "flag: North Korea", false},
    {"\xf0\x9f\x87\xb0\xf0\x9f\x87\xb7", "flag: South Korea", false},
    {"\xf0\x9f\x87\xb0\xf0\x9f\x87\xbc", "flag: Kuwait", false},
    {"\xf0\x9f\x87\xb0\xf0\x9f\x87\xbe", "flag: Cayman Islands", false},
    {"\xf0\x9f\x87\xb0\xf0\x9f\x87\xbf", "flag: Kazakhstan", false},
    {"\xf0\x9f\x87\xb1\xf0\x9f\x87\xa6", "flag: Laos", false},
    {"\xf0\x9f\x87\xb1\xf0\x9f\x87\xa7", "flag: Lebanon", false},
    {"\xf0\x9f\x87\xb1\xf0\x9f\x87\xa8", "flag: St. Lucia", false},
    {"\xf0\x9f\x87\xb1\xf0\x9f\x87\xae", "flag: Liechtenstein", false},
    {"\xf0\x9f\x87\xb1\xf0\x9f\x87\xb0", "flag: Sri Lanka", false},
    {"\xf0\x9f\x87\xb1\xf0\x9f\x87\xb7", "flag: Liberia", false},
    {"\xf0\x9f\x87\xb1\xf0\x9f\x87\xb8", "flag: Lesotho", false},
    {"\xf0\x9f\x87\xb1\xf0\x9f\x87\xb9", "flag: Lithuania", false},
    {"\xf0\x9f\x87\xb1\xf0\x9f\x87\xba", "flag: Luxembourg", false},
    {"\xf0\x9f\x87\xb1\xf0\x9f\x87\xbb", "flag: Latvia", false},
    {"\xf0\x9f\x87\xb1\xf0\x9f\x87\xbe", "flag: Libya", false},
    {"\xf0\x9f\x87\xb2\xf0\x9f\x87\xa6", "flag: Morocco", false},
    {"\xf0\x9f\x87\xb2\xf0\x9f\x87\xa8", "flag: Monaco", false},
    {"\xf0\x9f\x87\xb2\xf0\x9f\x87\xa9", "flag: Moldova", false},
    {"\xf0\x9f\x87\xb2\xf0\x9f\x87\xaa", "flag: Montenegro", false},
    {"\xf0\x9f\x87\xb2\xf0\x9f\x87\xab", "flag: St. Martin", false},
    {"\xf0\x9f\x87\xb2\xf0\x9f\x87\xac", "flag: Madagascar", false},
    {"\xf0\x9f\x87\xb2\xf0\x9f\x87\xad", "flag: Marshall Islands", false},
    {"\xf0\x9f\x87\xb2\xf0\x9f\x87\xb0", "flag: North Macedonia", false},
    {"\xf0\x9f\x87\xb2\xf0\x9f\x87\xb1", "flag: Mali", false},
    {"\xf0\x9f\x87\xb2\xf0\x9f\x87\xb2", "flag: Myanmar (Burma)", false},
    {"\xf0\x9f\x87\xb2\xf0\x9f\x87\xb3", "flag: Mongolia", false},
    {"\xf0\x9f\x87\xb2\xf0\x9f\x87\xb4", "flag: Macao SAR China", false},
    {"\xf0\x9f\x87\xb2\xf0\x9f\x87\xb5", "flag: Northern Mariana Islands", false},
    {"\xf0\x9f\x87\xb2\xf0\x9f\x87\xb6", "flag: Martinique", false},
    {"\xf0\x9f\x87\xb2\xf0\x9f\x87\xb7", "flag: Mauritania", false},
    {"\xf0\x9f\x87\xb2\xf0\x9f\x87\xb8", "flag: Montserrat", false},
    {"\xf0\x9f\x87\xb2\xf0\x9f\x87\xb9", "flag: Malta", false},
    {"\xf0\x9f\x87\xb2\xf0\x9f\x87\xba", "flag: Mauritius", false},
    {"\xf0\x9f\x87\xb2\xf0\x9f\x87\xbb", "flag: Maldives", false},
    {"\xf0\x9f\x87\xb2\xf0\x9f\x87\xbc", "flag: Malawi", false},
    {"\xf0\x9f\x87\xb2\xf0\x9f\x87\xbd", "flag: Mexico", false},
    {"\xf0\x9f\x87\xb2\xf0\x9f\x87\xbe", "flag: Malaysia", false},
    {"\xf0\x9f\x87\xb2\xf0\x9f\x87\xbf", "flag: Mozambique", false},
    {"\xf0\x9f\x87\xb3\xf0\x9f\x87\xa6", "flag: Namibia", false},
    {"\xf0\x9f\x87\xb3\xf0\x9f\x87\xa8", "flag: New Caledonia", false},
    {"\xf0\x9f\x87\xb3\xf0\x9f\x87\xaa", "flag: Niger", false},
    {"\xf0\x9f\x87\xb3\xf0\x9f\x87\xab", "flag: Norfolk Island", false},
    {"\xf0\x9f\x87\xb3\xf0\x9f\x87\xac", "flag: Nigeria", false},
    {"\xf0\x9f\x87\xb3\xf0\x9f\x87\xae", "flag: Nicaragua", false},
    {"\xf0\x9f\x87\xb3\xf0\x9f\x87\xb1", "flag: Netherlands", false},
    {"\xf0\x9f\x87\xb3\xf0\x9f\x87\xb4", "flag: Norway", false},
    {"\xf0\x9f\x87\xb3\xf0\x9f\x87\xb5", "flag: Nepal", false},
    {"\xf0\x9f\x87\xb3\xf0\x9f\x87\xb7", "flag: Nauru", false},
    {"\xf0\x9f\x87\xb3\xf0\x9f\x87\xba", "flag: Niue", false},
    {"\xf0\x9f\x87\xb3\xf0\x9f\x87\xbf", "flag: New Zealand", false},
    {"\xf0\x9f\x87\xb4\xf0\x9f\x87\xb2", "flag: Oman", false},
    {"\xf0\x9f\x87\xb5\xf0\x9f\x87\xa6", "flag: Panama", false},
    {"\xf0\x9f\x87\xb5\xf0\x9f\x87\xaa", "flag: Peru", false},
    {"\xf0\x9f\x87\xb5\xf0\x9f\x87\xab", "flag: French Polynesia", false},
    {"\xf0\x9f\x87\xb5\xf0\x9f\x87\xac", "flag: Papua New Guinea", false},
    {"\xf0\x9f\x87\xb5\xf0\x9f\x87\xad", "flag: Philippines", false},
    {"\xf0\x9f\x87\xb5\xf0\x9f\x87\xb0", "flag: Pakistan", false},
    {"\xf0\x9f\x87\xb5\xf0\x9f\x87\xb1", "flag: Poland", false},
    {"\xf0\x9f\x87\xb5\xf0\x9f\x87\xb2", "flag: St. Pierre & Miquelon", false},
    {"\xf0\x9f\x87\xb5\xf0\x9f\x87\xb3", "flag: Pitcairn Islands", false},
    {"\xf0\x9f\x87\xb5\xf0\x9f\x87\xb7", "flag: Puerto Rico", false},
    {"\xf0\x9f\x87\xb5\xf0\x9f\x87\xb8", "flag: Palestinian Territories", false},
    {"\xf0\x9f\x87\xb5\xf0\x9f\x87\xb9", "flag: Portugal", false},
    {"\xf0\x9f\x87\xb5\xf0\x9f\x87\xbc", "flag: Palau", false},
    {"\xf0\x9f\x87\xb5\xf0\x9f\x87\xbe", "flag: Paraguay", false},
    {"\xf0\x9f\x87\xb6\xf0\x9f\x87\xa6", "flag: Qatar", false},
    {"\xf0\x9f\x87\xb7\xf0\x9f\x87\xaa", "flag: Réunion", false},
    {"\xf0\x9f\x87\xb7\xf0\x9f\x87\xb4", "flag: Romania", false},
    {"\xf0\x9f\x87\xb7\xf0\x9f\x87\xb8", "flag: Serbia", false},
    {"\xf0\x9f\x87\xb7\xf0\x9f\x87\xba", "flag: Russia", false},
    {"\xf0\x9f\x87\xb7\xf0\x9f\x87\xbc", "flag: Rwanda", false},
    {"\xf0\x9f\x87\xb8\xf0\x9f\x87\xa6", "flag: Saudi Arabia", false},
    {"\xf0\x9f\x87\xb8\xf0\x9f\x87\xa7", "flag: Solomon Islands", false},
    {"\xf0\x9f\x87\xb8\xf0\x9f\x87\xa8", "flag: Seychelles", false},
    {"\xf0\x9f\x87\xb8\xf0\x9f\x87\xa9", "flag: Sudan", false},
    {"\xf0\x9f\x87\xb8\xf0\x9f\x87\xaa", "flag: Sweden", false},
    {"\xf0\x9f\x87\xb8\xf0\x9f\x87\xac", "flag: Singapore", false},
    {"\xf0\x9f\x87\xb8\xf0\x9f\x87\xad", "flag: St. Helena, Ascension & Tristan da Cunha", false},
    {"\xf0\x9f\x87\xb8\xf0\x9f\x87\xae", "flag: Slovenia", false},
    {"\xf0\x9f\x87\xb8\xf0\x9f\x87\xaf", "flag: Svalbard & Jan Mayen", false},
    {"\xf0\x9f\x87\xb8\xf0\x9f\x87\xb0", "flag: Slovakia", false},
    {"\xf0\x9f\x87\xb8\xf0\x9f\x87\xb1", "flag: Sierra Leone", false},
    {"\xf0\x9f\x87\xb8\xf0\x9f\x87\xb2", "flag: San Marino", false},
    {"\xf0\x9f\x87\xb8\xf0\x9f\x87\xb3", "flag: Senegal", false},
    {"\xf0\x9f\x87\xb8\xf0\x9f\x87\xb4", "flag: Somalia", false},
    {"\xf0\x9f\x87\xb8\xf0\x9f\x87\xb7", "flag: Suriname", false},
    {"\xf0\x9f\x87\xb8\xf0\x9f\x87\xb8", "flag: South Sudan", false},
    {"\xf0\x9f\x87\xb8\xf0\x9f\x87\xb9", "flag: São Tomé & Príncipe", false},
    {"\xf0\x9f\x87\xb8\xf0\x9f\x87\xbb", "flag: El Salvador", false},
    {"\xf0\x9f\x87\xb8\xf0\x9f\x87\xbd", "flag: Sint Maarten", false},
    {"\xf0\x9f\x87\xb8\xf0\x9f\x87\xbe", "flag: Syria", false},
    {"\xf0\x9f\x87\xb8\xf0\x9f\x87\xbf", "flag: Eswatini", false},
    {"\xf0\x9f\x87\xb9\xf0\x9f\x87\xa6", "flag: Tristan da Cunha", false},
    {"\xf0\x9f\x87\xb9\xf0\x9f\x87\xa8", "flag: Turks & Caicos Islands", false},
    {"\xf0\x9f\x87\xb9\xf0\x9f\x87\xa9", "flag: Chad", false},
    {"\xf0\x9f\x87\xb9\xf0\x9f\x87\xab", "flag: French Southern and Antarctic Lands", false},
    {"\xf0\x9f\x87\xb9\xf0\x9f\x87\xac", "flag: Togo", false},
    {"\xf0\x9f\x87\xb9\xf0\x9f\x87\xad", "flag: Thailand", false},
    {"\xf0\x9f\x87\xb9\xf0\x9f\x87\xaf", "flag: Tajikistan", false},
    {"\xf0\x9f\x87\xb9\xf0\x9f\x87\xb0", "flag: Tokelau", false},
    {"\xf0\x9f\x87\xb9\xf0\x9f\x87\xb1", "flag: Timor-Leste", false},
    {"\xf0\x9f\x87\xb9\xf0\x9f\x87\xb2", "flag: Turkmenistan", false},
    {"\xf0\x9f\x87\xb9\xf0\x9f\x87\xb3", "flag: Tunisia", false},
    {"\xf0\x9f\x87\xb9\xf0\x9f\x87\xb4", "flag: Tonga", false},
    {"\xf0\x9f\x87\xb9\xf0\x9f\x87\xb7", "flag: Türkiye", false},
    {"\xf0\x9f\x87\xb9\xf0\x9f\x87\xb9", "flag: Trinidad & Tobago", false},
    {"\xf0\x9f\x87\xb9\xf0\x9f\x87\xbb", "flag: Tuvalu", false},
    {"\xf0\x9f\x87\xb9\xf0\x9f\x87\xbc", "flag: Taiwan", false},
    {"\xf0\x9f\x87\xb9\xf0\x9f\x87\xbf", "flag: Tanzania", false},
    {"\xf0\x9f\x87\xba\xf0\x9f\x87\xa6", "flag: Ukraine", false},
    {"\xf0\x9f\x87\xba\xf0\x9f\x87\xac", "flag: Uganda", false},
    {"\xf0\x9f\x87\xba\xf0\x9f\x87\xb2", "flag: U.S. Outlying Islands", false},
    {"\xf0\x9f\x87\xba\xf0\x9f\x87\xb3", "flag: United Nations", false},
    {"\xf0\x9f\x87\xba\xf0\x9f\x87\xb8", "flag: United States", false},
    {"\xf0\x9f\x87\xba\xf0\x9f\x87\xbe", "flag: Uruguay", false},
    {"\xf0\x9f\x87\xba\xf0\x9f\x87\xbf", "flag: Uzbekistan", false},
    {"\xf0\x9f\x87\xbb\xf0\x9f\x87\xa6", "flag: Vatican City", false},
    {"\xf0\x9f\x87\xbb\xf0\x9f\x87\xa8", "flag: St. Vincent & Grenadines", false},
    {"\xf0\x9f\x87\xbb\xf0\x9f\x87\xaa", "flag: Venezuela", false},
    {"\xf0\x9f\x87\xbb\xf0\x9f\x87\xac", "flag: British Virgin Islands", false},
    {"\xf0\x9f\x87\xbb\xf0\x9f\x87\xae", "flag: U.S. Virgin Islands", false},
    {"\xf0\x9f\x87\xbb\xf0\x9f\x87\xb3", "flag: Vietnam", false},
    {"\xf0\x9f\x87\xbb\xf0\x9f\x87\xba", "flag: Vanuatu", false},
    {"\xf0\x9f\x87\xbc\xf0\x9f\x87\xab", "flag: Wallis & Futuna", false},
    {"\xf0\x9f\x87\xbc\xf0\x9f\x87\xb8", "flag: Samoa", false},
    {"\xf0\x9f\x87\xbd\xf0\x9f\x87\xb0", "flag: Kosovo", false},
    {"\xf0\x9f\x87\xbe\xf0\x9f\x87\xaa", "flag: Yemen", false},
    {"\xf0\x9f\x87\xbe\xf0\x9f\x87\xb9", "flag: Mayotte", false},
    {"\xf0\x9f\x87\xbf\xf0\x9f\x87\xa6", "flag: South Africa", false},
    {"\xf0\x9f\x87\xbf\xf0\x9f\x87\xb2", "flag: Zambia", false},
    {"\xf0\x9f\x87\xbf\xf0\x9f\x87\xbc", "flag: Zimbabwe", false},
    {"\xf0\x9f\x8f\xb4\xf3\xa0\x81\xa7\xf3\xa0\x81\xa2\xf3\xa0\x81\xa5\xf3\xa0\x81\xae\xf3\xa0\x81\xa7\xf3\xa0\x81\xbf", "flag: England", false},
    {"\xf0\x9f\x8f\xb4\xf3\xa0\x81\xa7\xf3\xa0\x81\xa2\xf3\xa0\x81\xb3\xf3\xa0\x81\xa3\xf3\xa0\x81\xb4\xf3\xa0\x81\xbf", "flag: Scotland", false},
    {"\xf0\x9f\x8f\xb4\xf3\xa0\x81\xa7\xf3\xa0\x81\xa2\xf3\xa0\x81\xb7\xf3\xa0\x81\xac\xf3\xa0\x81\xb3\xf3\xa0\x81\xbf", "flag: Wales", false},
};

inline constexpr emoji_group emoji_groups[] = {
    {"Smileys & Emotion", emoji_group_0},
    {"People & Body", emoji_group_1},
    {"Animals & Nature", emoji_group_2},
    {"Food & Drink", emoji_group_3},
    {"Travel & Places", emoji_group_4},
    {"Activities", emoji_group_5},
    {"Objects", emoji_group_6},
    {"Symbols", emoji_group_7},
    {"Flags", emoji_group_8},
};

}  // namespace mux::logic
